Player,Country,DG Rank,OWGR,SG Total,SG OTT,SG APP,SG ARG,SG PUTT,Driving Dist,Driving Acc,Course Fit,Form,History,Points,Win Prob,Top 5 Prob,Top 10 Prob
Xander Schauffele,USA,7,10,1.87,0.866,0.743,0.081,0.18,13.655,0.021,,,,,0.0809,0.2658,0.4193
Collin Morikawa,USA,8,11,1.519,0.516,0.702,0.016,0.284,-1.165,0.086,,,,,0.0483,0.1936,0.3295
Wyndham Clark,USA,11,5,1.482,0.211,0.48,0.314,0.477,7.598,-0.03,,,,,0.0571,0.21,0.3473
Doug Ghim,USA,35,103,1.387,0.642,0.465,0.193,0.087,3.156,0.05,,,,,0.0404,0.1744,0.3065
Justin Thomas,USA,26,27,1.384,0.288,0.37,0.512,0.214,3.443,0.008,,,,,0.0431,0.174,0.3033
Ryan Gerard,USA,23,23,1.38,0.583,0.669,0.021,0.107,4.063,0.041,,,,,0.0367,0.1615,0.2928
Hideki Matsuyama,JPN,16,26,1.257,0.214,0.606,0.351,0.085,-1.597,0.034,,,,,0.0404,0.1715,0.3019
Jacob Bridgeman,USA,15,20,1.248,0.223,0.39,0.073,0.561,0.464,0.032,,,,,0.032,0.1466,0.2708
Min Woo Lee,AUS,42,31,1.208,0.408,0.288,0.246,0.265,14.76,-0.02,,,,,0.0354,0.1531,0.2733
Adam Scott,AUS,21,45,1.206,0.48,0.73,0.016,-0.021,5.488,0.011,,,,,0.0322,0.1451,0.2658
Kurt Kitayama,USA,27,41,1.171,0.469,0.691,0.025,-0.015,9.186,0.001,,,,,0.0271,0.1244,0.2308
Maverick McNealy,USA,25,49,1.159,0.241,0.132,0.315,0.471,5.843,-0.018,,,,,0.0323,0.1441,0.2629
Michael Thorbjornsen,USA,46,40,1.133,0.561,0.417,0.147,0.008,8.843,0.024,,,,,0.0237,0.1106,0.2128
Keegan Bradley,USA,40,51,0.976,0.302,0.52,0.183,-0.029,6.446,0.003,,,,,0.0189,0.0979,0.1938
Michael Brennan,USA,30,33,0.944,0.704,0.298,-0.264,0.206,17.206,-0.02,,,,,0.0252,0.1181,0.2226
Sungjae Im,KOR,47,61,0.933,0.233,-0.07,0.307,0.462,-0.973,0.025,,,,,0.0236,0.1166,0.2225
Matt Wallace,ENG,32,54,0.914,0.19,0.568,0.239,-0.083,1.242,0.009,,,,,0.0198,0.1044,0.2076
Rickie Fowler,USA,36,48,0.793,0.313,0.371,-0.062,0.171,-0.489,0.045,,,,,0.0136,0.0775,0.1633
Alex Smalley,USA,52,46,0.783,0.158,0.593,0.009,0.023,1.125,0.021,,,,,0.0132,0.0732,0.1539
Johnny Keefer,USA,68,62,0.773,0.458,0.373,-0.073,0.015,12.342,-0.019,,,,,0.0194,0.0996,0.1953
Keith Mitchell,USA,51,76,0.769,0.577,0.241,-0.021,-0.029,10.985,-0.017,,,,,0.0135,0.0717,0.1481
Kevin Yu,TPE,60,107,0.743,0.34,0.256,-0.018,0.165,6.616,0.001,,,,,0.0181,0.098,0.1939
Jordan Spieth,USA,58,60,0.709,0.158,0.291,0.085,0.175,5.666,-0.021,,,,,0.0111,0.0654,0.1392
Brian Harman,USA,55,68,0.675,-0.019,0.449,0.157,0.089,-7.702,0.047,,,,,0.0092,0.0577,0.1245
Michael Kim,USA,56,64,0.644,-0.124,0.321,0.065,0.381,-1.586,-0.02,,,,,0.0115,0.0674,0.1412
Zach Bauchou,USA,71,151,0.625,0.148,0.267,0.057,0.154,-1.744,0.008,,,,,0.0133,0.0757,0.1574
Ryo Hisatsune,JPN,89,70,0.619,0.344,0.42,-0.023,-0.121,2.566,0.027,,,,,0.015,0.0838,0.1718
Keita Nakajima,JPN,95,99,0.607,0.416,0.076,-0.044,0.16,4.269,0.028,,,,,0.0132,0.0756,0.1584
Jackson Suber,USA,73,96,0.599,0.24,0.444,0.038,-0.124,2.996,-0.002,,,,,0.0152,0.0808,0.1635
Steven Fisk,USA,127,75,0.553,0.401,0.016,0.048,0.089,7.723,0.001,,,,,0.0121,0.0697,0.1487
Ricky Castillo,USA,70,83,0.49,0.14,0.021,0.119,0.209,3.731,-0.006,,,,,0.0074,0.0491,0.1093
Max Homa,USA,67,78,0.485,0.12,0.06,0.007,0.297,3.69,-0.024,,,,,0.0126,0.0697,0.1479
Kristoffer Ventura,NOR,122,194,0.455,0.504,0.084,-0.05,-0.083,7.537,0.011,,,,,0.0118,0.0672,0.143
Mac Meissner,USA,84,91,0.45,0.135,0.183,0.128,0.003,1.512,0.004,,,,,0.0084,0.0537,0.1212
Davis Thompson,USA,77,130,0.413,0.289,0.396,-0.061,-0.211,3.605,0.014,,,,,0.0099,0.0583,0.1278
Jordan Smith,ENG,72,73,0.413,0.362,0.135,-0.091,0.008,3.679,0.044,,,,,0.0106,0.063,0.1361
Ben Kohles,USA,59,93,0.384,0.064,0.351,0.025,-0.056,-11.152,0.101,,,,,0.006,0.0468,0.1122
Sahith Theegala,USA,108,90,0.351,-0.029,0.291,0.035,0.053,4.292,-0.031,,,,,0.006,0.0403,0.092
Max Greyserman,USA,104,95,0.328,0.026,-0.165,0.143,0.325,8.117,-0.063,,,,,0.0094,0.0572,0.1232
Rasmus Neergaard-Petersen,DEN,101,77,0.295,0.181,0.108,-0.022,0.028,1.843,0.025,,,,,0.0056,0.0388,0.0909
Kevin Roy,USA,99,113,0.292,0.141,-0.053,0.067,0.138,0.863,0.019,,,,,0.0075,0.0491,0.1118
Christiaan Bezuidenhout,RSA,74,109,0.291,-0.483,0.205,0.22,0.349,-10.675,0.014,,,,,0.0057,0.041,0.1018
Lee Hodges,USA,113,137,0.277,0.166,0.171,-0.096,0.036,-5.497,0.062,,,,,0.0065,0.0465,0.1085
Nick Taylor,CAN,85,88,0.257,-0.21,-0.103,0.307,0.263,-7.614,0.027,,,,,0.0048,0.04,0.0989
Beau Hossler,USA,107,98,0.255,-0.107,-0.169,0.172,0.358,-0.748,-0.015,,,,,0.0074,0.0485,0.1101
Pierceson Coody,USA,135,71,0.244,0.32,-0.101,-0.099,0.124,11.06,-0.025,,,,,0.0074,0.0464,0.1034
John Parry,ENG,117,106,0.226,0.092,0.26,0.082,-0.208,-6.158,0.041,,,,,0.0057,0.0406,0.0976
Stephan Jaeger,GER,139,127,0.197,-0.487,0.171,0.304,0.209,4.536,-0.086,,,,,0.0079,0.0471,0.1062
Matt McCarty,USA,103,80,0.126,-0.02,0.016,-0.184,0.315,-4.688,0.021,,,,,0.0052,0.0369,0.0875
Taylor Moore,USA,192,188,0.119,0.138,-0.284,0.123,0.142,6.385,-0.037,,,,,0.0066,0.0433,0.0988
Taylor Pendrith,CAN,161,110,0.11,0.226,0.069,0.001,-0.186,8.888,-0.034,,,,,0.0034,0.0282,0.0703
Billy Horschel,USA,83,157,0.106,-0.133,0.129,-0.082,0.193,-2.866,-0.007,,,,,0.0065,0.0423,0.0976
Denny McCarthy,USA,106,104,0.071,-0.362,-0.131,0.034,0.529,-6.657,-0.016,,,,,0.0035,0.0278,0.0718
Takumi Kanaya,JPN,173,187,0.035,-0.137,-0.349,0.256,0.264,-10.007,0.058,,,,,0.0046,0.0354,0.0892
Chandler Phillips,USA,166,143,-0.05,-0.07,-0.358,0.298,0.079,-3.952,0.014,,,,,0.0039,0.0271,0.0684
Nico Echavarria,COL,126,63,-0.102,-0.277,-0.062,-0.027,0.264,-5.598,0.003,,,,,0.0033,0.0261,0.0645
Patrick Rodgers,USA,198,125,-0.176,-0.159,-0.306,0.03,0.259,3.341,-0.046,,,,,0.0033,0.0236,0.0595
Tony Finau,USA,228,158,-0.196,-0.106,-0.086,0.223,-0.228,8.178,-0.062,,,,,0.004,0.0255,0.061
Andrew Putnam,USA,153,116,-0.246,-0.792,0.044,0.239,0.262,-22.472,0.063,,,,,0.0014,0.0164,0.0463
Aldrich Potgieter,RSA,259,94,-0.256,0.428,-0.26,-0.315,-0.108,23.001,-0.075,,,,,0.0044,0.0283,0.0651
David Lipsky,USA,216,136,-0.407,-0.414,-0.151,0.181,-0.022,-9.999,0.023,,,,,0.0016,0.0153,0.042
Tom Hoge,USA,194,148,-0.438,-0.412,0.207,-0.076,-0.156,-7.583,-0.006,,,,,0.0014,0.0149,0.0406
Jinichiro Kozuma,JPN,311,440,-0.589,-0.395,-0.2,0.081,-0.076,-3.182,-0.029,,,,,0.0025,0.0181,0.0481
Aguri Iwasaki,JPN,435,377,,,,,,,,,,,,0.0009,0.0107,0.0305
Hiroshi Iwata,JPN,353,280,,,,,,,,,,,,0.0019,0.015,0.0401
Koshin Nagasaki,JPN,,,,,,,,,,,,,,0.0,0.0005,0.0018
Kosuke Sunagawa,JPN,,369,,,,,,,,,,,,0.0008,0.0069,0.0198
Ren Yonezawa,JPN,496,319,,,,,,,,,,,,0.0005,0.0053,0.0165
Sang-hee Lee,KOR,273,260,,,,,,,,,,,,0.0016,0.0141,0.0393
Tomohiro Ishizaka,JPN,,379,,,,,,,,,,,,0.0004,0.004,0.0136
Yoshinori Fujimoto,JPN,,398,,,,,,,,,,,,0.0004,0.0054,0.0161
Yusaku Hosono,JPN,296,266,,,,,,,,,,,,0.0021,0.0178,0.0473
