275,281,59.6,5958
275,186,60.0,5999
275,1307,73.5,7354
275,4516,49.3,4933
275,267,57.8,5781
275,1163,60.6,6064
275,4362,51.4,5139
275,229,55.9,5586
275,946,51.8,5181
275,295,48.3,4826
275,221,46.7,4668
275,265,43.4,4335
275,201,54.3,5434
275,198,57.8,5782
275,1218,61.0,6103
275,961,61.5,6148
275,227,66.2,6616
275,257,45.9,4585
275,1169,48.2,4823
275,273,55.5,5545
275,1554,49.0,4904
275,65,53.7,5374
275,251,67.5,6755
275,4431,53.1,5312
275,1699,64.2,6423
275,1528,51.3,5131
275,289,44.1,4414
275,1078,55.3,5532
275,4607,55.4,5541
275,1044,48.9,4892
275,179,49.4,4940
275,217,37.7,3773
275,261,63.4,6340
275,1148,72.4,7238
275,4383,54.2,5424
275,235,57.3,5727
275,4728,55.6,5561
275,1037,59.2,5925
275,4363,53.6,5358
275,1690,63.7,6368
275,285,60.4,6040
275,211,59.7,5967
275,1719,66.6,6664
275,194,46.0,4597
275,1130,79.0,7899
275,77,76.3,7635
275,1479,52.9,5291
275,942,60.6,6064
275,253,48.9,4889
275,1693,39.6,3962
275,231,43.6,4361
275,1728,48.0,4795
275,1535,50.6,5062
275,1002,62.2,6219
275,287,59.1,5913
275,190,30.0,2997
275,1172,72.0,7199
275,1696,26.6,2662
275,283,72.9,7289
275,1563,50.7,5072
275,245,44.0,4404
275,4800,66.9,6688
275,241,57.1,5712
275,1041,41.2,4125
275,1684,36.1,3611
275,239,45.4,4539
275,196,40.6,4063
275,279,48.8,4883
281,275,40.4,4042
281,186,50.4,5042
281,1307,65.0,6505
281,4516,39.8,3977
281,267,48.2,4819
281,1163,51.1,5110
281,4362,41.8,4177
281,229,46.2,4621
281,946,42.2,4219
281,295,38.7,3874
281,221,37.2,3723
281,265,34.1,3409
281,201,44.7,4469
281,198,48.2,4820
281,1218,51.5,5150
281,961,52.0,5197
281,227,56.9,5692
281,257,36.4,3644
281,1169,38.7,3871
281,273,45.8,4581
281,1554,39.5,3949
281,65,44.1,4409
281,251,58.4,5842
281,4431,43.5,4348
281,1699,54.9,5486
281,1528,41.7,4170
281,289,34.8,3483
281,1078,45.7,4567
281,4607,45.8,4577
281,1044,39.4,3938
281,179,39.8,3983
281,217,28.9,2895
281,261,54.0,5398
281,1148,63.8,6375
281,4383,44.6,4459
281,235,47.6,4764
281,4728,46.0,4596
281,1037,49.7,4966
281,4363,43.9,4394
281,1690,54.3,5428
281,285,50.9,5085
281,211,50.1,5009
281,1719,57.4,5744
281,194,36.6,3656
281,1130,71.3,7135
281,77,68.3,6826
281,1479,43.3,4327
281,942,51.1,5110
281,253,39.4,3935
281,1693,30.6,3065
281,231,34.3,3433
281,1728,38.4,3844
281,1535,41.0,4103
281,1002,52.7,5271
281,287,49.5,4954
281,190,22.1,2213
281,1172,63.3,6331
281,1696,19.3,1930
281,283,64.3,6431
281,1563,41.1,4112
281,245,34.7,3473
281,4800,57.7,5769
281,241,47.5,4749
281,1041,32.1,3215
281,1684,27.5,2749
281,239,36.0,3601
281,196,31.6,3158
281,279,39.3,3929
186,275,40.0,4001
186,281,49.6,4958
186,1307,64.7,6465
186,4516,39.4,3936
186,267,47.8,4776
186,1163,50.7,5067
186,4362,41.4,4136
186,229,45.8,4579
186,946,41.8,4178
186,295,38.3,3833
186,221,36.8,3683
186,265,33.7,3370
186,201,44.3,4427
186,198,47.8,4778
186,1218,51.1,5108
186,961,51.5,5155
186,227,56.5,5650
186,257,36.0,3604
186,1169,38.3,3830
186,273,45.4,4539
186,1554,39.1,3908
186,65,43.7,4367
186,251,58.0,5801
186,4431,43.1,4307
186,1699,54.4,5444
186,1528,41.3,4129
186,289,34.4,3444
186,1078,45.2,4525
186,4607,45.4,4535
186,1044,39.0,3897
186,179,39.4,3943
186,217,28.6,2858
186,261,53.6,5356
186,1148,63.4,6335
186,4383,44.2,4417
186,235,47.2,4721
186,4728,45.5,4554
186,1037,49.2,4924
186,4363,43.5,4352
186,1690,53.9,5386
186,285,50.4,5042
186,211,49.7,4967
186,1719,57.0,5702
186,194,36.2,3616
186,1130,71.0,7099
186,77,67.9,6789
186,1479,42.9,4285
186,942,50.7,5067
186,253,38.9,3894
186,1693,30.3,3028
186,231,33.9,3394
186,1728,38.0,3804
186,1535,40.6,4062
186,1002,52.3,5229
186,287,49.1,4912
186,190,21.8,2182
186,1172,62.9,6291
186,1696,19.0,1901
186,283,63.9,6392
186,1563,40.7,4071
186,245,34.3,3434
186,4800,57.3,5728
186,241,47.1,4707
186,1041,31.8,3177
186,1684,27.1,2714
186,239,35.6,3561
186,196,31.2,3120
186,279,38.9,3888
1307,275,26.5,2646
1307,281,35.0,3495
1307,186,35.4,3535
1307,4516,25.9,2592
1307,267,33.3,3328
1307,1163,36.0,3597
1307,4362,27.6,2762
1307,229,31.5,3150
1307,946,28.0,2797
1307,295,25.1,2505
1307,221,23.8,2381
1307,265,21.3,2129
1307,201,30.1,3015
1307,198,33.3,3330
1307,1218,36.4,3636
1307,961,36.8,3680
1307,227,41.6,4160
1307,257,23.2,2317
1307,1169,25.0,2503
1307,273,31.1,3114
1307,1554,25.7,2568
1307,65,29.6,2962
1307,251,43.1,4310
1307,4431,29.1,2909
1307,1699,39.6,3957
1307,1528,27.6,2755
1307,289,21.9,2188
1307,1078,31.0,3102
1307,4607,31.1,3110
1307,1044,25.6,2559
1307,179,26.0,2597
1307,217,17.3,1732
1307,261,38.7,3872
1307,1148,48.6,4861
1307,4383,30.1,3006
1307,235,32.8,3278
1307,4728,31.3,3127
1307,1037,34.6,3464
1307,4363,29.5,2949
1307,1690,39.0,3901
1307,285,35.7,3574
1307,211,35.0,3504
1307,1719,42.1,4211
1307,194,23.3,2326
1307,1130,57.0,5703
1307,77,53.5,5353
1307,1479,28.9,2891
1307,942,36.0,3597
1307,253,25.6,2556
1307,1693,18.6,1861
1307,231,21.5,2148
1307,1728,24.8,2481
1307,1535,27.0,2698
1307,1002,37.5,3750
1307,287,34.5,3453
1307,190,12.4,1242
1307,1172,48.1,4814
1307,1696,10.5,1050
1307,283,49.2,4921
1307,1563,27.1,2706
1307,245,21.8,2180
1307,4800,42.4,4237
1307,241,32.6,3265
1307,1041,19.8,1976
1307,1684,16.2,1624
1307,239,22.8,2282
1307,196,19.3,1932
1307,279,25.5,2551
4516,275,50.7,5067
4516,281,60.2,6023
4516,186,60.6,6064
4516,1307,74.1,7408
4516,267,58.5,5847
4516,1163,61.3,6129
4516,4362,52.1,5206
4516,229,56.5,5652
4516,946,52.5,5248
4516,295,48.9,4893
4516,221,47.4,4735
4516,265,44.0,4401
4516,201,55.0,5501
4516,198,58.5,5848
4516,1218,61.7,6168
4516,961,62.1,6213
4516,227,66.8,6677
4516,257,46.5,4652
4516,1169,48.9,4890
4516,273,56.1,5612
4516,1554,49.7,4971
4516,65,54.4,5440
4516,251,68.2,6815
4516,4431,53.8,5379
4516,1699,64.9,6486
4516,1528,52.0,5198
4516,289,44.8,4481
4516,1078,56.0,5598
4516,4607,56.1,5608
4516,1044,49.6,4959
4516,179,50.1,5007
4516,217,38.4,3837
4516,261,64.0,6403
4516,1148,72.9,7294
4516,4383,54.9,5491
4516,235,57.9,5793
4516,4728,56.3,5627
4516,1037,59.9,5990
4516,4363,54.2,5425
4516,1690,64.3,6431
4516,285,61.0,6105
4516,211,60.3,6032
4516,1719,67.2,6725
4516,194,46.6,4664
4516,1130,79.5,7947
4516,77,76.9,7686
4516,1479,53.6,5358
4516,942,61.3,6129
4516,253,49.6,4956
4516,1693,40.3,4027
4516,231,44.3,4427
4516,1728,48.6,4862
4516,1535,51.3,5129
4516,1002,62.8,6283
4516,287,59.8,5978
4516,190,30.6,3056
4516,1172,72.5,7255
4516,1696,27.2,2717
4516,283,73.4,7344
4516,1563,51.4,5139
4516,245,44.7,4470
4516,4800,67.5,6749
4516,241,57.8,5778
4516,1041,41.9,4191
4516,1684,36.7,3674
4516,239,46.1,4606
4516,196,41.3,4128
4516,279,49.5,4950
267,275,42.2,4219
267,281,51.8,5181
267,186,52.2,5224
267,1307,66.7,6672
267,4516,41.5,4153
267,1163,52.9,5291
267,4362,43.6,4356
267,229,48.0,4802
267,946,44.0,4398
267,295,40.5,4049
267,221,39.0,3896
267,265,35.8,3578
267,201,46.5,4649
267,198,50.0,5002
267,1218,53.3,5331
267,961,53.8,5378
267,227,58.7,5870
267,257,38.2,3816
267,1169,40.5,4046
267,273,47.6,4761
267,1554,41.2,4125
267,65,45.9,4589
267,251,60.2,6019
267,4431,45.3,4528
267,1699,56.7,5666
267,1528,43.5,4348
267,289,36.5,3653
267,1078,47.5,4748
267,4607,47.6,4757
267,1044,41.1,4114
267,179,41.6,4160
267,217,30.5,3052
267,261,55.8,5579
267,1148,65.4,6544
267,4383,46.4,4639
267,235,49.5,4945
267,4728,47.8,4777
267,1037,51.5,5147
267,4363,45.7,4574
267,1690,56.1,5608
267,285,52.7,5266
267,211,51.9,5191
267,1719,59.2,5921
267,194,38.3,3828
267,1130,72.9,7288
267,77,69.9,6987
267,1479,45.1,4506
267,942,52.9,5291
267,253,41.1,4111
267,1693,32.3,3227
267,231,36.0,3602
267,1728,40.2,4019
267,1535,42.8,4280
267,1002,54.5,5452
267,287,51.4,5135
267,190,23.5,2351
267,1172,65.0,6501
267,1696,20.6,2057
267,283,66.0,6600
267,1563,42.9,4290
267,245,36.4,3643
267,4800,59.5,5947
267,241,49.3,4930
267,1041,33.8,3379
267,1684,29.0,2903
267,239,37.7,3772
267,196,33.2,3321
267,279,41.0,4105
1163,275,39.4,3936
1163,281,48.9,4890
1163,186,49.3,4933
1163,1307,64.0,6403
1163,4516,38.7,3871
1163,267,47.1,4709
1163,4362,40.7,4070
1163,229,45.1,4513
1163,946,41.1,4112
1163,295,37.7,3769
1163,221,36.2,3620
1163,265,33.1,3309
1163,201,43.6,4361
1163,198,47.1,4711
1163,1218,50.4,5041
1163,961,50.9,5088
1163,227,55.8,5584
1163,257,35.4,3542
1163,1169,37.7,3766
1163,273,44.7,4472
1163,1554,38.4,3844
1163,65,43.0,4301
1163,251,57.4,5735
1163,4431,42.4,4241
1163,1699,53.8,5377
1163,1528,40.6,4063
1163,289,33.8,3383
1163,1078,44.6,4458
1163,4607,44.7,4468
1163,1044,38.3,3833
1163,179,38.8,3878
1163,217,28.0,2801
1163,261,52.9,5289
1163,1148,62.7,6271
1163,4383,43.5,4351
1163,235,46.5,4654
1163,4728,44.9,4487
1163,1037,48.6,4856
1163,4363,42.9,4286
1163,1690,53.2,5319
1163,285,49.8,4975
1163,211,49.0,4900
1163,1719,56.4,5636
1163,194,35.5,3553
1163,1130,70.4,7041
1163,77,67.3,6728
1163,1479,42.2,4219
1163,942,50.0,5000
1163,253,38.3,3830
1163,1693,29.7,2969
1163,231,33.3,3333
1163,1728,37.4,3740
1163,1535,40.0,3996
1163,1002,51.6,5162
1163,287,48.4,4844
1163,190,21.3,2133
1163,1172,62.3,6227
1163,1696,18.6,1856
1163,283,63.3,6329
1163,1563,40.1,4006
1163,245,33.7,3373
1163,4800,56.6,5661
1163,241,46.4,4640
1163,1041,31.2,3117
1163,1684,26.6,2658
1163,239,35.0,3498
1163,196,30.6,3061
1163,279,38.2,3823
4362,275,48.6,4861
4362,281,58.2,5823
4362,186,58.6,5864
4362,1307,72.4,7238
4362,4516,47.9,4794
4362,267,56.4,5644
4362,1163,59.3,5930
4362,229,54.5,5449
4362,946,50.4,5042
4362,295,46.9,4687
4362,221,45.3,4530
4362,265,42.0,4199
4362,201,53.0,5296
4362,198,56.5,5646
4362,1218,59.7,5969
4362,961,60.1,6015
4362,227,64.9,6488
4362,257,44.5,4447
4362,1169,46.8,4684
4362,273,54.1,5408
4362,1554,47.6,4765
4362,65,52.4,5235
4362,251,66.3,6629
4362,4431,51.7,5174
4362,1699,62.9,6293
4362,1528,49.9,4993
4362,289,42.8,4278
4362,1078,53.9,5394
4362,4607,54.0,5404
4362,1044,47.5,4754
4362,179,48.0,4801
4362,217,36.4,3642
4362,261,62.1,6209
4362,1148,71.2,7120
4362,4383,52.9,5286
4362,235,55.9,5590
4362,4728,54.2,5423
4362,1037,57.9,5789
4362,4363,52.2,5220
4362,1690,62.4,6237
4362,285,59.0,5905
4362,211,58.3,5832
4362,1719,65.4,6537
4362,194,44.6,4459
4362,1130,78.0,7798
4362,77,75.3,7526
4362,1479,51.5,5152
4362,942,59.3,5930
4362,253,47.5,4751
4362,1693,38.3,3828
4362,231,42.2,4224
4362,1728,46.6,4657
4362,1535,49.2,4924
4362,1002,60.9,6086
4362,287,57.8,5778
4362,190,28.8,2877
4362,1172,70.8,7081
4362,1696,25.5,2549
4362,283,71.7,7172
4362,1563,49.3,4934
4362,245,42.7,4267
4362,4800,65.6,6561
4362,241,55.8,5575
4362,1041,39.9,3990
4362,1684,34.8,3481
4362,239,44.0,4401
4362,196,39.3,3929
4362,279,47.4,4744
229,275,44.1,4414
229,281,53.8,5379
229,186,54.2,5421
229,1307,68.5,6850
229,4516,43.5,4348
229,267,52.0,5198
229,1163,54.9,5487
229,4362,45.5,4551
229,946,45.9,4594
229,295,42.4,4242
229,221,40.9,4088
229,265,37.6,3764
229,201,48.5,4847
229,198,52.0,5199
229,1218,55.3,5528
229,961,55.8,5575
229,227,60.6,6062
229,257,40.1,4007
229,1169,42.4,4239
229,273,49.6,4959
229,1554,43.2,4319
229,65,47.9,4786
229,251,62.1,6208
229,4431,47.2,4725
229,1699,58.6,5860
229,1528,45.4,4544
229,289,38.4,3841
229,1078,49.5,4945
229,4607,49.5,4955
229,1044,43.1,4308
229,179,43.5,4354
229,217,32.3,3228
229,261,57.7,5773
229,1148,67.2,6725
229,4383,48.4,4837
229,235,51.4,5143
229,4728,49.7,4974
229,1037,53.5,5345
229,4363,47.7,4771
229,1690,58.0,5803
229,285,54.6,5463
229,211,53.9,5388
229,1719,61.1,6112
229,194,40.2,4018
229,1130,74.5,7450
229,77,71.6,7157
229,1479,47.0,4703
229,942,54.9,5487
229,253,43.0,4305
229,1693,34.1,3406
229,231,37.9,3789
229,1728,42.1,4212
229,1535,44.8,4476
229,1002,56.5,5648
229,287,53.3,5333
229,190,25.1,2506
229,1172,66.8,6682
229,1696,22.0,2201
229,283,67.8,6779
229,1563,44.9,4485
229,245,38.3,3831
229,4800,61.4,6137
229,241,51.3,5128
229,1041,35.6,3562
229,1684,30.8,3075
229,239,39.6,3962
229,196,35.0,3503
229,279,43.0,4298
946,275,48.2,4819
946,281,57.8,5781
946,186,58.2,5822
946,1307,72.0,7203
946,4516,47.5,4752
946,267,56.0,5602
946,1163,58.9,5888
946,4362,49.6,4958
946,229,54.1,5406
946,295,46.5,4645
946,221,44.9,4488
946,265,41.6,4157
946,201,52.5,5253
946,198,56.0,5604
946,1218,59.3,5928
946,961,59.7,5974
946,227,64.5,6448
946,257,44.0,4405
946,1169,46.4,4642
946,273,53.6,5365
946,1554,47.2,4723
946,65,51.9,5193
946,251,65.9,6590
946,4431,51.3,5132
946,1699,62.5,6252
946,1528,49.5,4950
946,289,42.4,4236
946,1078,53.5,5352
946,4607,53.6,5361
946,1044,47.1,4711
946,179,47.6,4758
946,217,36.0,3602
946,261,61.7,6168
946,1148,70.8,7084
946,4383,52.4,5243
946,235,55.5,5548
946,4728,53.8,5381
946,1037,57.5,5748
946,4363,51.8,5177
946,1690,62.0,6197
946,285,58.6,5864
946,211,57.9,5790
946,1719,65.0,6497
946,194,44.2,4417
946,1130,77.7,7766
946,77,74.9,7493
946,1479,51.1,5110
946,942,58.9,5888
946,253,47.1,4708
946,1693,37.9,3788
946,231,41.8,4182
946,1728,46.1,4614
946,1535,48.8,4881
946,1002,60.5,6045
946,287,57.4,5736
946,190,28.4,2841
946,1172,70.4,7044
946,1696,25.1,2515
946,283,71.4,7136
946,1563,48.9,4891
946,245,42.2,4225
946,4800,65.2,6521
946,241,55.3,5533
946,1041,39.5,3949
946,1684,34.4,3442
946,239,43.6,4359
946,196,38.9,3888
946,279,47.0,4702
295,275,51.7,5174
295,281,61.3,6126
295,186,61.7,6167
295,1307,75.0,7495
295,4516,51.1,5107
295,267,59.5,5951
295,1163,62.3,6231
295,4362,53.1,5313
295,229,57.6,5758
295,946,53.5,5355
295,221,48.4,4842
295,265,45.1,4508
295,201,56.1,5607
295,198,59.5,5953
295,1218,62.7,6270
295,961,63.1,6314
295,227,67.7,6774
295,257,47.6,4759
295,1169,50.0,4997
295,273,57.2,5718
295,1554,50.8,5078
295,65,55.5,5547
295,251,69.1,6911
295,4431,54.9,5486
295,1699,65.8,6585
295,1528,53.0,5305
295,289,45.9,4587
295,1078,57.0,5704
295,4607,57.1,5714
295,1044,50.7,5067
295,179,51.1,5114
295,217,39.4,3941
295,261,65.0,6503
295,1148,73.8,7382
295,4383,56.0,5597
295,235,59.0,5898
295,4728,57.3,5733
295,1037,60.9,6094
295,4363,55.3,5532
295,1690,65.3,6531
295,285,62.1,6207
295,211,61.4,6135
295,1719,68.2,6822
295,194,47.7,4771
295,1130,80.2,8023
295,77,77.7,7768
295,1479,54.6,5464
295,942,62.3,6231
295,253,50.6,5064
295,1693,41.3,4131
295,231,45.3,4533
295,1728,49.7,4969
295,1535,52.4,5237
295,1002,63.8,6384
295,287,60.8,6082
295,190,31.5,3151
295,1172,73.4,7344
295,1696,28.1,2807
295,283,74.3,7431
295,1563,52.5,5246
295,245,45.8,4577
295,4800,68.5,6845
295,241,58.8,5883
295,1041,43.0,4296
295,1684,37.8,3776
295,239,47.1,4712
295,196,42.3,4233
295,279,50.6,5057
221,275,53.3,5332
221,281,62.8,6277
221,186,63.2,6317
221,1307,76.2,7619
221,4516,52.6,5265
221,267,61.0,6104
221,1163,63.8,6380
221,4362,54.7,5470
221,229,59.1,5912
221,946,55.1,5512
221,295,51.6,5158
221,265,46.6,4665
221,201,57.6,5762
221,198,61.0,6105
221,1218,64.2,6419
221,961,64.6,6463
221,227,69.2,6915
221,257,49.2,4917
221,1169,51.5,5155
221,273,58.7,5872
221,1554,52.4,5236
221,65,57.0,5703
221,251,70.5,7049
221,4431,56.4,5642
221,1699,67.3,6729
221,1528,54.6,5463
221,289,47.5,4745
221,1078,58.6,5859
221,4607,58.7,5868
221,1044,52.2,5224
221,179,52.7,5272
221,217,40.9,4094
221,261,66.5,6649
221,1148,75.1,7509
221,4383,57.5,5753
221,235,60.5,6051
221,4728,58.9,5887
221,1037,62.5,6245
221,4363,56.9,5688
221,1690,66.8,6676
221,285,63.6,6357
221,211,62.9,6286
221,1719,69.6,6961
221,194,49.3,4929
221,1130,81.3,8131
221,77,78.8,7884
221,1479,56.2,5621
221,942,63.8,6380
221,253,52.2,5221
221,1693,42.9,4286
221,231,46.9,4691
221,1728,51.3,5127
221,1535,53.9,5394
221,1002,65.3,6532
221,287,62.3,6233
221,190,32.9,3293
221,1172,74.7,7472
221,1696,29.4,2942
221,283,75.6,7557
221,1563,54.0,5404
221,245,47.3,4734
221,4800,69.8,6984
221,241,60.4,6037
221,1041,44.5,4452
221,1684,39.3,3927
221,239,48.7,4870
221,196,43.9,4389
221,279,52.1,5215
265,275,56.6,5665
265,281,65.9,6591
265,186,66.3,6630
265,1307,78.7,7871
265,4516,56.0,5599
265,267,64.2,6422
265,1163,66.9,6691
265,4362,58.0,5801
265,229,62.4,6236
265,946,58.4,5843
265,295,54.9,5492
265,221,53.4,5335
265,201,60.9,6089
265,198,64.2,6424
265,1218,67.3,6728
265,961,67.7,6770
265,227,72.0,7205
265,257,52.5,5252
265,1169,54.9,5490
265,273,62.0,6197
265,1554,55.7,5570
265,65,60.3,6031
265,251,73.3,7332
265,4431,59.7,5971
265,1699,70.3,7027
265,1528,57.9,5794
265,289,50.8,5080
265,1078,61.8,6184
265,4607,61.9,6193
265,1044,55.6,5559
265,179,56.0,5605
265,217,44.2,4423
265,261,69.5,6950
265,1148,77.7,7769
265,4383,60.8,6079
265,235,63.7,6371
265,4728,62.1,6211
265,1037,65.6,6559
265,4363,60.2,6016
265,1690,69.8,6976
265,285,66.7,6668
265,211,66.0,6599
265,1719,72.5,7249
265,194,52.6,5264
265,1130,83.5,8349
265,77,81.2,8119
265,1479,59.5,5950
265,942,66.9,6691
265,253,55.6,5556
265,1693,46.2,4618
265,231,50.3,5026
265,1728,54.6,5462
265,1535,57.3,5726
265,1002,68.4,6837
265,287,65.5,6548
265,190,36.0,3603
265,1172,77.3,7734
265,1696,32.4,3239
265,283,78.1,7814
265,1563,57.4,5736
265,245,50.7,5070
265,4800,72.7,7271
265,241,63.6,6357
265,1041,47.9,4786
265,1684,42.5,4254
265,239,52.1,5206
265,196,47.2,4722
265,279,55.5,5549
201,275,45.7,4566
201,281,55.3,5531
201,186,55.7,5573
201,1307,69.8,6985
201,4516,45.0,4499
201,267,53.5,5351
201,1163,56.4,5639
201,4362,47.0,4704
201,229,51.5,5153
201,946,47.5,4747
201,295,43.9,4393
201,221,42.4,4238
201,265,39.1,3911
201,198,53.5,5352
201,1218,56.8,5679
201,961,57.3,5726
201,227,62.1,6209
201,257,41.6,4156
201,1169,43.9,4390
201,273,51.1,5112
201,1554,44.7,4471
201,65,49.4,4939
201,251,63.5,6354
201,4431,48.8,4878
201,1699,60.1,6009
201,1528,47.0,4697
201,289,39.9,3989
201,1078,51.0,5099
201,4607,51.1,5108
201,1044,44.6,4459
201,179,45.1,4506
201,217,33.7,3367
201,261,59.2,5923
201,1148,68.6,6862
201,4383,49.9,4990
201,235,53.0,5296
201,4728,51.3,5128
201,1037,55.0,5497
201,4363,49.2,4924
201,1690,59.5,5952
201,285,56.1,5615
201,211,55.4,5540
201,1719,62.6,6259
201,194,41.7,4168
201,1130,75.7,7571
201,77,72.9,7286
201,1479,48.6,4856
201,942,56.4,5639
201,253,44.6,4456
201,1693,35.5,3548
201,231,39.4,3936
201,1728,43.6,4363
201,1535,46.3,4628
201,1002,58.0,5799
201,287,54.9,5485
201,190,26.3,2630
201,1172,68.2,6821
201,1696,23.2,2317
201,283,69.2,6916
201,1563,46.4,4638
201,245,39.8,3978
201,4800,62.8,6284
201,241,52.8,5281
201,1041,37.1,3707
201,1684,32.1,3211
201,239,41.1,4110
201,196,36.5,3646
201,279,44.5,4450
198,275,42.2,4218
198,281,51.8,5180
198,186,52.2,5222
198,1307,66.7,6670
198,4516,41.5,4152
198,267,50.0,4998
198,1163,52.9,5289
198,4362,43.5,4354
198,229,48.0,4801
198,946,44.0,4396
198,295,40.5,4047
198,221,39.0,3895
198,265,35.8,3576
198,201,46.5,4648
198,1218,53.3,5330
198,961,53.8,5377
198,227,58.7,5869
198,257,38.1,3815
198,1169,40.5,4045
198,273,47.6,4760
198,1554,41.2,4124
198,65,45.9,4588
198,251,60.2,6017
198,4431,45.3,4526
198,1699,56.6,5664
198,1528,43.5,4347
198,289,36.5,3652
198,1078,47.5,4746
198,4607,47.6,4756
198,1044,41.1,4112
198,179,41.6,4158
198,217,30.5,3051
198,261,55.8,5577
198,1148,65.4,6542
198,4383,46.4,4638
198,235,49.4,4944
198,4728,47.8,4775
198,1037,51.5,5146
198,4363,45.7,4572
198,1690,56.1,5607
198,285,52.6,5264
198,211,51.9,5189
198,1719,59.2,5920
198,194,38.3,3827
198,1130,72.9,7287
198,77,69.8,6985
198,1479,45.0,4505
198,942,52.9,5289
198,253,41.1,4109
198,1693,32.2,3225
198,231,36.0,3601
198,1728,40.2,4018
198,1535,42.8,4279
198,1002,54.5,5451
198,287,51.3,5134
198,190,23.5,2350
198,1172,65.0,6499
198,1696,20.6,2056
198,283,66.0,6598
198,1563,42.9,4289
198,245,36.4,3642
198,4800,59.5,5945
198,241,49.3,4929
198,1041,33.8,3378
198,1684,29.0,2901
198,239,37.7,3771
198,196,33.2,3320
198,279,41.0,4103
1218,275,39.0,3897
1218,281,48.5,4850
1218,186,48.9,4892
1218,1307,63.6,6364
1218,4516,38.3,3832
1218,267,46.7,4669
1218,1163,49.6,4959
1218,4362,40.3,4031
1218,229,44.7,4472
1218,946,40.7,4072
1218,295,37.3,3730
1218,221,35.8,3581
1218,265,32.7,3272
1218,201,43.2,4321
1218,198,46.7,4670
1218,961,50.5,5047
1218,227,55.4,5544
1218,257,35.0,3504
1218,1169,37.3,3727
1218,273,44.3,4431
1218,1554,38.0,3805
1218,65,42.6,4261
1218,251,57.0,5695
1218,4431,42.0,4201
1218,1699,53.4,5337
1218,1528,40.2,4024
1218,289,33.5,3345
1218,1078,44.2,4418
1218,4607,44.3,4427
1218,1044,37.9,3794
1218,179,38.4,3839
1218,217,27.7,2767
1218,261,52.5,5249
1218,1148,62.3,6232
1218,4383,43.1,4311
1218,235,46.1,4614
1218,4728,44.5,4447
1218,1037,48.2,4816
1218,4363,42.5,4246
1218,1690,52.8,5278
1218,285,49.3,4934
1218,211,48.6,4859
1218,1719,56.0,5596
1218,194,35.1,3515
1218,1130,70.1,7006
1218,77,66.9,6691
1218,1479,41.8,4179
1218,942,49.6,4959
1218,253,37.9,3791
1218,1693,29.3,2934
1218,231,33.0,3296
1218,1728,37.0,3701
1218,1535,39.6,3957
1218,1002,51.2,5121
1218,287,48.0,4804
1218,190,21.0,2103
1218,1172,61.9,6188
1218,1696,18.3,1829
1218,283,62.9,6290
1218,1563,39.7,3966
1218,245,33.4,3335
1218,4800,56.2,5621
1218,241,46.0,4599
1218,1041,30.8,3081
1218,1684,26.2,2625
1218,239,34.6,3461
1218,196,30.2,3025
1218,279,37.8,3784
961,275,38.5,3852
961,281,48.0,4803
961,186,48.5,4845
961,1307,63.2,6320
961,4516,37.9,3787
961,267,46.2,4622
961,1163,49.1,4912
961,4362,39.9,3985
961,229,44.2,4425
961,946,40.3,4026
961,295,36.9,3686
961,221,35.4,3537
961,265,32.3,3230
961,201,42.7,4274
961,198,46.2,4623
961,1218,49.5,4953
961,227,55.0,5497
961,257,34.6,3460
961,1169,36.8,3683
961,273,43.9,4385
961,1554,37.6,3760
961,65,42.1,4215
961,251,56.5,5648
961,4431,41.5,4154
961,1699,52.9,5290
961,1528,39.8,3978
961,289,33.0,3302
961,1078,43.7,4371
961,4607,43.8,4381
961,1044,37.5,3749
961,179,37.9,3794
961,217,27.3,2728
961,261,52.0,5202
961,1148,61.9,6187
961,4383,42.6,4264
961,235,45.7,4567
961,4728,44.0,4400
961,1037,47.7,4769
961,4363,42.0,4199
961,1690,52.3,5231
961,285,48.9,4887
961,211,48.1,4812
961,1719,55.5,5549
961,194,34.7,3471
961,1130,69.6,6964
961,77,66.5,6648
961,1479,41.3,4133
961,942,49.1,4912
961,253,37.5,3746
961,1693,28.9,2894
961,231,32.5,3253
961,1728,36.6,3657
961,1535,39.1,3911
961,1002,50.7,5074
961,287,47.6,4757
961,190,20.7,2069
961,1172,61.4,6143
961,1696,18.0,1797
961,283,62.5,6245
961,1563,39.2,3921
961,245,32.9,3293
961,4800,55.8,5575
961,241,45.5,4552
961,1041,30.4,3040
961,1684,25.9,2586
961,239,34.2,3417
961,196,29.8,2984
961,279,37.4,3740
227,275,33.8,3384
227,281,43.1,4308
227,186,43.5,4350
227,1307,58.4,5840
227,4516,33.2,3323
227,267,41.3,4130
227,1163,44.2,4416
227,4362,35.1,3512
227,229,39.4,3938
227,946,35.5,3552
227,295,32.3,3226
227,221,30.9,3085
227,265,27.9,2795
227,201,37.9,3791
227,198,41.3,4131
227,1218,44.6,4456
227,961,45.0,4503
227,257,30.1,3012
227,1169,32.2,3223
227,273,39.0,3899
227,1554,33.0,3296
227,65,37.3,3733
227,251,51.5,5153
227,4431,36.8,3675
227,1699,47.9,4792
227,1528,35.0,3505
227,289,28.6,2863
227,1078,38.9,3885
227,4607,39.0,3895
227,1044,32.9,3286
227,179,33.3,3329
227,217,23.3,2329
227,261,47.0,4704
227,1148,57.0,5704
227,4383,37.8,3781
227,235,40.8,4076
227,4728,39.1,3913
227,1037,42.7,4274
227,4363,37.2,3719
227,1690,47.3,4734
227,285,43.9,4391
227,211,43.2,4317
227,1719,50.5,5053
227,194,30.2,3022
227,1130,65.2,6515
227,77,61.8,6182
227,1479,36.5,3655
227,942,44.2,4416
227,253,32.8,3283
227,1693,24.8,2482
227,231,28.2,2817
227,1728,32.0,3198
227,1535,34.4,3441
227,1002,45.8,4577
227,287,42.6,4263
227,190,17.3,1731
227,1172,56.6,5658
227,1696,14.9,1489
227,283,57.6,5763
227,1563,34.5,3450
227,245,28.5,2854
227,4800,50.8,5078
227,241,40.6,4062
227,1041,26.2,2618
227,1684,22.0,2199
227,239,29.7,2971
227,196,25.7,2566
227,279,32.8,3277
257,275,54.1,5415
257,281,63.6,6356
257,186,64.0,6396
257,1307,76.8,7683
257,4516,53.5,5348
257,267,61.8,6184
257,1163,64.6,6458
257,4362,55.5,5553
257,229,59.9,5993
257,946,56.0,5595
257,295,52.4,5241
257,221,50.8,5083
257,265,47.5,4748
257,201,58.4,5844
257,198,61.9,6185
257,1218,65.0,6496
257,961,65.4,6540
257,227,69.9,6988
257,1169,52.4,5238
257,273,59.5,5954
257,1554,53.2,5319
257,65,57.9,5785
257,251,71.2,7120
257,4431,57.2,5724
257,1699,68.0,6804
257,1528,55.5,5545
257,289,48.3,4828
257,1078,59.4,5940
257,4607,59.5,5950
257,1044,53.1,5308
257,179,53.5,5355
257,217,41.8,4175
257,261,67.2,6725
257,1148,75.8,7575
257,4383,58.3,5834
257,235,61.3,6131
257,4728,59.7,5968
257,1037,63.2,6324
257,4363,57.7,5770
257,1690,67.5,6752
257,285,64.3,6435
257,211,63.6,6365
257,1719,70.3,7034
257,194,50.1,5012
257,1130,81.9,8187
257,77,79.4,7944
257,1479,57.0,5703
257,942,64.6,6458
257,253,53.0,5305
257,1693,43.7,4368
257,231,47.7,4774
257,1728,52.1,5210
257,1535,54.8,5477
257,1002,66.1,6608
257,287,63.1,6312
257,190,33.7,3369
257,1172,75.4,7539
257,1696,30.1,3015
257,283,76.2,7622
257,1563,54.9,5487
257,245,48.2,4817
257,4800,70.6,7056
257,241,61.2,6117
257,1041,45.4,4535
257,1684,40.1,4007
257,239,49.5,4954
257,196,44.7,4471
257,279,53.0,5298
1169,275,51.8,5177
1169,281,61.3,6129
1169,186,61.7,6170
1169,1307,75.0,7497
1169,4516,51.1,5110
1169,267,59.5,5954
1169,1163,62.3,6234
1169,4362,53.2,5316
1169,229,57.6,5761
1169,946,53.6,5358
1169,295,50.0,5003
1169,221,48.5,4845
1169,265,45.1,4510
1169,201,56.1,5610
1169,198,59.5,5955
1169,1218,62.7,6273
1169,961,63.2,6317
1169,227,67.8,6777
1169,257,47.6,4762
1169,273,57.2,5720
1169,1554,50.8,5081
1169,65,55.5,5550
1169,251,69.1,6913
1169,4431,54.9,5489
1169,1699,65.9,6588
1169,1528,53.1,5308
1169,289,45.9,4590
1169,1078,57.1,5707
1169,4607,57.2,5716
1169,1044,50.7,5070
1169,179,51.2,5117
1169,217,39.4,3943
1169,261,65.1,6506
1169,1148,73.8,7384
1169,4383,56.0,5600
1169,235,59.0,5900
1169,4728,57.4,5735
1169,1037,61.0,6096
1169,4363,55.3,5534
1169,1690,65.3,6534
1169,285,62.1,6210
1169,211,61.4,6138
1169,1719,68.2,6824
1169,194,47.7,4774
1169,1130,80.2,8025
1169,77,77.7,7770
1169,1479,54.7,5467
1169,942,62.3,6234
1169,253,50.7,5067
1169,1693,41.3,4134
1169,231,45.4,4536
1169,1728,49.7,4972
1169,1535,52.4,5239
1169,1002,63.9,6387
1169,287,60.9,6085
1169,190,31.5,3153
1169,1172,73.5,7346
1169,1696,28.1,2810
1169,283,74.3,7434
1169,1563,52.5,5249
1169,245,45.8,4580
1169,4800,68.5,6847
1169,241,58.9,5886
1169,1041,43.0,4299
1169,1684,37.8,3778
1169,239,47.1,4715
1169,196,42.4,4236
1169,279,50.6,5060
273,275,44.5,4455
273,281,54.2,5419
273,186,54.6,5461
273,1307,68.9,6886
273,4516,43.9,4388
273,267,52.4,5239
273,1163,55.3,5528
273,4362,45.9,4592
273,229,50.4,5041
273,946,46.4,4635
273,295,42.8,4282
273,221,41.3,4128
273,265,38.0,3803
273,201,48.9,4888
273,198,52.4,5240
273,1218,55.7,5569
273,961,56.1,5615
273,227,61.0,6101
273,257,40.5,4046
273,1169,42.8,4280
273,1554,43.6,4360
273,65,48.3,4827
273,251,62.5,6248
273,4431,47.7,4766
273,1699,59.0,5900
273,1528,45.9,4585
273,289,38.8,3880
273,1078,49.9,4986
273,4607,50.0,4996
273,1044,43.5,4348
273,179,44.0,4395
273,217,32.6,3265
273,261,58.1,5814
273,1148,67.6,6762
273,4383,48.8,4878
273,235,51.8,5184
273,4728,50.1,5015
273,1037,53.9,5385
273,4363,48.1,4812
273,1690,58.4,5843
273,285,55.0,5503
273,211,54.3,5429
273,1719,61.5,6152
273,194,40.6,4058
273,1130,74.8,7483
273,77,71.9,7192
273,1479,47.4,4744
273,942,55.3,5528
273,253,43.5,4345
273,1693,34.4,3444
273,231,38.3,3828
273,1728,42.5,4252
273,1535,45.2,4516
273,1002,56.9,5688
273,287,53.7,5374
273,190,25.4,2539
273,1172,67.2,6720
273,1696,22.3,2232
273,283,68.2,6816
273,1563,45.3,4526
273,245,38.7,3870
273,4800,61.8,6177
273,241,51.7,5169
273,1041,36.0,3601
273,1684,31.1,3111
273,239,40.0,4001
273,196,35.4,3541
273,279,43.4,4339
1554,275,51.0,5096
1554,281,60.5,6051
1554,186,60.9,6092
1554,1307,74.3,7432
1554,4516,50.3,5029
1554,267,58.8,5875
1554,1163,61.6,6156
1554,4362,52.4,5235
1554,229,56.8,5681
1554,946,52.8,5277
1554,295,49.2,4922
1554,221,47.6,4764
1554,265,44.3,4430
1554,201,55.3,5529
1554,198,58.8,5876
1554,1218,62.0,6195
1554,961,62.4,6240
1554,227,67.0,6704
1554,257,46.8,4681
1554,1169,49.2,4919
1554,273,56.4,5640
1554,65,54.7,5469
1554,251,68.4,6841
1554,4431,54.1,5408
1554,1699,65.1,6513
1554,1528,52.3,5227
1554,289,45.1,4510
1554,1078,56.3,5627
1554,4607,56.4,5636
1554,1044,49.9,4988
1554,179,50.4,5036
1554,217,38.6,3865
1554,261,64.3,6430
1554,1148,73.2,7318
1554,4383,55.2,5519
1554,235,58.2,5821
1554,4728,56.5,5655
1554,1037,60.2,6018
1554,4363,54.5,5454
1554,1690,64.6,6458
1554,285,61.3,6132
1554,211,60.6,6060
1554,1719,67.5,6751
1554,194,46.9,4693
1554,1130,79.7,7968
1554,77,77.1,7708
1554,1479,53.9,5387
1554,942,61.6,6156
1554,253,49.9,4985
1554,1693,40.5,4055
1554,231,44.6,4456
1554,1728,48.9,4891
1554,1535,51.6,5158
1554,1002,63.1,6310
1554,287,60.1,6006
1554,190,30.8,3081
1554,1172,72.8,7279
1554,1696,27.4,2742
1554,283,73.7,7368
1554,1563,51.7,5168
1554,245,45.0,4499
1554,4800,67.8,6775
1554,241,58.1,5807
1554,1041,42.2,4219
1554,1684,37.0,3701
1554,239,46.3,4634
1554,196,41.6,4157
1554,279,49.8,4979
65,275,46.3,4626
65,281,55.9,5591
65,186,56.3,5633
65,1307,70.4,7038
65,4516,45.6,4560
65,267,54.1,5411
65,1163,57.0,5699
65,4362,47.6,4765
65,229,52.1,5214
65,946,48.1,4807
65,295,44.5,4453
65,221,43.0,4297
65,265,39.7,3969
65,201,50.6,5061
65,198,54.1,5412
65,1218,57.4,5739
65,961,57.9,5785
65,227,62.7,6267
65,257,42.1,4215
65,1169,44.5,4450
65,273,51.7,5173
65,1554,45.3,4531
65,251,64.1,6411
65,4431,49.4,4939
65,1699,60.7,6068
65,1528,47.6,4757
65,289,40.5,4047
65,1078,51.6,5159
65,4607,51.7,5169
65,1044,45.2,4519
65,179,45.7,4566
65,217,34.2,3423
65,261,59.8,5982
65,1148,69.2,6916
65,4383,50.5,5051
65,235,53.6,5356
65,4728,51.9,5188
65,1037,55.6,5557
65,4363,49.9,4985
65,1690,60.1,6011
65,285,56.8,5675
65,211,56.0,5600
65,1719,63.2,6317
65,194,42.3,4227
65,1130,76.2,7619
65,77,73.4,7336
65,1479,49.2,4917
65,942,57.0,5699
65,253,45.2,4516
65,1693,36.0,3605
65,231,40.0,3995
65,1728,44.2,4423
65,1535,46.9,4689
65,1002,58.6,5858
65,287,55.5,5545
65,190,26.8,2680
65,1172,68.8,6875
65,1696,23.6,2363
65,283,69.7,6969
65,1563,47.0,4698
65,245,40.4,4037
65,4800,63.4,6341
65,241,53.4,5342
65,1041,37.6,3764
65,1684,32.7,3266
65,239,41.7,4170
65,196,37.0,3704
65,279,45.1,4510
251,275,32.5,3245
251,281,41.6,4158
251,186,42.0,4199
251,1307,56.9,5690
251,4516,31.9,3185
251,267,39.8,3981
251,1163,42.6,4265
251,4362,33.7,3371
251,229,37.9,3792
251,946,34.1,3410
251,295,30.9,3089
251,221,29.5,2951
251,265,26.7,2668
251,201,36.5,3646
251,198,39.8,3983
251,1218,43.0,4305
251,961,43.5,4352
251,227,48.5,4847
251,257,28.8,2880
251,1169,30.9,3087
251,273,37.5,3752
251,1554,31.6,3159
251,65,35.9,3589
251,4431,35.3,3532
251,1699,46.4,4640
251,1528,33.6,3364
251,289,27.3,2734
251,1078,37.4,3739
251,4607,37.5,3749
251,1044,31.5,3148
251,179,31.9,3191
251,217,22.1,2214
251,261,45.5,4552
251,1148,55.5,5553
251,4383,36.4,3637
251,235,39.3,3928
251,4728,37.7,3767
251,1037,41.2,4125
251,4363,35.8,3575
251,1690,45.8,4581
251,285,42.4,4241
251,211,41.7,4167
251,1719,49.0,4900
251,194,28.9,2890
251,1130,63.7,6372
251,77,60.4,6035
251,1479,35.1,3512
251,942,42.6,4265
251,253,31.5,3146
251,1693,23.6,2362
251,231,26.9,2689
251,1728,30.6,3062
251,1535,33.0,3301
251,1002,44.2,4425
251,287,41.1,4113
251,190,16.3,1634
251,1172,55.1,5507
251,1696,14.0,1402
251,283,56.1,5613
251,1563,33.1,3310
251,245,27.2,2725
251,4800,49.3,4926
251,241,39.1,3914
251,1041,24.9,2494
251,1684,20.9,2087
251,239,28.4,2840
251,196,24.4,2444
251,279,31.4,3140
4431,275,46.9,4688
4431,281,56.5,5652
4431,186,56.9,5693
4431,1307,70.9,7091
4431,4516,46.2,4621
4431,267,54.7,5472
4431,1163,57.6,5759
4431,4362,48.3,4826
4431,229,52.8,5275
4431,946,48.7,4868
4431,295,45.1,4514
4431,221,43.6,4358
4431,265,40.3,4029
4431,201,51.2,5122
4431,198,54.7,5474
4431,1218,58.0,5799
4431,961,58.5,5846
4431,227,63.2,6325
4431,257,42.8,4276
4431,1169,45.1,4511
4431,273,52.3,5234
4431,1554,45.9,4592
4431,65,50.6,5061
4431,251,64.7,6468
4431,1699,61.3,6127
4431,1528,48.2,4819
4431,289,41.1,4107
4431,1078,52.2,5221
4431,4607,52.3,5230
4431,1044,45.8,4580
4431,179,46.3,4627
4431,217,34.8,3479
4431,261,60.4,6042
4431,1148,69.7,6970
4431,4383,51.1,5112
4431,235,54.2,5417
4431,4728,52.5,5249
4431,1037,56.2,5618
4431,4363,50.5,5046
4431,1690,60.7,6070
4431,285,57.4,5735
4431,211,56.6,5661
4431,1719,63.7,6374
4431,194,42.9,4288
4431,1130,76.7,7666
4431,77,73.9,7386
4431,1479,49.8,4978
4431,942,57.6,5759
4431,253,45.8,4577
4431,1693,36.6,3663
4431,231,40.5,4054
4431,1728,44.8,4484
4431,1535,47.5,4750
4431,1002,59.2,5918
4431,287,56.1,5606
4431,190,27.3,2730
4431,1172,69.3,6929
4431,1696,24.1,2411
4431,283,70.2,7023
4431,1563,47.6,4760
4431,245,41.0,4097
4431,4800,64.0,6399
4431,241,54.0,5403
4431,1041,38.2,3823
4431,1684,33.2,3321
4431,239,42.3,4230
4431,196,37.6,3762
4431,279,45.7,4571
1699,275,35.8,3577
1699,281,45.1,4514
1699,186,45.6,4556
1699,1307,60.4,6043
1699,4516,35.1,3514
1699,267,43.3,4334
1699,1163,46.2,4623
1699,4362,37.1,3707
1699,229,41.4,4140
1699,946,37.5,3748
1699,295,34.1,3415
1699,221,32.7,3271
1699,265,29.7,2973
1699,201,39.9,3991
1699,198,43.4,4336
1699,1218,46.6,4663
1699,961,47.1,4710
1699,227,52.1,5208
1699,257,32.0,3196
1699,1169,34.1,3412
1699,273,41.0,4100
1699,1554,34.9,3487
1699,65,39.3,3932
1699,251,53.6,5360
1699,4431,38.7,3873
1699,1528,37.0,3700
1699,289,30.4,3043
1699,1078,40.9,4087
1699,4607,41.0,4096
1699,1044,34.8,3476
1699,179,35.2,3520
1699,217,24.9,2491
1699,261,49.1,4912
1699,1148,59.1,5907
1699,4383,39.8,3981
1699,235,42.8,4280
1699,4728,41.1,4115
1699,1037,44.8,4480
1699,4363,39.2,3917
1699,1690,49.4,4941
1699,285,46.0,4598
1699,211,45.2,4523
1699,1719,52.6,5260
1699,194,32.1,3207
1699,1130,67.1,6706
1699,77,63.8,6379
1699,1479,38.5,3852
1699,942,46.2,4622
1699,253,34.7,3474
1699,1693,26.5,2650
1699,231,30.0,2996
1699,1728,33.9,3387
1699,1535,36.4,3635
1699,1002,47.8,4784
1699,287,44.7,4468
1699,190,18.7,1868
1699,1172,58.6,5862
1699,1696,16.1,1613
1699,283,59.7,5966
1699,1563,36.4,3644
1699,245,30.3,3034
1699,4800,52.9,5286
1699,241,42.6,4265
1699,1041,27.9,2790
1699,1684,23.6,2357
1699,239,31.5,3154
1699,196,27.4,2737
1699,279,34.7,3468
1528,275,48.7,4869
1528,281,58.3,5830
1528,186,58.7,5871
1528,1307,72.5,7245
1528,4516,48.0,4802
1528,267,56.5,5652
1528,1163,59.4,5937
1528,4362,50.1,5007
1528,229,54.6,5456
1528,946,50.5,5050
1528,295,47.0,4695
1528,221,45.4,4537
1528,265,42.1,4206
1528,201,53.0,5303
1528,198,56.5,5653
1528,1218,59.8,5976
1528,961,60.2,6022
1528,227,65.0,6495
1528,257,44.5,4455
1528,1169,46.9,4692
1528,273,54.1,5415
1528,1554,47.7,4773
1528,65,52.4,5243
1528,251,66.4,6636
1528,4431,51.8,5181
1528,1699,63.0,6300
1528,289,42.9,4285
1528,1078,54.0,5401
1528,4607,54.1,5411
1528,1044,47.6,4761
1528,179,48.1,4808
1528,217,36.5,3649
1528,261,62.2,6216
1528,1148,71.3,7127
1528,4383,52.9,5293
1528,235,56.0,5597
1528,4728,54.3,5430
1528,1037,58.0,5797
1528,4363,52.3,5227
1528,1690,62.4,6244
1528,285,59.1,5912
1528,211,58.4,5839
1528,1719,65.4,6543
1528,194,44.7,4467
1528,1130,78.0,7803
1528,77,75.3,7532
1528,1479,51.6,5160
1528,942,59.4,5937
1528,253,47.6,4758
1528,1693,38.4,3835
1528,231,42.3,4231
1528,1728,46.6,4664
1528,1535,49.3,4931
1528,1002,60.9,6094
1528,287,57.9,5785
1528,190,28.8,2884
1528,1172,70.9,7087
1528,1696,25.6,2555
1528,283,71.8,7178
1528,1563,49.4,4941
1528,245,42.7,4274
1528,4800,65.7,6567
1528,241,55.8,5583
1528,1041,40.0,3997
1528,1684,34.9,3488
1528,239,44.1,4409
1528,196,39.4,3936
1528,279,47.5,4752
289,275,55.9,5586
289,281,65.2,6517
289,186,65.6,6556
289,1307,78.1,7812
289,4516,55.2,5519
289,267,63.5,6347
289,1163,66.2,6617
289,4362,57.2,5722
289,229,61.6,6159
289,946,57.6,5764
289,295,54.1,5413
289,221,52.5,5255
289,265,49.2,4920
289,201,60.1,6011
289,198,63.5,6348
289,1218,66.5,6655
289,961,67.0,6698
289,227,71.4,7137
289,257,51.7,5172
289,1169,54.1,5410
289,273,61.2,6120
289,1554,54.9,5490
289,65,59.5,5953
289,251,72.7,7266
289,4431,58.9,5893
289,1699,69.6,6957
289,1528,57.1,5715
289,1078,61.1,6107
289,4607,61.2,6116
289,1044,54.8,5479
289,179,55.3,5526
289,217,43.4,4344
289,261,68.8,6879
289,1148,77.1,7708
289,4383,60.0,6002
289,235,63.0,6295
289,4728,61.3,6134
289,1037,64.8,6485
289,4363,59.4,5938
289,1690,69.0,6905
289,285,66.0,6595
289,211,65.2,6525
289,1719,71.8,7181
289,194,51.8,5184
289,1130,83.0,8298
289,77,80.6,8064
289,1479,58.7,5872
289,942,66.2,6617
289,253,54.8,5476
289,1693,45.4,4538
289,231,49.5,4946
289,1728,53.8,5382
289,1535,56.5,5647
289,1002,67.7,6765
289,287,64.7,6474
289,190,35.3,3527
289,1172,76.7,7672
289,1696,31.7,3167
289,283,77.5,7754
289,1563,56.6,5657
289,245,49.9,4989
289,4800,72.0,7203
289,241,62.8,6281
289,1041,47.1,4706
289,1684,41.8,4175
289,239,51.2,5125
289,196,46.4,4642
289,279,54.7,5469
1078,275,44.7,4468
1078,281,54.3,5433
1078,186,54.8,5475
1078,1307,69.0,6898
1078,4516,44.0,4402
1078,267,52.5,5252
1078,1163,55.4,5542
1078,4362,46.1,4606
1078,229,50.5,5055
1078,946,46.5,4648
1078,295,43.0,4296
1078,221,41.4,4141
1078,265,38.2,3816
1078,201,49.0,4901
1078,198,52.5,5254
1078,1218,55.8,5582
1078,961,56.3,5629
1078,227,61.1,6115
1078,257,40.6,4060
1078,1169,42.9,4293
1078,273,50.1,5014
1078,1554,43.7,4373
1078,65,48.4,4841
1078,251,62.6,6261
1078,4431,47.8,4779
1078,1699,59.1,5913
1078,1528,46.0,4599
1078,289,38.9,3893
1078,4607,50.1,5010
1078,1044,43.6,4362
1078,179,44.1,4408
1078,217,32.8,3277
1078,261,58.3,5827
1078,1148,67.7,6774
1078,4383,48.9,4891
1078,235,52.0,5197
1078,4728,50.3,5029
1078,1037,54.0,5399
1078,4363,48.2,4825
1078,1690,58.6,5856
1078,285,55.2,5517
1078,211,54.4,5442
1078,1719,61.6,6165
1078,194,40.7,4072
1078,1130,74.9,7493
1078,77,72.0,7203
1078,1479,47.6,4758
1078,942,55.4,5542
1078,253,43.6,4359
1078,1693,34.6,3457
1078,231,38.4,3841
1078,1728,42.7,4266
1078,1535,45.3,4530
1078,1002,57.0,5702
1078,287,53.9,5387
1078,190,25.5,2550
1078,1172,67.3,6732
1078,1696,22.4,2242
1078,283,68.3,6828
1078,1563,45.4,4540
1078,245,38.8,3883
1078,4800,61.9,6190
1078,241,51.8,5183
1078,1041,36.1,3614
1078,1684,31.2,3123
1078,239,40.1,4015
1078,196,35.5,3554
1078,279,43.5,4352
4607,275,44.6,4459
4607,281,54.2,5423
4607,186,54.6,5465
4607,1307,68.9,6890
4607,4516,43.9,4392
4607,267,52.4,5243
4607,1163,55.3,5532
4607,4362,46.0,4596
4607,229,50.5,5045
4607,946,46.4,4639
4607,295,42.9,4286
4607,221,41.3,4132
4607,265,38.1,3807
4607,201,48.9,4892
4607,198,52.4,5244
4607,1218,55.7,5573
4607,961,56.2,5619
4607,227,61.0,6105
4607,257,40.5,4050
4607,1169,42.8,4284
4607,273,50.0,5004
4607,1554,43.6,4364
4607,65,48.3,4831
4607,251,62.5,6251
4607,4431,47.7,4770
4607,1699,59.0,5904
4607,1528,45.9,4589
4607,289,38.8,3884
4607,1078,49.9,4990
4607,1044,43.5,4352
4607,179,44.0,4399
4607,217,32.7,3269
4607,261,58.2,5818
4607,1148,67.7,6765
4607,4383,48.8,4882
4607,235,51.9,5188
4607,4728,50.2,5019
4607,1037,53.9,5390
4607,4363,48.2,4816
4607,1690,58.5,5847
4607,285,55.1,5508
4607,211,54.3,5433
4607,1719,61.6,6156
4607,194,40.6,4062
4607,1130,74.9,7486
4607,77,72.0,7195
4607,1479,47.5,4748
4607,942,55.3,5532
4607,253,43.5,4349
4607,1693,34.5,3448
4607,231,38.3,3832
4607,1728,42.6,4256
4607,1535,45.2,4520
4607,1002,56.9,5692
4607,287,53.8,5378
4607,190,25.4,2542
4607,1172,67.2,6723
4607,1696,22.4,2235
4607,283,68.2,6820
4607,1563,45.3,4530
4607,245,38.7,3874
4607,4800,61.8,6181
4607,241,51.7,5173
4607,1041,36.0,3605
4607,1684,31.1,3114
4607,239,40.0,4005
4607,196,35.5,3545
4607,279,43.4,4343
1044,275,51.1,5108
1044,281,60.6,6062
1044,186,61.0,6103
1044,1307,74.4,7441
1044,4516,50.4,5041
1044,267,58.9,5886
1044,1163,61.7,6167
1044,4362,52.5,5246
1044,229,56.9,5692
1044,946,52.9,5289
1044,295,49.3,4933
1044,221,47.8,4776
1044,265,44.4,4441
1044,201,55.4,5541
1044,198,58.9,5888
1044,1218,62.1,6206
1044,961,62.5,6251
1044,227,67.1,6714
1044,257,46.9,4692
1044,1169,49.3,4930
1044,273,56.5,5652
1044,1554,50.1,5012
1044,65,54.8,5481
1044,251,68.5,6852
1044,4431,54.2,5420
1044,1699,65.2,6524
1044,1528,52.4,5239
1044,289,45.2,4521
1044,1078,56.4,5638
1044,4607,56.5,5648
1044,179,50.5,5047
1044,217,38.8,3876
1044,261,64.4,6441
1044,1148,73.3,7327
1044,4383,55.3,5531
1044,235,58.3,5832
1044,4728,56.7,5667
1044,1037,60.3,6029
1044,4363,54.6,5465
1044,1690,64.7,6469
1044,285,61.4,6144
1044,211,60.7,6071
1044,1719,67.6,6762
1044,194,47.0,4705
1044,1130,79.8,7976
1044,77,77.2,7717
1044,1479,54.0,5398
1044,942,61.7,6167
1044,253,50.0,4997
1044,1693,40.7,4066
1044,231,44.7,4467
1044,1728,49.0,4903
1044,1535,51.7,5170
1044,1002,63.2,6322
1044,287,60.2,6018
1044,190,30.9,3092
1044,1172,72.9,7289
1044,1696,27.5,2751
1044,283,73.8,7377
1044,1563,51.8,5180
1044,245,45.1,4511
1044,4800,67.8,6785
1044,241,58.2,5818
1044,1041,42.3,4231
1044,1684,37.1,3712
1044,239,46.5,4646
1044,196,41.7,4168
1044,279,49.9,4990
179,275,50.6,5060
179,281,60.2,6017
179,186,60.6,6057
179,1307,74.0,7403
179,4516,49.9,4993
179,267,58.4,5840
179,1163,61.2,6122
179,4362,52.0,5199
179,229,56.5,5646
179,946,52.4,5242
179,295,48.9,4886
179,221,47.3,4728
179,265,44.0,4395
179,201,54.9,5494
179,198,58.4,5842
179,1218,61.6,6161
179,961,62.1,6206
179,227,66.7,6671
179,257,46.5,4645
179,1169,48.8,4883
179,273,56.0,5605
179,1554,49.6,4964
179,65,54.3,5434
179,251,68.1,6809
179,4431,53.7,5373
179,1699,64.8,6480
179,1528,51.9,5192
179,289,44.7,4474
179,1078,55.9,5592
179,4607,56.0,5601
179,1044,49.5,4953
179,217,38.3,3831
179,261,64.0,6397
179,1148,72.9,7288
179,4383,54.8,5484
179,235,57.9,5786
179,4728,56.2,5620
179,1037,59.8,5984
179,4363,54.2,5418
179,1690,64.2,6425
179,285,61.0,6098
179,211,60.3,6026
179,1719,67.2,6719
179,194,46.6,4657
179,1130,79.4,7943
179,77,76.8,7681
179,1479,53.5,5351
179,942,61.2,6122
179,253,49.5,4950
179,1693,40.2,4020
179,231,44.2,4420
179,1728,48.5,4855
179,1535,51.2,5123
179,1002,62.8,6277
179,287,59.7,5972
179,190,30.5,3050
179,1172,72.5,7250
179,1696,27.1,2712
179,283,73.4,7339
179,1563,51.3,5133
179,245,44.6,4464
179,4800,67.4,6742
179,241,57.7,5772
179,1041,41.8,4184
179,1684,36.7,3668
179,239,46.0,4599
179,196,41.2,4122
179,279,49.4,4943
217,275,62.3,6227
217,281,71.0,7105
217,186,71.4,7142
217,1307,82.7,8268
217,4516,61.6,6163
217,267,69.5,6948
217,1163,72.0,7199
217,4362,63.6,6358
217,229,67.7,6772
217,946,64.0,6398
217,295,60.6,6059
217,221,59.1,5906
217,265,55.8,5577
217,201,66.3,6633
217,198,69.5,6949
217,1218,72.3,7233
217,961,72.7,7272
217,227,76.7,7671
217,257,58.2,5825
217,1169,60.6,6057
217,273,67.3,6735
217,1554,61.4,6135
217,65,65.8,6577
217,251,77.9,7786
217,4431,65.2,6521
217,1699,75.1,7509
217,1528,63.5,6351
217,289,56.6,5656
217,1078,67.2,6723
217,4607,67.3,6731
217,1044,61.2,6124
217,179,61.7,6169
217,261,74.4,7438
217,1148,81.8,8177
217,4383,66.2,6624
217,235,69.0,6899
217,4728,67.5,6749
217,1037,70.8,7076
217,4363,65.6,6563
217,1690,74.6,7462
217,285,71.8,7178
217,211,71.1,7113
217,1719,77.1,7711
217,194,58.4,5837
217,1130,86.8,8684
217,77,84.8,8485
217,1479,65.0,6500
217,942,72.0,7199
217,253,61.2,6121
217,1693,52.0,5196
217,231,56.0,5602
217,1728,60.3,6030
217,1535,62.9,6286
217,1002,73.3,7334
217,287,70.7,7066
217,190,41.6,4158
217,1172,81.5,8146
217,1696,37.8,3776
217,283,82.2,8217
217,1563,63.0,6295
217,245,56.5,5645
217,4800,77.3,7731
217,241,68.9,6886
217,1041,53.6,5364
217,1684,48.3,4828
217,239,57.8,5779
217,196,53.0,5300
217,279,61.1,6114
261,275,36.6,3660
261,281,46.0,4602
261,186,46.4,4644
261,1307,61.3,6128
261,4516,36.0,3597
261,267,44.2,4421
261,1163,47.1,4711
261,4362,37.9,3791
261,229,42.3,4227
261,946,38.3,3832
261,295,35.0,3497
261,221,33.5,3351
261,265,30.5,3050
261,201,40.8,4077
261,198,44.2,4423
261,1218,47.5,4751
261,961,48.0,4798
261,227,53.0,5296
261,257,32.8,3275
261,1169,34.9,3494
261,273,41.9,4186
261,1554,35.7,3570
261,65,40.2,4018
261,251,54.5,5448
261,4431,39.6,3958
261,1699,50.9,5088
261,1528,37.8,3784
261,289,31.2,3121
261,1078,41.7,4173
261,4607,41.8,4182
261,1044,35.6,3559
261,179,36.0,3603
261,217,25.6,2562
261,1148,59.9,5993
261,4383,40.7,4067
261,235,43.7,4367
261,4728,42.0,4201
261,1037,45.7,4568
261,4363,40.0,4003
261,1690,50.3,5030
261,285,46.9,4686
261,211,46.1,4611
261,1719,53.5,5349
261,194,32.9,3286
261,1130,67.8,6785
261,77,64.6,6462
261,1479,39.4,3937
261,942,47.1,4711
261,253,35.6,3556
261,1693,27.2,2723
261,231,30.7,3073
261,1728,34.7,3468
261,1535,37.2,3719
261,1002,48.7,4872
261,287,45.6,4556
261,190,19.3,1928
261,1172,59.5,5948
261,1696,16.7,1668
261,283,60.5,6052
261,1563,37.3,3728
261,245,31.1,3112
261,4800,53.7,5374
261,241,43.5,4353
261,1041,28.6,2865
261,1684,24.2,2425
261,239,32.3,3233
261,196,28.1,2811
261,279,35.5,3550
1148,275,27.6,2762
1148,281,36.2,3625
1148,186,36.6,3665
1148,1307,51.4,5139
1148,4516,27.1,2706
1148,267,34.6,3456
1148,1163,37.3,3729
1148,4362,28.8,2880
1148,229,32.8,3275
1148,946,29.2,2916
1148,295,26.2,2618
1148,221,24.9,2491
1148,265,22.3,2231
1148,201,31.4,3138
1148,198,34.6,3458
1148,1218,37.7,3768
1148,961,38.1,3813
1148,227,43.0,4296
1148,257,24.2,2425
1148,1169,26.2,2616
1148,273,32.4,3238
1148,1554,26.8,2682
1148,65,30.8,3084
1148,251,44.5,4447
1148,4431,30.3,3030
1148,1699,40.9,4093
1148,1528,28.7,2873
1148,289,22.9,2292
1148,1078,32.3,3226
1148,4607,32.4,3235
1148,1044,26.7,2673
1148,179,27.1,2712
1148,217,18.2,1823
1148,261,40.1,4007
1148,4383,31.3,3129
1148,235,34.1,3406
1148,4728,32.5,3252
1148,1037,35.9,3593
1148,4363,30.7,3071
1148,1690,40.4,4036
1148,285,37.0,3705
1148,211,36.3,3634
1148,1719,43.5,4348
1148,194,24.3,2434
1148,1130,58.4,5840
1148,77,54.9,5491
1148,1479,30.1,3011
1148,942,37.3,3729
1148,253,26.7,2670
1148,1693,19.6,1956
1148,231,22.5,2251
1148,1728,25.9,2593
1148,1535,28.1,2815
1148,1002,38.8,3884
1148,287,35.8,3582
1148,190,13.2,1315
1148,1172,49.5,4954
1148,1696,11.2,1115
1148,283,50.6,5061
1148,1563,28.2,2823
1148,245,22.8,2284
1148,4800,43.7,4374
1148,241,33.9,3392
1148,1041,20.8,2075
1148,1684,17.1,1711
1148,239,23.9,2389
1148,196,20.3,2029
1148,279,26.6,2665
4383,275,45.8,4576
4383,281,55.4,5541
4383,186,55.8,5583
4383,1307,69.9,6994
4383,4516,45.1,4509
4383,267,53.6,5361
4383,1163,56.5,5649
4383,4362,47.1,4714
4383,229,51.6,5163
4383,946,47.6,4757
4383,295,44.0,4403
4383,221,42.5,4247
4383,265,39.2,3921
4383,201,50.1,5010
4383,198,53.6,5362
4383,1218,56.9,5689
4383,961,57.4,5736
4383,227,62.2,6219
4383,257,41.7,4166
4383,1169,44.0,4400
4383,273,51.2,5122
4383,1554,44.8,4481
4383,65,49.5,4949
4383,251,63.6,6363
4383,4431,48.9,4888
4383,1699,60.2,6019
4383,1528,47.1,4707
4383,289,40.0,3998
4383,1078,51.1,5109
4383,4607,51.2,5118
4383,1044,44.7,4469
4383,179,45.2,4516
4383,217,33.8,3376
4383,261,59.3,5933
4383,1148,68.7,6871
4383,235,53.1,5306
4383,4728,51.4,5138
4383,1037,55.1,5507
4383,4363,49.3,4934
4383,1690,59.6,5962
4383,285,56.2,5625
4383,211,55.5,5550
4383,1719,62.7,6269
4383,194,41.8,4178
4383,1130,75.8,7579
4383,77,72.9,7294
4383,1479,48.7,4866
4383,942,56.5,5649
4383,253,44.7,4466
4383,1693,35.6,3558
4383,231,39.5,3946
4383,1728,43.7,4373
4383,1535,46.4,4638
4383,1002,58.1,5809
4383,287,55.0,5495
4383,190,26.4,2638
4383,1172,68.3,6830
4383,1696,23.2,2324
4383,283,69.2,6925
4383,1563,46.5,4648
4383,245,39.9,3988
4383,4800,62.9,6293
4383,241,52.9,5291
4383,1041,37.2,3716
4383,1684,32.2,3220
4383,239,41.2,4120
4383,196,36.6,3656
4383,279,44.6,4460
235,275,42.7,4273
235,281,52.4,5236
235,186,52.8,5279
235,1307,67.2,6722
235,4516,42.1,4207
235,267,50.5,5055
235,1163,53.5,5346
235,4362,44.1,4410
235,229,48.6,4857
235,946,44.5,4452
235,295,41.0,4102
235,221,39.5,3949
235,265,36.3,3629
235,201,47.0,4704
235,198,50.6,5056
235,1218,53.9,5386
235,961,54.3,5433
235,227,59.2,5924
235,257,38.7,3869
235,1169,41.0,4100
235,273,48.2,4816
235,1554,41.8,4179
235,65,46.4,4644
235,251,60.7,6072
235,4431,45.8,4583
235,1699,57.2,5720
235,1528,44.0,4403
235,289,37.0,3705
235,1078,48.0,4803
235,4607,48.1,4812
235,1044,41.7,4168
235,179,42.1,4214
235,217,31.0,3101
235,261,56.3,5633
235,1148,65.9,6594
235,4383,46.9,4694
235,4728,48.3,4832
235,1037,52.0,5202
235,4363,46.3,4628
235,1690,56.6,5662
235,285,53.2,5321
235,211,52.5,5246
235,1719,59.8,5975
235,194,38.8,3881
235,1130,73.3,7333
235,77,70.3,7035
235,1479,45.6,4561
235,942,53.5,5346
235,253,41.6,4165
235,1693,32.8,3276
235,231,36.5,3654
235,1728,40.7,4072
235,1535,43.4,4335
235,1002,55.1,5507
235,287,51.9,5190
235,190,23.9,2393
235,1172,65.5,6552
235,1696,21.0,2097
235,283,66.5,6650
235,1563,43.4,4344
235,245,37.0,3695
235,4800,60.0,6000
235,241,49.9,4985
235,1041,34.3,3430
235,1684,29.5,2950
235,239,38.2,3825
235,196,33.7,3371
235,279,41.6,4158
4728,275,44.4,4439
4728,281,54.0,5404
4728,186,54.5,5446
4728,1307,68.7,6873
4728,4516,43.7,4373
4728,267,52.2,5223
4728,1163,55.1,5513
4728,4362,45.8,4577
4728,229,50.3,5026
4728,946,46.2,4619
4728,295,42.7,4267
4728,221,41.1,4113
4728,265,37.9,3789
4728,201,48.7,4872
4728,198,52.2,5225
4728,1218,55.5,5553
4728,961,56.0,5600
4728,227,60.9,6087
4728,257,40.3,4032
4728,1169,42.6,4265
4728,273,49.9,4985
4728,1554,43.5,4345
4728,65,48.1,4812
4728,251,62.3,6233
4728,4431,47.5,4751
4728,1699,58.9,5885
4728,1528,45.7,4570
4728,289,38.7,3866
4728,1078,49.7,4971
4728,4607,49.8,4981
4728,1044,43.3,4333
4728,179,43.8,4380
4728,217,32.5,3251
4728,261,58.0,5799
4728,1148,67.5,6748
4728,4383,48.6,4862
4728,235,51.7,5168
4728,1037,53.7,5370
4728,4363,48.0,4796
4728,1690,58.3,5828
4728,285,54.9,5488
4728,211,54.1,5413
4728,1719,61.4,6137
4728,194,40.4,4043
4728,1130,74.7,7470
4728,77,71.8,7179
4728,1479,47.3,4729
4728,942,55.1,5513
4728,253,43.3,4330
4728,1693,34.3,3430
4728,231,38.1,3814
4728,1728,42.4,4237
4728,1535,45.0,4501
4728,1002,56.7,5673
4728,287,53.6,5358
4728,190,25.3,2526
4728,1172,67.1,6706
4728,1696,22.2,2220
4728,283,68.0,6802
4728,1563,45.1,4511
4728,245,38.5,3855
4728,4800,61.6,6162
4728,241,51.5,5154
4728,1041,35.9,3586
4728,1684,31.0,3097
4728,239,39.9,3987
4728,196,35.3,3527
4728,279,43.2,4324
1037,275,40.8,4075
1037,281,50.3,5034
1037,186,50.8,5076
1037,1307,65.4,6536
1037,4516,40.1,4010
1037,267,48.5,4853
1037,1163,51.4,5144
1037,4362,42.1,4211
1037,229,46.5,4655
1037,946,42.5,4252
1037,295,39.1,3906
1037,221,37.5,3755
1037,265,34.4,3441
1037,201,45.0,4503
1037,198,48.5,4854
1037,1218,51.8,5184
1037,961,52.3,5231
1037,227,57.3,5726
1037,257,36.8,3676
1037,1169,39.0,3904
1037,273,46.1,4615
1037,1554,39.8,3982
1037,65,44.4,4443
1037,251,58.8,5875
1037,4431,43.8,4382
1037,1699,55.2,5520
1037,1528,42.0,4203
1037,289,35.1,3515
1037,1078,46.0,4601
1037,4607,46.1,4610
1037,1044,39.7,3971
1037,179,40.2,4016
1037,217,29.2,2924
1037,261,54.3,5432
1037,1148,64.1,6407
1037,4383,44.9,4493
1037,235,48.0,4798
1037,4728,46.3,4630
1037,4363,44.3,4427
1037,1690,54.6,5462
1037,285,51.2,5119
1037,211,50.4,5043
1037,1719,57.8,5777
1037,194,36.9,3688
1037,1130,71.6,7164
1037,77,68.6,6857
1037,1479,43.6,4361
1037,942,51.4,5144
1037,253,39.7,3968
1037,1693,30.9,3095
1037,231,34.6,3465
1037,1728,38.8,3877
1037,1535,41.4,4136
1037,1002,53.0,5305
1037,287,49.9,4988
1037,190,22.4,2239
1037,1172,63.6,6363
1037,1696,19.5,1954
1037,283,64.6,6463
1037,1563,41.5,4146
1037,245,35.0,3505
1037,4800,58.0,5803
1037,241,47.8,4783
1037,1041,32.5,3245
1037,1684,27.8,2777
1037,239,36.3,3633
1037,196,31.9,3188
1037,279,39.6,3961
4363,275,46.4,4642
4363,281,56.1,5606
4363,186,56.5,5648
4363,1307,70.5,7051
4363,4516,45.8,4575
4363,267,54.3,5426
4363,1163,57.1,5714
4363,4362,47.8,4780
4363,229,52.3,5229
4363,946,48.2,4823
4363,295,44.7,4468
4363,221,43.1,4312
4363,265,39.8,3984
4363,201,50.8,5076
4363,198,54.3,5428
4363,1218,57.5,5754
4363,961,58.0,5801
4363,227,62.8,6281
4363,257,42.3,4230
4363,1169,44.7,4466
4363,273,51.9,5188
4363,1554,45.5,4546
4363,65,50.1,5015
4363,251,64.2,6425
4363,4431,49.5,4954
4363,1699,60.8,6083
4363,1528,47.7,4773
4363,289,40.6,4062
4363,1078,51.8,5175
4363,4607,51.8,5184
4363,1044,45.4,4535
4363,179,45.8,4582
4363,217,34.4,3437
4363,261,60.0,5997
4363,1148,69.3,6929
4363,4383,50.7,5066
4363,235,53.7,5372
4363,4728,52.0,5204
4363,1037,55.7,5573
4363,1690,60.3,6026
4363,285,56.9,5690
4363,211,56.1,5615
4363,1719,63.3,6331
4363,194,42.4,4242
4363,1130,76.3,7631
4363,77,73.5,7349
4363,1479,49.3,4932
4363,942,57.1,5714
4363,253,45.3,4532
4363,1693,36.2,3620
4363,231,40.1,4010
4363,1728,44.4,4438
4363,1535,47.0,4704
4363,1002,58.7,5873
4363,287,55.6,5561
4363,190,26.9,2692
4363,1172,68.9,6888
4363,1696,23.8,2375
4363,283,69.8,6983
4363,1563,47.1,4714
4363,245,40.5,4052
4363,4800,63.5,6355
4363,241,53.6,5357
4363,1041,37.8,3779
4363,1684,32.8,3280
4363,239,41.9,4185
4363,196,37.2,3718
4363,279,45.2,4525
1690,275,36.3,3632
1690,281,45.7,4572
1690,186,46.1,4614
1690,1307,61.0,6099
1690,4516,35.7,3569
1690,267,43.9,4392
1690,1163,46.8,4681
1690,4362,37.6,3763
1690,229,42.0,4197
1690,946,38.0,3803
1690,295,34.7,3469
1690,221,33.2,3324
1690,265,30.2,3024
1690,201,40.5,4048
1690,198,43.9,4393
1690,1218,47.2,4722
1690,961,47.7,4769
1690,227,52.7,5266
1690,257,32.5,3248
1690,1169,34.7,3466
1690,273,41.6,4157
1690,1554,35.4,3542
1690,65,39.9,3989
1690,251,54.2,5419
1690,4431,39.3,3930
1690,1699,50.6,5059
1690,1528,37.6,3756
1690,289,30.9,3095
1690,1078,41.4,4144
1690,4607,41.5,4153
1690,1044,35.3,3531
1690,179,35.8,3575
1690,217,25.4,2538
1690,261,49.7,4970
1690,1148,59.6,5964
1690,4383,40.4,4038
1690,235,43.4,4338
1690,4728,41.7,4172
1690,1037,45.4,4538
1690,4363,39.7,3974
1690,285,46.6,4656
1690,211,45.8,4581
1690,1719,53.2,5319
1690,194,32.6,3259
1690,1130,67.6,6759
1690,77,64.3,6434
1690,1479,39.1,3909
1690,942,46.8,4681
1690,253,35.3,3528
1690,1693,27.0,2699
1690,231,30.5,3047
1690,1728,34.4,3441
1690,1535,36.9,3691
1690,1002,48.4,4843
1690,287,45.3,4526
1690,190,19.1,1907
1690,1172,59.2,5919
1690,1696,16.5,1649
1690,283,60.2,6023
1690,1563,37.0,3700
1690,245,30.9,3085
1690,4800,53.5,5345
1690,241,43.2,4323
1690,1041,28.4,2840
1690,1684,24.0,2402
1690,239,32.1,3207
1690,196,27.9,2786
1690,279,35.2,3522
285,275,39.6,3960
285,281,49.1,4915
285,186,49.6,4958
285,1307,64.3,6426
285,4516,39.0,3895
285,267,47.3,4734
285,1163,50.2,5025
285,4362,41.0,4095
285,229,45.4,4537
285,946,41.4,4136
285,295,37.9,3793
285,221,36.4,3643
285,265,33.3,3332
285,201,43.9,4385
285,198,47.4,4736
285,1218,50.7,5066
285,961,51.1,5113
285,227,56.1,5609
285,257,35.6,3565
285,1169,37.9,3790
285,273,45.0,4497
285,1554,38.7,3868
285,65,43.2,4325
285,251,57.6,5759
285,4431,42.6,4265
285,1699,54.0,5402
285,1528,40.9,4088
285,289,34.0,3405
285,1078,44.8,4483
285,4607,44.9,4492
285,1044,38.6,3856
285,179,39.0,3902
285,217,28.2,2822
285,261,53.1,5314
285,1148,63.0,6295
285,4383,43.8,4375
285,235,46.8,4679
285,4728,45.1,4512
285,1037,48.8,4881
285,4363,43.1,4310
285,1690,53.4,5344
285,211,49.2,4925
285,1719,56.6,5661
285,194,35.8,3576
285,1130,70.6,7063
285,77,67.5,6750
285,1479,42.4,4244
285,942,50.2,5025
285,253,38.5,3854
285,1693,29.9,2991
285,231,33.5,3355
285,1728,37.6,3763
285,1535,40.2,4020
285,1002,51.9,5187
285,287,48.7,4869
285,190,21.5,2151
285,1172,62.5,6251
285,1696,18.7,1873
285,283,63.5,6352
285,1563,40.3,4030
285,245,34.0,3395
285,4800,56.9,5686
285,241,46.6,4665
285,1041,31.4,3139
285,1684,26.8,2679
285,239,35.2,3521
285,196,30.8,3083
285,279,38.5,3847
211,275,40.3,4033
211,281,49.9,4991
211,186,50.3,5033
211,1307,65.0,6496
211,4516,39.7,3968
211,267,48.1,4809
211,1163,51.0,5100
211,4362,41.7,4168
211,229,46.1,4612
211,946,42.1,4210
211,295,38.6,3865
211,221,37.1,3714
211,265,34.0,3401
211,201,44.6,4460
211,198,48.1,4811
211,1218,51.4,5141
211,961,51.9,5188
211,227,56.8,5683
211,257,36.4,3635
211,1169,38.6,3862
211,273,45.7,4571
211,1554,39.4,3940
211,65,44.0,4400
211,251,58.3,5833
211,4431,43.4,4339
211,1699,54.8,5477
211,1528,41.6,4161
211,289,34.8,3475
211,1078,45.6,4558
211,4607,45.7,4567
211,1044,39.3,3929
211,179,39.7,3974
211,217,28.9,2887
211,261,53.9,5389
211,1148,63.7,6366
211,4383,44.5,4450
211,235,47.5,4754
211,4728,45.9,4587
211,1037,49.6,4957
211,4363,43.9,4385
211,1690,54.2,5419
211,285,50.8,5075
211,1719,57.4,5735
211,194,36.5,3647
211,1130,71.3,7127
211,77,68.2,6818
211,1479,43.2,4318
211,942,51.0,5100
211,253,39.3,3926
211,1693,30.6,3057
211,231,34.2,3425
211,1728,38.4,3835
211,1535,40.9,4094
211,1002,52.6,5262
211,287,49.5,4945
211,190,22.1,2206
211,1172,63.2,6322
211,1696,19.2,1924
211,283,64.2,6423
211,1563,41.0,4103
211,245,34.6,3465
211,4800,57.6,5760
211,241,47.4,4740
211,1041,32.1,3206
211,1684,27.4,2741
211,239,35.9,3592
211,196,31.5,3149
211,279,39.2,3920
1719,275,33.4,3336
1719,281,42.6,4256
1719,186,43.0,4298
1719,1307,57.9,5789
1719,4516,32.8,3275
1719,267,40.8,4079
1719,1163,43.6,4364
1719,4362,34.6,3463
1719,229,38.9,3888
1719,946,35.0,3503
1719,295,31.8,3178
1719,221,30.4,3039
1719,265,27.5,2751
1719,201,37.4,3741
1719,198,40.8,4080
1719,1218,44.0,4404
1719,961,44.5,4451
1719,227,49.5,4947
1719,257,29.7,2966
1719,1169,31.8,3176
1719,273,38.5,3848
1719,1554,32.5,3249
1719,65,36.8,3683
1719,251,51.0,5100
1719,4431,36.3,3626
1719,1699,47.4,4740
1719,1528,34.6,3457
1719,289,28.2,2819
1719,1078,38.4,3835
1719,4607,38.4,3844
1719,1044,32.4,3238
1719,179,32.8,3281
1719,217,22.9,2289
1719,261,46.5,4651
1719,1148,56.5,5652
1719,4383,37.3,3731
1719,235,40.2,4025
1719,4728,38.6,3863
1719,1037,42.2,4223
1719,4363,36.7,3669
1719,1690,46.8,4681
1719,285,43.4,4339
1719,211,42.6,4265
1719,194,29.8,2977
1719,1130,64.7,6466
1719,77,61.3,6132
1719,1479,36.0,3605
1719,942,43.6,4364
1719,253,32.4,3236
1719,1693,24.4,2441
1719,231,27.7,2773
1719,1728,31.5,3151
1719,1535,33.9,3393
1719,1002,45.2,4525
1719,287,42.1,4211
1719,190,17.0,1697
1719,1172,56.1,5606
1719,1696,14.6,1459
1719,283,57.1,5712
1719,1563,34.0,3402
1719,245,28.1,2809
1719,4800,50.3,5026
1719,241,40.1,4011
1719,1041,25.8,2575
1719,1684,21.6,2160
1719,239,29.3,2926
1719,196,25.2,2524
1719,279,32.3,3230
194,275,54.0,5403
194,281,63.4,6344
194,186,63.8,6384
194,1307,76.7,7674
194,4516,53.4,5336
194,267,61.7,6172
194,1163,64.5,6447
194,4362,55.4,5541
194,229,59.8,5982
194,946,55.8,5583
194,295,52.3,5229
194,221,50.7,5071
194,265,47.4,4736
194,201,58.3,5832
194,198,61.7,6173
194,1218,64.8,6485
194,961,65.3,6529
194,227,69.8,6978
194,257,49.9,4988
194,1169,52.3,5226
194,273,59.4,5942
194,1554,53.1,5307
194,65,57.7,5773
194,251,71.1,7110
194,4431,57.1,5712
194,1699,67.9,6793
194,1528,55.3,5533
194,289,48.2,4816
194,1078,59.3,5928
194,4607,59.4,5938
194,1044,53.0,5295
194,179,53.4,5343
194,217,41.6,4163
194,261,67.1,6714
194,1148,75.7,7566
194,4383,58.2,5822
194,235,61.2,6119
194,4728,59.6,5957
194,1037,63.1,6312
194,4363,57.6,5758
194,1690,67.4,6741
194,285,64.2,6424
194,211,63.5,6353
194,1719,70.2,7023
194,1130,81.8,8179
194,77,79.3,7935
194,1479,56.9,5691
194,942,64.5,6447
194,253,52.9,5292
194,1693,43.6,4356
194,231,47.6,4761
194,1728,52.0,5198
194,1535,54.6,5465
194,1002,66.0,6597
194,287,63.0,6301
194,190,33.6,3357
194,1172,75.3,7529
194,1696,30.0,3004
194,283,76.1,7613
194,1563,54.8,5475
194,245,48.0,4805
194,4800,70.5,7046
194,241,61.0,6105
194,1041,45.2,4523
194,1684,40.0,3996
194,239,49.4,4941
194,196,44.6,4459
194,279,52.9,5286
1130,275,21.0,2101
1130,281,28.6,2865
1130,186,29.0,2901
1130,1307,43.0,4297
1130,4516,20.5,2053
1130,267,27.1,2712
1130,1163,29.6,2959
1130,4362,22.0,2202
1130,229,25.5,2550
1130,946,22.3,2234
1130,295,19.8,1977
1130,221,18.7,1869
1130,265,16.5,1651
1130,201,24.3,2429
1130,198,27.1,2713
1130,1218,29.9,2994
1130,961,30.4,3036
1130,227,34.9,3485
1130,257,18.1,1813
1130,1169,19.8,1975
1130,273,25.2,2517
1130,1554,20.3,2032
1130,65,23.8,2381
1130,251,36.3,3628
1130,4431,23.3,2334
1130,1699,32.9,3294
1130,1528,22.0,2197
1130,289,17.0,1702
1130,1078,25.1,2507
1130,4607,25.1,2514
1130,1044,20.2,2024
1130,179,20.6,2057
1130,217,13.2,1316
1130,261,32.1,3215
1130,1148,41.6,4160
1130,4383,24.2,2421
1130,235,26.7,2667
1130,4728,25.3,2530
1130,1037,28.4,2836
1130,4363,23.7,2369
1130,1690,32.4,3241
1130,285,29.4,2937
1130,211,28.7,2873
1130,1719,35.3,3534
1130,194,18.2,1821
1130,77,46.5,4647
1130,1479,23.2,2317
1130,942,29.6,2959
1130,253,20.2,2022
1130,1693,14.2,1424
1130,231,16.7,1667
1130,1728,19.6,1956
1130,1535,21.5,2146
1130,1002,31.0,3101
1130,287,28.3,2826
1130,190,9.2,915
1130,1172,41.1,4115
1130,1696,7.6,763
1130,283,42.2,4220
1130,1563,21.5,2153
1130,245,16.9,1695
1130,4800,35.6,3558
1130,241,26.5,2654
1130,1041,15.2,1521
1130,1684,12.3,1227
1130,239,17.8,1783
1130,196,14.8,1484
1130,279,20.2,2017
77,275,23.6,2365
77,281,31.7,3174
77,186,32.1,3211
77,1307,46.5,4647
77,4516,23.1,2314
77,267,30.1,3013
77,1163,32.7,3272
77,4362,24.7,2474
77,229,28.4,2843
77,946,25.1,2507
77,295,22.3,2232
77,221,21.2,2116
77,265,18.8,1881
77,201,27.1,2714
77,198,30.1,3015
77,1218,33.1,3309
77,961,33.5,3352
77,227,38.2,3818
77,257,20.6,2056
77,1169,22.3,2230
77,273,28.1,2808
77,1554,22.9,2292
77,65,26.6,2664
77,251,39.6,3965
77,4431,26.1,2614
77,1699,36.2,3621
77,1528,24.7,2468
77,289,19.4,1936
77,1078,28.0,2797
77,4607,28.1,2805
77,1044,22.8,2283
77,179,23.2,2319
77,217,15.2,1515
77,261,35.4,3538
77,1148,45.1,4509
77,4383,27.1,2706
77,235,29.6,2965
77,4728,28.2,2821
77,1037,31.4,3143
77,4363,26.5,2651
77,1690,35.7,3566
77,285,32.5,3250
77,211,31.8,3182
77,1719,38.7,3868
77,194,20.6,2065
77,1130,53.5,5353
77,1479,26.0,2596
77,942,32.7,3272
77,253,22.8,2280
77,1693,16.3,1633
77,231,19.0,1898
77,1728,22.1,2210
77,1535,24.1,2414
77,1002,34.2,3420
77,287,31.3,3133
77,190,10.7,1070
77,1172,44.6,4463
77,1696,9.0,898
77,283,45.7,4569
77,1563,24.2,2421
77,245,19.3,1928
77,4800,38.9,3893
77,241,29.5,2953
77,1041,17.4,1740
77,1684,14.2,1416
77,239,20.2,2023
77,196,17.0,1699
77,279,22.8,2275
1479,275,47.1,4709
1479,281,56.7,5673
1479,186,57.1,5715
1479,1307,71.1,7109
1479,4516,46.4,4642
1479,267,54.9,5494
1479,1163,57.8,5781
1479,4362,48.5,4848
1479,229,53.0,5297
1479,946,48.9,4890
1479,295,45.4,4536
1479,221,43.8,4379
1479,265,40.5,4050
1479,201,51.4,5144
1479,198,55.0,5495
1479,1218,58.2,5821
1479,961,58.7,5867
1479,227,63.5,6345
1479,257,43.0,4297
1479,1169,45.3,4533
1479,273,52.6,5256
1479,1554,46.1,4613
1479,65,50.8,5083
1479,251,64.9,6488
1479,4431,50.2,5022
1479,1699,61.5,6148
1479,1528,48.4,4840
1479,289,41.3,4128
1479,1078,52.4,5242
1479,4607,52.5,5252
1479,1044,46.0,4602
1479,179,46.5,4649
1479,217,35.0,3500
1479,261,60.6,6063
1479,1148,69.9,6989
1479,4383,51.3,5134
1479,235,54.4,5439
1479,4728,52.7,5271
1479,1037,56.4,5639
1479,4363,50.7,5068
1479,1690,60.9,6091
1479,285,57.6,5756
1479,211,56.8,5682
1479,1719,64.0,6395
1479,194,43.1,4309
1479,1130,76.8,7683
1479,77,74.0,7404
1479,942,57.8,5781
1479,253,46.0,4599
1479,1693,36.8,3683
1479,231,40.8,4075
1479,1728,45.0,4505
1479,1535,47.7,4771
1479,1002,59.4,5939
1479,287,56.3,5628
1479,190,27.5,2749
1479,1172,69.5,6948
1479,1696,24.3,2428
1479,283,70.4,7042
1479,1563,47.8,4781
1479,245,41.2,4118
1479,4800,64.2,6419
1479,241,54.2,5424
1479,1041,38.4,3844
1479,1684,33.4,3341
1479,239,42.5,4251
1479,196,37.8,3783
1479,279,45.9,4592
942,275,39.4,3936
942,281,48.9,4890
942,186,49.3,4933
942,1307,64.0,6403
942,4516,38.7,3871
942,267,47.1,4709
942,1163,50.0,5000
942,4362,40.7,4070
942,229,45.1,4513
942,946,41.1,4112
942,295,37.7,3769
942,221,36.2,3620
942,265,33.1,3309
942,201,43.6,4361
942,198,47.1,4711
942,1218,50.4,5041
942,961,50.9,5088
942,227,55.8,5584
942,257,35.4,3542
942,1169,37.7,3766
942,273,44.7,4472
942,1554,38.4,3844
942,65,43.0,4301
942,251,57.4,5735
942,4431,42.4,4241
942,1699,53.8,5378
942,1528,40.6,4063
942,289,33.8,3383
942,1078,44.6,4458
942,4607,44.7,4468
942,1044,38.3,3833
942,179,38.8,3878
942,217,28.0,2801
942,261,52.9,5289
942,1148,62.7,6271
942,4383,43.5,4351
942,235,46.5,4654
942,4728,44.9,4487
942,1037,48.6,4856
942,4363,42.9,4286
942,1690,53.2,5319
942,285,49.8,4975
942,211,49.0,4900
942,1719,56.4,5636
942,194,35.5,3553
942,1130,70.4,7041
942,77,67.3,6728
942,1479,42.2,4219
942,253,38.3,3830
942,1693,29.7,2969
942,231,33.3,3333
942,1728,37.4,3740
942,1535,40.0,3996
942,1002,51.6,5162
942,287,48.4,4844
942,190,21.3,2133
942,1172,62.3,6227
942,1696,18.6,1856
942,283,63.3,6329
942,1563,40.1,4006
942,245,33.7,3373
942,4800,56.6,5662
942,241,46.4,4640
942,1041,31.2,3117
942,1684,26.6,2658
942,239,35.0,3498
942,196,30.6,3061
942,279,38.2,3823
253,275,51.1,5111
253,281,60.6,6065
253,186,61.1,6106
253,1307,74.4,7444
253,4516,50.4,5044
253,267,58.9,5889
253,1163,61.7,6170
253,4362,52.5,5249
253,229,57.0,5695
253,946,52.9,5292
253,295,49.4,4936
253,221,47.8,4779
253,265,44.4,4444
253,201,55.4,5544
253,198,58.9,5891
253,1218,62.1,6209
253,961,62.5,6254
253,227,67.2,6717
253,257,47.0,4695
253,1169,49.3,4933
253,273,56.5,5655
253,1554,50.1,5015
253,65,54.8,5484
253,251,68.5,6854
253,4431,54.2,5423
253,1699,65.3,6526
253,1528,52.4,5242
253,289,45.2,4524
253,1078,56.4,5641
253,4607,56.5,5651
253,1044,50.0,5003
253,179,50.5,5050
253,217,38.8,3879
253,261,64.4,6444
253,1148,73.3,7330
253,4383,55.3,5534
253,235,58.4,5835
253,4728,56.7,5670
253,1037,60.3,6032
253,4363,54.7,5468
253,1690,64.7,6472
253,285,61.5,6146
253,211,60.7,6074
253,1719,67.6,6764
253,194,47.1,4708
253,1130,79.8,7978
253,77,77.2,7720
253,1479,54.0,5401
253,942,61.7,6170
253,1693,40.7,4069
253,231,44.7,4470
253,1728,49.1,4906
253,1535,51.7,5173
253,1002,63.2,6324
253,287,60.2,6021
253,190,30.9,3094
253,1172,72.9,7291
253,1696,27.5,2754
253,283,73.8,7380
253,1563,51.8,5183
253,245,45.1,4513
253,4800,67.9,6788
253,241,58.2,5821
253,1041,42.3,4233
253,1684,37.1,3715
253,239,46.5,4649
253,196,41.7,4171
253,279,49.9,4993
1693,275,60.4,6038
1693,281,69.3,6935
1693,186,69.7,6972
1693,1307,81.4,8139
1693,4516,59.7,5973
1693,267,67.7,6773
1693,1163,70.3,7031
1693,4362,61.7,6172
1693,229,65.9,6594
1693,946,62.1,6212
1693,295,58.7,5869
1693,221,57.1,5714
1693,265,53.8,5382
1693,201,64.5,6452
1693,198,67.8,6775
1693,1218,70.7,7066
1693,961,71.1,7106
1693,227,75.2,7518
1693,257,56.3,5632
1693,1169,58.7,5866
1693,273,65.6,6556
1693,1554,59.5,5945
1693,65,64.0,6395
1693,251,76.4,7638
1693,4431,63.4,6337
1693,1699,73.5,7350
1693,1528,61.6,6165
1693,289,54.6,5462
1693,1078,65.4,6543
1693,4607,65.5,6552
1693,1044,59.3,5934
1693,179,59.8,5980
1693,217,48.0,4804
1693,261,72.8,7277
1693,1148,80.4,8044
1693,4383,64.4,6442
1693,235,67.2,6724
1693,4728,65.7,6570
1693,1037,69.0,6905
1693,4363,63.8,6380
1693,1690,73.0,7301
1693,285,70.1,7009
1693,211,69.4,6943
1693,1719,75.6,7559
1693,194,56.4,5644
1693,1130,85.8,8576
1693,77,83.7,8367
1693,1479,63.2,6317
1693,942,70.3,7031
1693,253,59.3,5931
1693,231,54.1,5407
1693,1728,58.4,5839
1693,1535,61.0,6098
1693,1002,71.7,7170
1693,287,68.9,6894
1693,190,39.7,3967
1693,1172,80.1,8012
1693,1696,35.9,3590
1693,283,80.9,8086
1693,1563,61.1,6108
1693,245,54.5,5451
1693,4800,75.8,7580
1693,241,67.1,6710
1693,1041,51.7,5168
1693,1684,46.3,4632
1693,239,55.9,5586
1693,196,51.0,5104
1693,279,59.2,5925
231,275,56.4,5639
231,281,65.7,6567
231,186,66.1,6606
231,1307,78.5,7852
231,4516,55.7,5573
231,267,64.0,6398
231,1163,66.7,6667
231,4362,57.8,5776
231,229,62.1,6211
231,946,58.2,5818
231,295,54.7,5467
231,221,53.1,5309
231,265,49.7,4974
231,201,60.6,6064
231,198,64.0,6399
231,1218,67.0,6704
231,961,67.5,6747
231,227,71.8,7183
231,257,52.3,5226
231,1169,54.6,5464
231,273,61.7,6172
231,1554,55.4,5544
231,65,60.0,6005
231,251,73.1,7311
231,4431,59.5,5946
231,1699,70.0,7004
231,1528,57.7,5769
231,289,50.5,5054
231,1078,61.6,6159
231,4607,61.7,6168
231,1044,55.3,5533
231,179,55.8,5580
231,217,44.0,4398
231,261,69.3,6927
231,1148,77.5,7749
231,4383,60.5,6054
231,235,63.5,6346
231,4728,61.9,6186
231,1037,65.3,6535
231,4363,59.9,5990
231,1690,69.5,6953
231,285,66.5,6645
231,211,65.8,6575
231,1719,72.3,7227
231,194,52.4,5239
231,1130,83.3,8333
231,77,81.0,8102
231,1479,59.2,5925
231,942,66.7,6667
231,253,55.3,5530
231,1693,45.9,4593
231,1728,54.4,5436
231,1535,57.0,5701
231,1002,68.1,6814
231,287,65.2,6524
231,190,35.8,3578
231,1172,77.1,7714
231,1696,32.1,3215
231,283,77.9,7794
231,1563,57.1,5711
231,245,50.4,5044
231,4800,72.5,7249
231,241,63.3,6332
231,1041,47.6,4760
231,1684,42.3,4228
231,239,51.8,5180
231,196,47.0,4697
231,279,55.2,5523
1728,275,52.0,5205
1728,281,61.6,6156
1728,186,62.0,6196
1728,1307,75.2,7519
1728,4516,51.4,5138
1728,267,59.8,5981
1728,1163,62.6,6260
1728,4362,53.4,5343
1728,229,57.9,5788
1728,946,53.9,5386
1728,295,50.3,5031
1728,221,48.7,4873
1728,265,45.4,4538
1728,201,56.4,5637
1728,198,59.8,5982
1728,1218,63.0,6299
1728,961,63.4,6343
1728,227,68.0,6802
1728,257,47.9,4790
1728,1169,50.3,5028
1728,273,57.5,5748
1728,1554,51.1,5109
1728,65,55.8,5577
1728,251,69.4,6938
1728,4431,55.2,5516
1728,1699,66.1,6613
1728,1528,53.4,5336
1728,289,46.2,4618
1728,1078,57.3,5734
1728,4607,57.4,5744
1728,1044,51.0,5097
1728,179,51.5,5145
1728,217,39.7,3970
1728,261,65.3,6532
1728,1148,74.1,7407
1728,4383,56.3,5627
1728,235,59.3,5928
1728,4728,57.6,5763
1728,1037,61.2,6123
1728,4363,55.6,5562
1728,1690,65.6,6559
1728,285,62.4,6237
1728,211,61.6,6165
1728,1719,68.5,6849
1728,194,48.0,4802
1728,1130,80.4,8044
1728,77,77.9,7790
1728,1479,55.0,5495
1728,942,62.6,6260
1728,253,50.9,5094
1728,1693,41.6,4161
1728,231,45.6,4564
1728,1535,52.7,5267
1728,1002,64.1,6413
1728,287,61.1,6112
1728,190,31.8,3178
1728,1172,73.7,7369
1728,1696,28.3,2833
1728,283,74.6,7456
1728,1563,52.8,5277
1728,245,46.1,4607
1728,4800,68.7,6872
1728,241,59.1,5913
1728,1041,43.3,4326
1728,1684,38.0,3805
1728,239,47.4,4743
1728,196,42.6,4264
1728,279,50.9,5088
1535,275,49.4,4938
1535,281,59.0,5897
1535,186,59.4,5938
1535,1307,73.0,7302
1535,4516,48.7,4871
1535,267,57.2,5720
1535,1163,60.0,6004
1535,4362,50.8,5076
1535,229,55.2,5524
1535,946,51.2,5119
1535,295,47.6,4763
1535,221,46.1,4606
1535,265,42.7,4274
1535,201,53.7,5372
1535,198,57.2,5721
1535,1218,60.4,6043
1535,961,60.9,6089
1535,227,65.6,6559
1535,257,45.2,4523
1535,1169,47.6,4761
1535,273,54.8,5484
1535,1554,48.4,4842
1535,65,53.1,5311
1535,251,67.0,6699
1535,4431,52.5,5250
1535,1699,63.6,6365
1535,1528,50.7,5069
1535,289,43.5,4353
1535,1078,54.7,5470
1535,4607,54.8,5480
1535,1044,48.3,4830
1535,179,48.8,4877
1535,217,37.1,3714
1535,261,62.8,6281
1535,1148,71.8,7185
1535,4383,53.6,5362
1535,235,56.6,5665
1535,4728,55.0,5499
1535,1037,58.6,5864
1535,4363,53.0,5296
1535,1690,63.1,6309
1535,285,59.8,5980
1535,211,59.1,5906
1535,1719,66.1,6607
1535,194,45.4,4535
1535,1130,78.5,7854
1535,77,75.9,7586
1535,1479,52.3,5229
1535,942,60.0,6004
1535,253,48.3,4827
1535,1693,39.0,3902
1535,231,43.0,4299
1535,1728,47.3,4733
1535,1002,61.6,6160
1535,287,58.5,5852
1535,190,29.4,2943
1535,1172,71.5,7146
1535,1696,26.1,2611
1535,283,72.4,7237
1535,1563,50.1,5010
1535,245,43.4,4342
1535,4800,66.3,6631
1535,241,56.5,5651
1535,1041,40.6,4064
1535,1684,35.5,3552
1535,239,44.8,4477
1535,196,40.0,4002
1535,279,48.2,4820
1002,275,37.8,3781
1002,281,47.3,4729
1002,186,47.7,4771
1002,1307,62.5,6250
1002,4516,37.2,3717
1002,267,45.5,4548
1002,1163,48.4,4838
1002,4362,39.1,3914
1002,229,43.5,4352
1002,946,39.5,3955
1002,295,36.2,3616
1002,221,34.7,3468
1002,265,31.6,3163
1002,201,42.0,4201
1002,198,45.5,4549
1002,1218,48.8,4879
1002,961,49.3,4926
1002,227,54.2,5423
1002,257,33.9,3392
1002,1169,36.1,3613
1002,273,43.1,4312
1002,1554,36.9,3690
1002,65,41.4,4142
1002,251,55.8,5575
1002,4431,40.8,4082
1002,1699,52.2,5216
1002,1528,39.1,3906
1002,289,32.4,3235
1002,1078,43.0,4298
1002,4607,43.1,4308
1002,1044,36.8,3678
1002,179,37.2,3723
1002,217,26.7,2666
1002,261,51.3,5128
1002,1148,61.2,6116
1002,4383,41.9,4191
1002,235,44.9,4493
1002,4728,43.3,4327
1002,1037,47.0,4695
1002,4363,41.3,4127
1002,1690,51.6,5157
1002,285,48.1,4813
1002,211,47.4,4738
1002,1719,54.8,5475
1002,194,34.0,3403
1002,1130,69.0,6899
1002,77,65.8,6580
1002,1479,40.6,4061
1002,942,48.4,4838
1002,253,36.8,3676
1002,1693,28.3,2830
1002,231,31.9,3186
1002,1728,35.9,3587
1002,1535,38.4,3840
1002,287,46.8,4683
1002,190,20.2,2016
1002,1172,60.7,6072
1002,1696,17.5,1749
1002,283,61.8,6175
1002,1563,38.5,3850
1002,245,32.3,3226
1002,4800,55.0,5501
1002,241,44.8,4479
1002,1041,29.8,2975
1002,1684,25.3,2526
1002,239,33.5,3349
1002,196,29.2,2920
1002,279,36.7,3669
287,275,40.9,4087
287,281,50.5,5046
287,186,50.9,5088
287,1307,65.5,6547
287,4516,40.2,4022
287,267,48.6,4865
287,1163,51.6,5156
287,4362,42.2,4222
287,229,46.7,4667
287,946,42.6,4264
287,295,39.2,3918
287,221,37.7,3767
287,265,34.5,3452
287,201,45.1,4515
287,198,48.7,4866
287,1218,52.0,5196
287,961,52.4,5243
287,227,57.4,5737
287,257,36.9,3688
287,1169,39.1,3915
287,273,46.3,4626
287,1554,39.9,3994
287,65,44.5,4455
287,251,58.9,5887
287,4431,43.9,4394
287,1699,55.3,5532
287,1528,42.1,4215
287,289,35.3,3526
287,1078,46.1,4613
287,4607,46.2,4622
287,1044,39.8,3982
287,179,40.3,4028
287,217,29.3,2934
287,261,54.4,5444
287,1148,64.2,6418
287,4383,45.0,4505
287,235,48.1,4810
287,4728,46.4,4642
287,1037,50.1,5012
287,4363,44.4,4439
287,1690,54.7,5474
287,285,51.3,5131
287,211,50.5,5055
287,1719,57.9,5789
287,194,37.0,3699
287,1130,71.7,7174
287,77,68.7,6867
287,1479,43.7,4372
287,942,51.6,5156
287,253,39.8,3979
287,1693,31.1,3106
287,231,34.8,3476
287,1728,38.9,3888
287,1535,41.5,4148
287,1002,53.2,5317
287,190,22.5,2248
287,1172,63.7,6374
287,1696,19.6,1962
287,283,64.7,6474
287,1563,41.6,4157
287,245,35.2,3516
287,4800,58.1,5814
287,241,48.0,4795
287,1041,32.6,3256
287,1684,27.9,2788
287,239,36.4,3644
287,196,32.0,3199
287,279,39.7,3973
190,275,70.0,7003
190,281,77.9,7787
190,186,78.2,7818
190,1307,87.6,8758
190,4516,69.4,6944
190,267,76.5,7649
190,1163,78.7,7867
190,4362,71.2,7123
190,229,74.9,7494
190,946,71.6,7159
190,295,68.5,6849
190,221,67.1,6707
190,265,64.0,6397
190,201,73.7,7370
190,198,76.5,7650
190,1218,79.0,7897
190,961,79.3,7931
190,227,82.7,8269
190,257,66.3,6631
190,1169,68.5,6847
190,273,74.6,7461
190,1554,69.2,6919
190,65,73.2,7320
190,251,83.7,8366
190,4431,72.7,7270
190,1699,81.3,8132
190,1528,71.2,7116
190,289,64.7,6473
190,1078,74.5,7450
190,4607,74.6,7458
190,1044,69.1,6908
190,179,69.5,6950
190,217,58.4,5842
190,261,80.7,8072
190,1148,86.8,8685
190,4383,73.6,7362
190,235,76.1,7607
190,4728,74.7,7474
190,1037,77.6,7761
190,4363,73.1,7308
190,1690,80.9,8093
190,285,78.5,7849
190,211,77.9,7794
190,1719,83.0,8303
190,194,66.4,6643
190,1130,90.8,9085
190,77,89.3,8930
190,1479,72.5,7251
190,942,78.7,7867
190,253,69.1,6906
190,1693,60.3,6033
190,231,64.2,6422
190,1728,68.2,6822
190,1535,70.6,7057
190,1002,79.8,7984
190,287,77.5,7752
190,1172,86.6,8660
190,1696,46.0,4605
190,283,87.2,8717
190,1563,70.7,7066
190,245,64.6,6463
190,4800,83.2,8319
190,241,76.0,7595
190,1041,62.0,6195
190,1684,56.7,5673
190,239,65.9,6589
190,196,61.3,6134
190,279,69.0,6900
1172,275,28.0,2801
1172,281,36.7,3669
1172,186,37.1,3709
1172,1307,51.9,5186
1172,4516,27.4,2745
1172,267,35.0,3499
1172,1163,37.7,3773
1172,4362,29.2,2919
1172,229,33.2,3318
1172,946,29.6,2956
1172,295,26.6,2656
1172,221,25.3,2528
1172,265,22.7,2266
1172,201,31.8,3179
1172,198,35.0,3501
1172,1218,38.1,3812
1172,961,38.6,3857
1172,227,43.4,4342
1172,257,24.6,2461
1172,1169,26.5,2654
1172,273,32.8,3280
1172,1554,27.2,2721
1172,65,31.2,3125
1172,251,44.9,4493
1172,4431,30.7,3071
1172,1699,41.4,4138
1172,1528,29.1,2913
1172,289,23.3,2328
1172,1078,32.7,3268
1172,4607,32.8,3277
1172,1044,27.1,2711
1172,179,27.5,2750
1172,217,18.5,1854
1172,261,40.5,4052
1172,1148,50.5,5046
1172,4383,31.7,3170
1172,235,34.5,3448
1172,4728,32.9,3294
1172,1037,36.4,3637
1172,4363,31.1,3112
1172,1690,40.8,4081
1172,285,37.5,3749
1172,211,36.8,3678
1172,1719,43.9,4394
1172,194,24.7,2471
1172,1130,58.9,5885
1172,77,55.4,5537
1172,1479,30.5,3052
1172,942,37.7,3773
1172,253,27.1,2709
1172,1693,19.9,1988
1172,231,22.9,2286
1172,1728,26.3,2631
1172,1535,28.5,2854
1172,1002,39.3,3928
1172,287,36.3,3626
1172,190,13.4,1340
1172,1696,11.4,1137
1172,283,51.1,5107
1172,1563,28.6,2862
1172,245,23.2,2319
1172,4800,44.2,4420
1172,241,34.4,3435
1172,1041,21.1,2108
1172,1684,17.4,1741
1172,239,24.2,2425
1172,196,20.6,2062
1172,279,27.0,2703
1696,275,73.4,7338
1696,281,80.7,8070
1696,186,81.0,8099
1696,1307,89.5,8950
1696,4516,72.8,7283
1696,267,79.4,7943
1696,1163,81.4,8144
1696,4362,74.5,7451
1696,229,78.0,7799
1696,946,74.8,7485
1696,295,71.9,7193
1696,221,70.6,7058
1696,265,67.6,6761
1696,201,76.8,7683
1696,198,79.4,7944
1696,1218,81.7,8171
1696,961,82.0,8203
1696,227,85.1,8511
1696,257,69.8,6985
1696,1169,71.9,7190
1696,273,77.7,7768
1696,1554,72.6,7258
1696,65,76.4,7637
1696,251,86.0,8598
1696,4431,75.9,7589
1696,1699,83.9,8387
1696,1528,74.5,7445
1696,289,68.3,6833
1696,1078,77.6,7758
1696,4607,77.7,7765
1696,1044,72.5,7249
1696,179,72.9,7288
1696,217,62.2,6224
1696,261,83.3,8332
1696,1148,88.8,8885
1696,4383,76.8,7676
1696,235,79.0,7903
1696,4728,77.8,7780
1696,1037,80.5,8046
1696,4363,76.2,7625
1696,1690,83.5,8351
1696,285,81.3,8127
1696,211,80.8,8076
1696,1719,85.4,8541
1696,194,70.0,6996
1696,1130,92.4,9237
1696,77,91.0,9102
1696,1479,75.7,7572
1696,942,81.4,8144
1696,253,72.5,7246
1696,1693,64.1,6410
1696,231,67.8,6785
1696,1728,71.7,7167
1696,1535,73.9,7389
1696,1002,82.5,8251
1696,287,80.4,8038
1696,190,54.0,5395
1696,1172,88.6,8863
1696,283,89.1,8913
1696,1563,74.0,7397
1696,245,68.2,6824
1696,4800,85.6,8556
1696,241,78.9,7893
1696,1041,65.7,6566
1696,1684,60.6,6059
1696,239,69.5,6945
1696,196,65.1,6507
1696,279,72.4,7241
283,275,27.1,2711
283,281,35.7,3569
283,186,36.1,3608
283,1307,50.8,5079
283,4516,26.6,2656
283,267,34.0,3400
283,1163,36.7,3671
283,4362,28.3,2828
283,229,32.2,3221
283,946,28.6,2864
283,295,25.7,2569
283,221,24.4,2443
283,265,21.9,2186
283,201,30.8,3084
283,198,34.0,3402
283,1218,37.1,3710
283,961,37.5,3755
283,227,42.4,4237
283,257,23.8,2378
283,1169,25.7,2566
283,273,31.8,3184
283,1554,26.3,2632
283,65,30.3,3031
283,251,43.9,4387
283,4431,29.8,2977
283,1699,40.3,4034
283,1528,28.2,2822
283,289,22.5,2246
283,1078,31.7,3172
283,4607,31.8,3180
283,1044,26.2,2623
283,179,26.6,2661
283,217,17.8,1783
283,261,39.5,3948
283,1148,49.4,4939
283,4383,30.8,3075
283,235,33.5,3350
283,4728,32.0,3198
283,1037,35.4,3537
283,4363,30.2,3017
283,1690,39.8,3977
283,285,36.5,3648
283,211,35.8,3577
283,1719,42.9,4288
283,194,23.9,2387
283,1130,57.8,5780
283,77,54.3,5431
283,1479,29.6,2958
283,942,36.7,3671
283,253,26.2,2620
283,1693,19.1,1914
283,231,22.1,2206
283,1728,25.4,2544
283,1535,27.6,2763
283,1002,38.2,3825
283,287,35.3,3526
283,190,12.8,1283
283,1172,48.9,4893
283,1696,10.9,1087
283,1563,27.7,2772
283,245,22.4,2238
283,4800,43.1,4314
283,241,33.4,3337
283,1041,20.3,2031
283,1684,16.7,1673
283,239,23.4,2342
283,196,19.9,1987
283,279,26.1,2615
1563,275,49.3,4928
1563,281,58.9,5888
1563,186,59.3,5929
1563,1307,72.9,7294
1563,4516,48.6,4861
1563,267,57.1,5710
1563,1163,59.9,5994
1563,4362,50.7,5066
1563,229,55.1,5515
1563,946,51.1,5109
1563,295,47.5,4754
1563,221,46.0,4596
1563,265,42.6,4264
1563,201,53.6,5362
1563,198,57.1,5711
1563,1218,60.3,6034
1563,961,60.8,6079
1563,227,65.5,6550
1563,257,45.1,4513
1563,1169,47.5,4751
1563,273,54.7,5474
1563,1554,48.3,4832
1563,65,53.0,5302
1563,251,66.9,6690
1563,4431,52.4,5240
1563,1699,63.6,6356
1563,1528,50.6,5059
1563,289,43.4,4343
1563,1078,54.6,5460
1563,4607,54.7,5470
1563,1044,48.2,4820
1563,179,48.7,4867
1563,217,37.0,3705
1563,261,62.7,6272
1563,1148,71.8,7177
1563,4383,53.5,5352
1563,235,56.6,5656
1563,4728,54.9,5489
1563,1037,58.5,5854
1563,4363,52.9,5286
1563,1690,63.0,6300
1563,285,59.7,5970
1563,211,59.0,5897
1563,1719,66.0,6598
1563,194,45.2,4525
1563,1130,78.5,7847
1563,77,75.8,7579
1563,1479,52.2,5219
1563,942,59.9,5994
1563,253,48.2,4817
1563,1693,38.9,3892
1563,231,42.9,4289
1563,1728,47.2,4723
1563,1535,49.9,4990
1563,1002,61.5,6150
1563,287,58.4,5843
1563,190,29.3,2934
1563,1172,71.4,7138
1563,1696,26.0,2603
1563,283,72.3,7228
1563,245,43.3,4332
1563,4800,66.2,6622
1563,241,56.4,5641
1563,1041,40.5,4055
1563,1684,35.4,3543
1563,239,44.7,4467
1563,196,39.9,3993
1563,279,48.1,4811
245,275,56.0,5596
245,281,65.3,6527
245,186,65.7,6566
245,1307,78.2,7820
245,4516,55.3,5530
245,267,63.6,6357
245,1163,66.3,6627
245,4362,57.3,5733
245,229,61.7,6169
245,946,57.8,5775
245,295,54.2,5423
245,221,52.7,5266
245,265,49.3,4930
245,201,60.2,6022
245,198,63.6,6358
245,1218,66.7,6665
245,961,67.1,6707
245,227,71.5,7146
245,257,51.8,5183
245,1169,54.2,5420
245,273,61.3,6130
245,1554,55.0,5501
245,65,59.6,5963
245,251,72.8,7275
245,4431,59.0,5903
245,1699,69.7,6966
245,1528,57.3,5726
245,289,50.1,5011
245,1078,61.2,6117
245,4607,61.3,6126
245,1044,54.9,5489
245,179,55.4,5536
245,217,43.5,4355
245,261,68.9,6888
245,1148,77.2,7716
245,4383,60.1,6012
245,235,63.0,6305
245,4728,61.5,6145
245,1037,65.0,6495
245,4363,59.5,5948
245,1690,69.2,6915
245,285,66.0,6605
245,211,65.3,6535
245,1719,71.9,7191
245,194,52.0,5195
245,1130,83.0,8305
245,77,80.7,8072
245,1479,58.8,5882
245,942,66.3,6627
245,253,54.9,5487
245,1693,45.5,4549
245,231,49.6,4956
245,1728,53.9,5393
245,1535,56.6,5658
245,1002,67.7,6774
245,287,64.8,6484
245,190,35.4,3537
245,1172,76.8,7681
245,1696,31.8,3176
245,283,77.6,7762
245,1563,56.7,5668
245,4800,72.1,7212
245,241,62.9,6291
245,1041,47.2,4717
245,1684,41.9,4185
245,239,51.4,5136
245,196,46.5,4653
245,279,54.8,5480
4800,275,33.1,3312
4800,281,42.3,4231
4800,186,42.7,4272
4800,1307,57.6,5763
4800,4516,32.5,3251
4800,267,40.5,4053
4800,1163,43.4,4339
4800,4362,34.4,3439
4800,229,38.6,3863
4800,946,34.8,3479
4800,295,31.6,3155
4800,221,30.2,3016
4800,265,27.3,2729
4800,201,37.2,3716
4800,198,40.5,4055
4800,1218,43.8,4379
4800,961,44.2,4425
4800,227,49.2,4922
4800,257,29.4,2944
4800,1169,31.5,3153
4800,273,38.2,3823
4800,1554,32.2,3225
4800,65,36.6,3659
4800,251,50.7,5074
4800,4431,36.0,3601
4800,1699,47.1,4714
4800,1528,34.3,3433
4800,289,28.0,2797
4800,1078,38.1,3810
4800,4607,38.2,3819
4800,1044,32.1,3215
4800,179,32.6,3258
4800,217,22.7,2269
4800,261,46.3,4626
4800,1148,56.3,5626
4800,4383,37.1,3707
4800,235,40.0,4000
4800,4728,38.4,3838
4800,1037,42.0,4197
4800,4363,36.5,3645
4800,1690,46.5,4655
4800,285,43.1,4314
4800,211,42.4,4240
4800,1719,49.7,4974
4800,194,29.5,2954
4800,1130,64.4,6442
4800,77,61.1,6107
4800,1479,35.8,3581
4800,942,43.4,4338
4800,253,32.1,3212
4800,1693,24.2,2420
4800,231,27.5,2751
4800,1728,31.3,3128
4800,1535,33.7,3369
4800,1002,45.0,4499
4800,287,41.9,4186
4800,190,16.8,1681
4800,1172,55.8,5580
4800,1696,14.4,1444
4800,283,56.9,5686
4800,1563,33.8,3378
4800,245,27.9,2788
4800,241,39.9,3986
4800,1041,25.5,2554
4800,1684,21.4,2141
4800,239,29.0,2904
4800,196,25.0,2503
4800,279,32.1,3206
241,275,42.9,4288
241,281,52.5,5251
241,186,52.9,5293
241,1307,67.3,6735
241,4516,42.2,4222
241,267,50.7,5070
241,1163,53.6,5360
241,4362,44.2,4425
241,229,48.7,4872
241,946,44.7,4467
241,295,41.2,4117
241,221,39.6,3963
241,265,36.4,3643
241,201,47.2,4719
241,198,50.7,5071
241,1218,54.0,5401
241,961,54.5,5448
241,227,59.4,5938
241,257,38.8,3883
241,1169,41.1,4114
241,273,48.3,4831
241,1554,41.9,4193
241,65,46.6,4658
241,251,60.9,6086
241,4431,46.0,4597
241,1699,57.4,5735
241,1528,44.2,4417
241,289,37.2,3719
241,1078,48.2,4817
241,4607,48.3,4827
241,1044,41.8,4182
241,179,42.3,4228
241,217,31.1,3114
241,261,56.5,5647
241,1148,66.1,6608
241,4383,47.1,4709
241,235,50.1,5015
241,4728,48.5,4846
241,1037,52.2,5217
241,4363,46.4,4643
241,1690,56.8,5677
241,285,53.4,5335
241,211,52.6,5260
241,1719,59.9,5989
241,194,39.0,3895
241,1130,73.5,7346
241,77,70.5,7047
241,1479,45.8,4576
241,942,53.6,5360
241,253,41.8,4179
241,1693,32.9,3290
241,231,36.7,3668
241,1728,40.9,4087
241,1535,43.5,4349
241,1002,55.2,5521
241,287,52.0,5205
241,190,24.1,2405
241,1172,65.7,6565
241,1696,21.1,2107
241,283,66.6,6663
241,1563,43.6,4359
241,245,37.1,3709
241,4800,60.1,6014
241,1041,34.4,3444
241,1684,29.6,2963
241,239,38.4,3839
241,196,33.9,3385
241,279,41.7,4173
1041,275,58.8,5875
1041,281,67.8,6785
1041,186,68.2,6823
1041,1307,80.2,8024
1041,4516,58.1,5809
1041,267,66.2,6621
1041,1163,68.8,6883
1041,4362,60.1,6010
1041,229,64.4,6438
1041,946,60.5,6051
1041,295,57.0,5704
1041,221,55.5,5548
1041,265,52.1,5214
1041,201,62.9,6293
1041,198,66.2,6622
1041,1218,69.2,6919
1041,961,69.6,6960
1041,227,73.8,7382
1041,257,54.6,5465
1041,1169,57.0,5701
1041,273,64.0,6399
1041,1554,57.8,5781
1041,65,62.4,6236
1041,251,75.1,7506
1041,4431,61.8,6177
1041,1699,72.1,7210
1041,1528,60.0,6003
1041,289,52.9,5294
1041,1078,63.9,6386
1041,4607,64.0,6395
1041,1044,57.7,5769
1041,179,58.2,5816
1041,217,46.4,4636
1041,261,71.3,7135
1041,1148,79.2,7925
1041,4383,62.8,6284
1041,235,65.7,6570
1041,4728,64.1,6414
1041,1037,67.5,6755
1041,4363,62.2,6221
1041,1690,71.6,7160
1041,285,68.6,6861
1041,211,67.9,6794
1041,1719,74.2,7425
1041,194,54.8,5477
1041,1130,84.8,8479
1041,77,82.6,8260
1041,1479,61.6,6156
1041,942,68.8,6883
1041,253,57.7,5767
1041,1693,48.3,4832
1041,231,52.4,5240
1041,1728,56.7,5674
1041,1535,59.4,5936
1041,1002,70.2,7025
1041,287,67.4,6744
1041,190,38.0,3805
1041,1172,78.9,7892
1041,1696,34.3,3434
1041,283,79.7,7969
1041,1563,59.5,5945
1041,245,52.8,5283
1041,4800,74.5,7446
1041,241,65.6,6556
1041,1684,44.6,4465
1041,239,54.2,5419
1041,196,49.4,4936
1041,279,57.6,5760
1684,275,63.9,6389
1684,281,72.5,7251
1684,186,72.9,7286
1684,1307,83.8,8376
1684,4516,63.3,6326
1684,267,71.0,7097
1684,1163,73.4,7342
1684,4362,65.2,6519
1684,229,69.2,6925
1684,946,65.6,6558
1684,295,62.2,6224
1684,221,60.7,6073
1684,265,57.5,5746
1684,201,67.9,6789
1684,198,71.0,7099
1684,1218,73.8,7375
1684,961,74.1,7414
1684,227,78.0,7801
1684,257,59.9,5993
1684,1169,62.2,6222
1684,273,68.9,6889
1684,1554,63.0,6299
1684,65,67.3,6734
1684,251,79.1,7913
1684,4431,66.8,6679
1684,1699,76.4,7643
1684,1528,65.1,6512
1684,289,58.2,5825
1684,1078,68.8,6877
1684,4607,68.9,6886
1684,1044,62.9,6288
1684,179,63.3,6332
1684,217,51.7,5172
1684,261,75.8,7575
1684,1148,82.9,8289
1684,4383,67.8,6780
1684,235,70.5,7050
1684,4728,69.0,6903
1684,1037,72.2,7223
1684,4363,67.2,6720
1684,1690,76.0,7598
1684,285,73.2,7321
1684,211,72.6,7259
1684,1719,78.4,7840
1684,194,60.0,6004
1684,1130,87.7,8773
1684,77,85.8,8584
1684,1479,66.6,6659
1684,942,73.4,7342
1684,253,62.9,6285
1684,1693,53.7,5368
1684,231,57.7,5772
1684,1728,62.0,6195
1684,1535,64.5,6448
1684,1002,74.7,7474
1684,287,72.1,7212
1684,190,43.3,4327
1684,1172,82.6,8259
1684,1696,39.4,3941
1684,283,83.3,8327
1684,1563,64.6,6457
1684,245,58.1,5815
1684,4800,78.6,7859
1684,241,70.4,7037
1684,1041,55.4,5535
1684,239,59.5,5948
1684,196,54.7,5472
1684,279,62.8,6279
239,275,54.6,5461
239,281,64.0,6399
239,186,64.4,6439
239,1307,77.2,7718
239,4516,53.9,5394
239,267,62.3,6228
239,1163,65.0,6502
239,4362,56.0,5599
239,229,60.4,6038
239,946,56.4,5641
239,295,52.9,5288
239,221,51.3,5130
239,265,47.9,4794
239,201,58.9,5890
239,198,62.3,6229
239,1218,65.4,6539
239,961,65.8,6583
239,227,70.3,7029
239,257,50.5,5046
239,1169,52.9,5285
239,273,60.0,5999
239,1554,53.7,5366
239,65,58.3,5830
239,251,71.6,7160
239,4431,57.7,5770
239,1699,68.5,6846
239,1528,55.9,5591
239,289,48.8,4875
239,1078,59.9,5985
239,4607,60.0,5995
239,1044,53.5,5354
239,179,54.0,5401
239,217,42.2,4221
239,261,67.7,6767
239,1148,76.1,7611
239,4383,58.8,5880
239,235,61.8,6175
239,4728,60.1,6013
239,1037,63.7,6367
239,4363,58.1,5815
239,1690,67.9,6793
239,285,64.8,6479
239,211,64.1,6408
239,1719,70.7,7074
239,194,50.6,5059
239,1130,82.2,8217
239,77,79.8,7977
239,1479,57.5,5749
239,942,65.0,6502
239,253,53.5,5351
239,1693,44.1,4414
239,231,48.2,4820
239,1728,52.6,5257
239,1535,55.2,5523
239,1002,66.5,6651
239,287,63.6,6356
239,190,34.1,3411
239,1172,75.8,7575
239,1696,30.6,3055
239,283,76.6,7658
239,1563,55.3,5533
239,245,48.6,4864
239,4800,71.0,7096
239,241,61.6,6161
239,1041,45.8,4581
239,1684,40.5,4052
239,196,45.2,4517
239,279,53.4,5344
196,275,59.4,5937
196,281,68.4,6842
196,186,68.8,6880
196,1307,80.7,8068
196,4516,58.7,5872
196,267,66.8,6679
196,1163,69.4,6939
196,4362,60.7,6071
196,229,65.0,6497
196,946,61.1,6112
196,295,57.7,5767
196,221,56.1,5611
196,265,52.8,5278
196,201,63.5,6354
196,198,66.8,6680
196,1218,69.8,6975
196,961,70.2,7016
196,227,74.3,7434
196,257,55.3,5529
196,1169,57.6,5764
196,273,64.6,6459
196,1554,58.4,5843
196,65,63.0,6296
196,251,75.6,7556
196,4431,62.4,6238
196,1699,72.6,7263
196,1528,60.6,6064
196,289,53.6,5358
196,1078,64.5,6446
196,4607,64.5,6455
196,1044,58.3,5832
196,179,58.8,5878
196,217,47.0,4700
196,261,71.9,7189
196,1148,79.7,7971
196,4383,63.4,6344
196,235,66.3,6629
196,4728,64.7,6473
196,1037,68.1,6812
196,4363,62.8,6282
196,1690,72.1,7214
196,285,69.2,6917
196,211,68.5,6851
196,1719,74.8,7476
196,194,55.4,5541
196,1130,85.2,8516
196,77,83.0,8301
196,1479,62.2,6217
196,942,69.4,6939
196,253,58.3,5829
196,1693,49.0,4896
196,231,53.0,5303
196,1728,57.4,5736
196,1535,60.0,5998
196,1002,70.8,7080
196,287,68.0,6801
196,190,38.7,3866
196,1172,79.4,7938
196,1696,34.9,3493
196,283,80.1,8013
196,1563,60.1,6007
196,245,53.5,5347
196,4800,75.0,7497
196,241,66.2,6615
196,1041,50.6,5064
196,1684,45.3,4528
196,239,54.8,5483
196,279,58.2,5823
279,275,51.2,5117
279,281,60.7,6071
279,186,61.1,6112
279,1307,74.5,7449
279,4516,50.5,5050
279,267,59.0,5895
279,1163,61.8,6177
279,4362,52.6,5256
279,229,57.0,5702
279,946,53.0,5298
279,295,49.4,4943
279,221,47.9,4785
279,265,44.5,4451
279,201,55.5,5550
279,198,59.0,5897
279,1218,62.2,6216
279,961,62.6,6260
279,227,67.2,6723
279,257,47.0,4702
279,1169,49.4,4940
279,273,56.6,5661
279,1554,50.2,5021
279,65,54.9,5490
279,251,68.6,6860
279,4431,54.3,5429
279,1699,65.3,6532
279,1528,52.5,5248
279,289,45.3,4531
279,1078,56.5,5648
279,4607,56.6,5657
279,1044,50.1,5010
279,179,50.6,5057
279,217,38.9,3886
279,261,64.5,6450
279,1148,73.3,7335
279,4383,55.4,5540
279,235,58.4,5842
279,4728,56.8,5676
279,1037,60.4,6039
279,4363,54.8,5475
279,1690,64.8,6478
279,285,61.5,6153
279,211,60.8,6080
279,1719,67.7,6770
279,194,47.1,4714
279,1130,79.8,7983
279,77,77.2,7725
279,1479,54.1,5408
279,942,61.8,6177
279,253,50.1,5007
279,1693,40.8,4075
279,231,44.8,4477
279,1728,49.1,4912
279,1535,51.8,5180
279,1002,63.3,6331
279,287,60.3,6027
279,190,31.0,3100
279,1172,73.0,7297
279,1696,27.6,2759
279,283,73.8,7385
279,1563,51.9,5189
279,245,45.2,4520
279,4800,67.9,6794
279,241,58.3,5827
279,1041,42.4,4240
279,1684,37.2,3721
279,239,46.6,4656
279,196,41.8,4177
