event_name,am,country,dg_id,dg_rank,owgr_rank,player_name,player_num,pre_tourn_pageviews,teetimes,tour_rank,updated_at
Bank of Utah Championship,1,USA,32652,379.0,,"Akina, Kihei",67118,32,[],,2026-09-28T17:51:08+00:00
Bank of Utah Championship,0,USA,19846,81.0,152.0,"Bauchou, Zach",48001,97,[],86,2026-09-28T17:51:08+00:00
Bank of Utah Championship,0,RSA,18103,75.0,102.0,"Bezuidenhout, Christiaan",45522,102,[],99,2026-09-28T17:51:08+00:00
Bank of Utah Championship,0,USA,17639,101.0,144.0,"Blair, Zac",40058,66,[],124,2026-09-28T17:51:08+00:00
Bank of Utah Championship,0,USA,24956,259.0,130.0,"Blanchet, Chandler",54788,42,[],113,2026-09-28T17:51:08+00:00
Bank of Utah Championship,1,USA,30037448,,,"Bracken, Boston",71475,26,[],,2026-09-28T17:51:08+00:00
Bank of Utah Championship,0,USA,29197,34.0,33.0,"Brennan, Michael",61522,228,[],46,2026-09-28T17:51:08+00:00
Bank of Utah Championship,0,PUR,12909,,,"Campos, Rafael",32070,27,[],166,2026-09-28T17:51:08+00:00
Bank of Utah Championship,0,USA,30620,180.0,248.0,"Chatfield, Davis",59006,42,[],134,2026-09-28T17:51:08+00:00
Bank of Utah Championship,0,USA,32330,274.0,340.0,"Clanton, Luke",66743,71,[],150,2026-09-28T17:51:08+00:00
Bank of Utah Championship,0,USA,21756,63.0,78.0,"Cole, Eric",47591,94,[],49,2026-09-28T17:51:08+00:00
Bank of Utah Championship,0,USA,28309,125.0,70.0,"Coody, Pierceson",59836,125,[],54,2026-09-28T17:51:08+00:00
Bank of Utah Championship,0,USA,27780,221.0,261.0,"Crowe, Trace",52514,56,[],147,2026-09-28T17:51:08+00:00
Bank of Utah Championship,0,USA,14509,184.0,243.0,"Dahmen, Joel",34076,62,[],123,2026-09-28T17:51:08+00:00
Bank of Utah Championship,0,AUS,17786,,395.0,"Davis, Cam",45157,44,[],190,2026-09-28T17:51:08+00:00
Bank of Utah Championship,0,CHN,16757,124.0,175.0,"Dou, Zecheng",37338,62,[],111,2026-09-28T17:51:08+00:00
Bank of Utah Championship,0,BEL,22002,209.0,210.0,"Dumont De Chassart, Adrien",50497,59,[],126,2026-09-28T17:51:08+00:00
Bank of Utah Championship,0,USA,18187,278.0,396.0,"Duncan, Tyler",45609,37,[],172,2026-09-28T17:51:08+00:00
Bank of Utah Championship,0,USA,28270,,454.0,"Dunlap, Nick",59866,38,[],167,2026-09-28T17:51:08+00:00
Bank of Utah Championship,0,USA,26653,129.0,203.0,"Eckroat, Austin",57362,73,[],117,2026-09-28T17:51:08+00:00
Bank of Utah Championship,0,CAN,21883,197.0,198.0,"Ewart, A.J.",50286,54,[],108,2026-09-28T17:51:08+00:00
Bank of Utah Championship,0,USA,11676,219.0,151.0,"Finau, Tony",29725,70,[],100,2026-09-28T17:51:08+00:00
Bank of Utah Championship,0,USA,25094,172.0,256.0,"Fishburn, Patrick",54576,56,[],146,2026-09-28T17:51:08+00:00
Bank of Utah Championship,0,USA,26657,162.0,82.0,"Fisk, Steven",57123,55,[],70,2026-09-28T17:51:08+00:00
Bank of Utah Championship,0,USA,31343,232.0,373.0,"Ford, David",65256,75,[],158,2026-09-28T17:51:08+00:00
Bank of Utah Championship,0,USA,11451,317.0,311.0,"Garnett, Brice",29535,30,[],137,2026-09-28T17:51:08+00:00
Bank of Utah Championship,0,USA,24550,53.0,156.0,"Ghim, Doug",52375,97,[],89,2026-09-28T17:51:08+00:00
Bank of Utah Championship,0,USA,7399,222.0,124.0,"Glover, Lucas",25900,79,[],103,2026-09-28T17:51:08+00:00
Bank of Utah Championship,0,USA,23465,96.0,87.0,"Greyserman, Max",51977,111,[],97,2026-09-28T17:51:08+00:00
Bank of Utah Championship,0,ARG,12808,103.0,113.0,"Grillo, Emiliano",31646,75,[],112,2026-09-28T17:51:08+00:00
Bank of Utah Championship,0,ENG,27194,77.0,69.0,"Hall, Harry",57975,118,[],56,2026-09-28T17:51:08+00:00
Bank of Utah Championship,0,RSA,24342,267.0,134.0,"Higgo, Garrick",54421,59,[],171,2026-09-28T17:51:08+00:00
Bank of Utah Championship,0,USA,28469,350.0,247.0,"Highsmith, Joe",60067,34,[],152,2026-09-28T17:51:08+00:00
Bank of Utah Championship,0,JPN,20954,,391.0,"Hirata, Kensei",49120,29,[],175,2026-09-28T17:51:08+00:00
Bank of Utah Championship,0,USA,25157,134.0,142.0,"Hodges, Lee",54628,65,[],109,2026-09-28T17:51:08+00:00
Bank of Utah Championship,0,PHI,23504,122.0,110.0,"Hoey, Rico",51696,129,[],114,2026-09-28T17:51:08+00:00
Bank of Utah Championship,0,USA,15575,174.0,141.0,"Hoge, Tom",35532,53,[],84,2026-09-28T17:51:08+00:00
Bank of Utah Championship,0,DEN,23838,89.0,75.0,"Hojgaard, Rasmus",52686,125,[],110,2026-09-28T17:51:08+00:00
Bank of Utah Championship,0,USA,17538,70.0,74.0,"Homa, Max",39977,170,[],53,2026-09-28T17:51:08+00:00
Bank of Utah Championship,0,USA,11276,104.0,164.0,"Horschel, Billy",29420,127,[],101,2026-09-28T17:51:08+00:00
Bank of Utah Championship,0,USA,15470,99.0,98.0,"Hossler, Beau",35461,49,[],75,2026-09-28T17:51:08+00:00
Bank of Utah Championship,0,USA,16333,242.0,160.0,"Hubbard, Mark",36801,44,[],122,2026-09-28T17:51:08+00:00
Bank of Utah Championship,0,CAN,15556,106.0,161.0,"Hughes, Mackenzie",35506,75,[],116,2026-09-28T17:51:08+00:00
Bank of Utah Championship,0,GER,16394,155.0,128.0,"Jaeger, Stephan",36799,107,[],83,2026-09-28T17:51:08+00:00
Bank of Utah Championship,0,USA,29827,45.0,92.0,"James, Ben",57869,247,[],66,2026-09-28T17:51:08+00:00
Bank of Utah Championship,0,USA,17619,,,"Johnson, Zach J.",29747,23,[],,2026-09-28T17:51:08+00:00
Bank of Utah Championship,0,JPN,19729,195.0,188.0,"Kanaya, Takumi",47917,50,[],142,2026-09-28T17:51:08+00:00
Bank of Utah Championship,0,USA,21889,393.0,318.0,"Kang, Jeffrey",47393,29,[],170,2026-09-28T17:51:08+00:00
Bank of Utah Championship,0,USA,32457,80.0,66.0,"Keefer, Johnny",63454,170,[],73,2026-09-28T17:51:08+00:00
Bank of Utah Championship,0,USA,12423,87.0,106.0,"Kirk, Chris",30926,98,[],118,2026-09-28T17:51:08+00:00
Bank of Utah Championship,0,USA,13470,496.0,,"Kizzire, Patton",32757,28,[],163,2026-09-28T17:51:08+00:00
Bank of Utah Championship,0,USA,16395,67.0,95.0,"Kohles, Ben",36884,125,[],90,2026-09-28T17:51:08+00:00
Bank of Utah Championship,0,USA,32319,22.0,58.0,"Koivun, Jackson",66701,286,[],62,2026-09-28T17:51:08+00:00
Bank of Utah Championship,0,RSA,24343,,360.0,"Lamprecht, Christo",54422,44,[],198,2026-09-28T17:51:08+00:00
Bank of Utah Championship,0,USA,21943,273.0,281.0,"Lebioda, Hank",49766,31,[],140,2026-09-28T17:51:08+00:00
Bank of Utah Championship,0,CHN,15310,146.0,116.0,"Li, Haotong",35296,113,[],121,2026-09-28T17:51:08+00:00
Bank of Utah Championship,0,SWE,14815,,,"Lingmerth, David",34409,33,[],,2026-09-28T17:51:08+00:00
Bank of Utah Championship,0,USA,15980,241.0,136.0,"Lipsky, David",36326,38,[],88,2026-09-28T17:51:08+00:00
Bank of Utah Championship,0,USA,17723,301.0,349.0,"Lower, Justin",40162,59,[],173,2026-09-28T17:51:08+00:00
Bank of Utah Championship,0,USA,14926,347.0,,"Malnati, Peter",34466,39,[],156,2026-09-28T17:51:08+00:00
Bank of Utah Championship,0,USA,14007,363.0,469.0,"Martin, Ben",33413,36,[],159,2026-09-28T17:51:08+00:00
Bank of Utah Championship,1,USA,32986,,,"Mauss, Bowen",67803,17,[],,2026-09-28T17:51:08+00:00
Bank of Utah Championship,0,USA,19870,92.0,97.0,"McCarthy, Denny",47993,74,[],92,2026-09-28T17:51:08+00:00
Bank of Utah Championship,0,USA,28635,90.0,76.0,"McCarty, Matt",59141,206,[],50,2026-09-28T17:51:08+00:00
Bank of Utah Championship,0,USA,23505,160.0,131.0,"McGreevy, Max",51950,62,[],125,2026-09-28T17:51:08+00:00
Bank of Utah Championship,0,USA,18634,19.0,48.0,"McNealy, Maverick",46442,144,[],42,2026-09-28T17:51:08+00:00
Bank of Utah Championship,0,USA,28159,68.0,88.0,"Meissner, Mac",59143,76,[],78,2026-09-28T17:51:08+00:00
Bank of Utah Championship,0,USA,21944,192.0,185.0,"Moore, Taylor",49947,47,[],106,2026-09-28T17:51:08+00:00
Bank of Utah Championship,0,USA,29770,161.0,147.0,"Mouw, William",63121,52,[],119,2026-09-28T17:51:08+00:00
Bank of Utah Championship,0,DEN,23841,105.0,72.0,"Neergaard-Petersen, Rasmus",52689,100,[],102,2026-09-28T17:51:08+00:00
Bank of Utah Championship,0,SWE,25475,288.0,284.0,"Nyholm, Pontus",55851,40,[],136,2026-09-28T17:51:08+00:00
Bank of Utah Championship,0,TPE,15475,352.0,,"Pan, C.T.",29908,45,[],,2026-09-28T17:51:08+00:00
Bank of Utah Championship,0,ENG,13764,109.0,101.0,"Parry, John",28723,61,[],91,2026-09-28T17:51:08+00:00
Bank of Utah Championship,0,FRA,19960,215.0,258.0,"Pavon, Matthieu",48153,95,[],130,2026-09-28T17:51:08+00:00
Bank of Utah Championship,0,CAN,17780,159.0,104.0,"Pendrith, Taylor",40250,61,[],95,2026-09-28T17:51:08+00:00
Bank of Utah Championship,0,ENG,22465,64.0,53.0,"Penge, Marco",51003,253,[],105,2026-09-28T17:51:08+00:00
Bank of Utah Championship,0,USA,16341,233.0,296.0,"Peterson, Paul",36824,37,[],155,2026-09-28T17:51:08+00:00
Bank of Utah Championship,0,USA,27164,137.0,138.0,"Phillips, Chandler",57900,46,[],96,2026-09-28T17:51:08+00:00
Bank of Utah Championship,0,RSA,27900,231.0,91.0,"Potgieter, Aldrich",63343,104,[],71,2026-09-28T17:51:08+00:00
Bank of Utah Championship,0,IRL,10104,141.0,190.0,"Power, Seamus",28252,61,[],104,2026-09-28T17:51:08+00:00
Bank of Utah Championship,0,USA,14704,133.0,109.0,"Putnam, Andrew",34256,49,[],80,2026-09-28T17:51:08+00:00
Bank of Utah Championship,0,USA,19840,220.0,200.0,"Ramey, Chad",47983,37,[],129,2026-09-28T17:51:08+00:00
Bank of Utah Championship,0,USA,19872,394.0,132.0,"Riley, Davis",47995,42,[],115,2026-09-28T17:51:08+00:00
Bank of Utah Championship,0,USA,16283,201.0,107.0,"Rodgers, Patrick",36699,53,[],67,2026-09-28T17:51:08+00:00
Bank of Utah Championship,0,USA,18424,110.0,115.0,"Roy, Kevin",39335,48,[],87,2026-09-28T17:51:08+00:00
Bank of Utah Championship,0,COL,16591,,,"Rozo, Marcelo",37076,19,[],202,2026-09-28T17:51:08+00:00
Bank of Utah Championship,0,USA,27183,327.0,389.0,"Salinda, Isaiah",56781,42,[],193,2026-09-28T17:51:08+00:00
Bank of Utah Championship,0,USA,30814,391.0,331.0,"Sargent, Gordon",64442,78,[],132,2026-09-28T17:51:08+00:00
Bank of Utah Championship,0,USA,19477,419.0,218.0,"Schenk, Adam",47347,27,[],160,2026-09-28T17:51:08+00:00
Bank of Utah Championship,1,USA,31437,,,"Shelley, Tyson",65546,14,[],,2026-09-28T17:51:08+00:00
Bank of Utah Championship,0,USA,32055,170.0,166.0,"Shipley, Neal",63807,102,[],135,2026-09-28T17:51:08+00:00
Bank of Utah Championship,0,CAN,17381,260.0,265.0,"Silverman, Ben",39327,65,[],138,2026-09-28T17:51:08+00:00
Bank of Utah Championship,0,ENG,10873,271.0,302.0,"Skinns, David",27139,28,[],139,2026-09-28T17:51:08+00:00
Bank of Utah Championship,0,ENG,18586,76.0,73.0,"Smith, Jordan",46464,109,[],69,2026-09-28T17:51:08+00:00
Bank of Utah Championship,0,USA,22985,199.0,121.0,"Smotherman, Austin",50095,54,[],79,2026-09-28T17:51:08+00:00
Bank of Utah Championship,0,USA,21995,179.0,280.0,"Springer, Hayden",50484,49,[],133,2026-09-28T17:51:08+00:00
Bank of Utah Championship,0,USA,23048,470.0,363.0,"Stanger, Jimmy",51600,33,[],141,2026-09-28T17:51:08+00:00
Bank of Utah Championship,0,USA,8480,266.0,433.0,"Streelman, Kevin",27214,37,[],151,2026-09-28T17:51:08+00:00
Bank of Utah Championship,0,USA,29279,71.0,94.0,"Suber, Jackson",60019,187,[],74,2026-09-28T17:51:08+00:00
Bank of Utah Championship,0,CAN,13997,340.0,,"Svensson, Adam",40115,32,[],176,2026-09-28T17:51:08+00:00
Bank of Utah Championship,0,SWE,26850,286.0,193.0,"Svensson, Jesper",57586,64,[],128,2026-09-28T17:51:08+00:00
Bank of Utah Championship,0,CAN,13126,73.0,85.0,"Taylor, Nick",25493,102,[],65,2026-09-28T17:51:08+00:00
Bank of Utah Championship,0,USA,27364,66.0,123.0,"Thompson, Davis",58168,105,[],82,2026-09-28T17:51:08+00:00
Bank of Utah Championship,0,USA,12946,,,"Thompson, Michael",32150,25,[],215,2026-09-28T17:51:08+00:00
Bank of Utah Championship,0,USA,12425,,,"Todd, Brendon",30927,22,[],218,2026-09-28T17:51:08+00:00
Bank of Utah Championship,0,ARG,17032,,493.0,"Tosti, Alejandro",38991,25,[],188,2026-09-28T17:51:08+00:00
Bank of Utah Championship,0,RSA,17550,248.0,226.0,"Van Rooyen, Erik",40006,51,[],148,2026-09-28T17:51:08+00:00
Bank of Utah Championship,0,USA,25319,287.0,293.0,"VanDerLaan, John",55573,47,[],149,2026-09-28T17:51:08+00:00
Bank of Utah Championship,0,NOR,15651,131.0,195.0,"Ventura, Kristoffer",35658,132,[],107,2026-09-28T17:51:08+00:00
Bank of Utah Championship,0,USA,25003,483.0,323.0,"Walker, Danny",54607,30,[],162,2026-09-28T17:51:08+00:00
Bank of Utah Championship,0,ENG,20706,31.0,54.0,"Wallace, Matt",48887,138,[],76,2026-09-28T17:51:08+00:00
Bank of Utah Championship,0,USA,25908,280.0,220.0,"Whaley, Vince",51894,45,[],174,2026-09-28T17:51:08+00:00
Bank of Utah Championship,0,USA,22051,444.0,480.0,"Wise, Aaron",49964,37,[],154,2026-09-28T17:51:08+00:00
Bank of Utah Championship,0,USA,25002,328.0,442.0,"Wu, Dylan",54783,33,[],164,2026-09-28T17:51:08+00:00
Bank of Utah Championship,0,CAN,29925,144.0,108.0,"Yellamaraju, Sudarshan",60386,85,[],59,2026-09-28T17:51:08+00:00
Bank of Utah Championship,0,TPE,17881,62.0,105.0,"Yu, Kevin",45242,135,[],93,2026-09-28T17:51:08+00:00
