pulled_at,am,country,dg_id,dg_rank,owgr_rank,player_name,player_num,pre_tourn_pageviews,teetimes,tour_rank,course_name,current_round,date_end,date_start,event_id,event_name,last_updated,multi_course,tour,tz_offset
2026-07-13T05:31:47+00:00,0,SWE,23950,13.0,20.0,"Aberg, Ludvig",52955,197,[],8,Royal Birkdale Golf Club,1,2026-07-19,2026-07-16,100,The Open Championship,2026-07-13 05:30:50 UTC,no,pga,3600
2026-07-13T05:31:47+00:00,0,ESP,30445,76.0,111.0,"Ayora, Angel",64052,29,[],,Royal Birkdale Golf Club,1,2026-07-19,2026-07-16,100,The Open Championship,2026-07-13 05:30:50 UTC,no,pga,3600
2026-07-13T05:31:47+00:00,0,ENG,28615,359.0,389.0,"Bairstow, Sam",60369,24,[],,Royal Birkdale Golf Club,1,2026-07-19,2026-07-16,100,The Open Championship,2026-07-13 05:30:50 UTC,no,pga,3600
2026-07-13T05:31:47+00:00,0,ENG,13344,,,"Baldwin, Matthew",32622,16,[],,Royal Birkdale Golf Club,1,2026-07-19,2026-07-16,100,The Open Championship,2026-07-13 05:30:50 UTC,no,pga,3600
2026-07-13T05:31:47+00:00,0,ESP,28473,191.0,132.0,"Ballester, Jose Luis",60165,27,[],,Royal Birkdale Golf Club,1,2026-07-19,2026-07-16,100,The Open Championship,2026-07-13 05:30:50 UTC,no,pga,3600
2026-07-13T05:31:47+00:00,0,USA,17606,80.0,49.0,"Berger, Daniel",40026,52,[],52,Royal Birkdale Golf Club,1,2026-07-19,2026-07-16,100,The Open Championship,2026-07-13 05:30:50 UTC,no,pga,3600
2026-07-13T05:31:47+00:00,0,USA,26096,25.0,29.0,"Bhatia, Akshay",56630,131,[],11,Royal Birkdale Golf Club,1,2026-07-19,2026-07-16,100,The Open Championship,2026-07-13 05:30:50 UTC,no,pga,3600
2026-07-13T05:31:47+00:00,0,ENG,29971,197.0,153.0,"Bradbury, Dan",63459,15,[],,Royal Birkdale Golf Club,1,2026-07-19,2026-07-16,100,The Open Championship,2026-07-13 05:30:50 UTC,no,pga,3600
2026-07-13T05:31:47+00:00,0,USA,13872,33.0,41.0,"Bradley, Keegan",33141,49,[],72,Royal Birkdale Golf Club,1,2026-07-19,2026-07-16,100,The Open Championship,2026-07-13 05:30:50 UTC,no,pga,3600
2026-07-13T05:31:47+00:00,0,USA,29197,97.0,60.0,"Brennan, Michael",61522,16,[],103,Royal Birkdale Golf Club,1,2026-07-19,2026-07-16,100,The Open Championship,2026-07-13 05:30:50 UTC,no,pga,3600
2026-07-13T05:31:47+00:00,0,USA,29433,40.0,30.0,"Bridgeman, Jacob",60004,50,[],13,Royal Birkdale Golf Club,1,2026-07-19,2026-07-16,100,The Open Championship,2026-07-13 05:30:50 UTC,no,pga,3600
2026-07-13T05:31:47+00:00,0,ENG,20766,200.0,136.0,"Brown, Dan",57259,41,[],145,Royal Birkdale Golf Club,1,2026-07-19,2026-07-16,100,The Open Championship,2026-07-13 05:30:50 UTC,no,pga,3600
2026-07-13T05:31:47+00:00,1,RSA,31844,,,"Buchanan, Jack",66202,5,[],,Royal Birkdale Golf Club,1,2026-07-19,2026-07-16,100,The Open Championship,2026-07-13 05:30:50 UTC,no,pga,3600
2026-07-13T05:31:47+00:00,0,USA,19483,6.0,18.0,"Burns, Sam",47504,186,[],10,Royal Birkdale Golf Club,1,2026-07-19,2026-07-16,100,The Open Championship,2026-07-13 05:30:50 UTC,no,pga,3600
2026-07-13T05:31:47+00:00,0,ENG,14795,199.0,143.0,"Canter, Laurie",34362,38,[],,Royal Birkdale Golf Club,1,2026-07-19,2026-07-16,100,The Open Championship,2026-07-13 05:30:50 UTC,no,pga,3600
2026-07-13T05:31:47+00:00,0,USA,15466,16.0,38.0,"Cantlay, Patrick",35450,177,[],42,Royal Birkdale Golf Club,1,2026-07-19,2026-07-16,100,The Open Championship,2026-07-13 05:30:50 UTC,no,pga,3600
2026-07-13T05:31:47+00:00,0,USA,14502,50.0,40.0,"Cauley, Bud",34021,44,[],31,Royal Birkdale Golf Club,1,2026-07-19,2026-07-16,100,The Open Championship,2026-07-13 05:30:50 UTC,no,pga,3600
2026-07-13T05:31:47+00:00,0,ESP,26745,52.0,59.0,"Chacarra, Eugenio",57492,79,[],,Royal Birkdale Golf Club,1,2026-07-19,2026-07-16,100,The Open Championship,2026-07-13 05:30:50 UTC,no,pga,3600
2026-07-13T05:31:47+00:00,0,GER,31123,,,"Christensen, Tiger",65071,11,[],,Royal Birkdale Golf Club,1,2026-07-19,2026-07-16,100,The Open Championship,2026-07-13 05:30:50 UTC,no,pga,3600
2026-07-13T05:31:47+00:00,0,USA,5665,146.0,,"Cink, Stewart",20229,30,[],,Royal Birkdale Golf Club,1,2026-07-19,2026-07-16,100,The Open Championship,2026-07-13 05:30:50 UTC,no,pga,3600
2026-07-13T05:31:47+00:00,0,USA,23604,7.0,8.0,"Clark, Wyndham",51766,254,[],4,Royal Birkdale Golf Club,1,2026-07-19,2026-07-16,100,The Open Championship,2026-07-13 05:30:50 UTC,no,pga,3600
2026-07-13T05:31:47+00:00,0,NIR,3523,,,"Clarke, Darren",19825,19,[],,Royal Birkdale Golf Club,1,2026-07-19,2026-07-16,100,The Open Championship,2026-07-13 05:30:50 UTC,no,pga,3600
2026-07-13T05:31:47+00:00,0,USA,21756,57.0,71.0,"Cole, Eric",47591,51,[],43,Royal Birkdale Golf Club,1,2026-07-19,2026-07-16,100,The Open Championship,2026-07-13 05:30:50 UTC,no,pga,3600
2026-07-13T05:31:47+00:00,0,CAN,17576,61.0,53.0,"Conners, Corey",39997,103,[],64,Royal Birkdale Golf Club,1,2026-07-19,2026-07-16,100,The Open Championship,2026-07-13 05:30:50 UTC,no,pga,3600
2026-07-13T05:31:47+00:00,0,USA,28309,72.0,61.0,"Coody, Pierceson",59836,33,[],53,Royal Birkdale Golf Club,1,2026-07-19,2026-07-16,100,The Open Championship,2026-07-13 05:30:50 UTC,no,pga,3600
2026-07-13T05:31:47+00:00,0,FRA,27811,238.0,169.0,"Couvra, Martin",60073,18,[],,Royal Birkdale Golf Club,1,2026-07-19,2026-07-16,100,The Open Championship,2026-07-13 05:30:50 UTC,no,pga,3600
2026-07-13T05:31:47+00:00,0,RSA,17068,280.0,227.0,"Daffue, MJ",39067,11,[],,Royal Birkdale Golf Club,1,2026-07-19,2026-07-16,100,The Open Championship,2026-07-13 05:30:50 UTC,no,pga,3600
2026-07-13T05:31:47+00:00,0,AUS,9771,67.0,54.0,"Day, Jason",28089,68,[],70,Royal Birkdale Golf Club,1,2026-07-19,2026-07-16,100,The Open Championship,2026-07-13 05:30:50 UTC,no,pga,3600
2026-07-13T05:31:47+00:00,1,ESP,29810,,,"De Castro Piera, Alejandro",63223,5,[],,Royal Birkdale Golf Club,1,2026-07-19,2026-07-16,100,The Open Championship,2026-07-13 05:30:50 UTC,no,pga,3600
2026-07-13T05:31:47+00:00,0,USA,19841,24.0,37.0,"DeChambeau, Bryson",47959,125,[],,Royal Birkdale Golf Club,1,2026-07-19,2026-07-16,100,The Open Championship,2026-07-13 05:30:50 UTC,no,pga,3600
2026-07-13T05:31:47+00:00,0,BEL,14181,74.0,80.0,"Detry, Thomas",33653,48,[],,Royal Birkdale Golf Club,1,2026-07-19,2026-07-16,100,The Open Championship,2026-07-13 05:30:50 UTC,no,pga,3600
2026-07-13T05:31:47+00:00,0,USA,24962,230.0,198.0,"Docherty, Alistair",51680,13,[],,Royal Birkdale Golf Club,1,2026-07-19,2026-07-16,100,The Open Championship,2026-07-13 05:30:50 UTC,no,pga,3600
2026-07-13T05:31:47+00:00,0,RSA,19421,145.0,120.0,"Du Plessis, Hennie",47497,34,[],,Royal Birkdale Golf Club,1,2026-07-19,2026-07-16,100,The Open Championship,2026-07-13 05:30:50 UTC,no,pga,3600
2026-07-13T05:31:47+00:00,0,USA,4761,,,"Duval, David",9011,13,[],,Royal Birkdale Golf Club,1,2026-07-19,2026-07-16,100,The Open Championship,2026-07-13 05:30:50 UTC,no,pga,3600
2026-07-13T05:31:47+00:00,0,COL,22833,93.0,52.0,"Echavarria, Nico",51349,50,[],40,Royal Birkdale Golf Club,1,2026-07-19,2026-07-16,100,The Open Championship,2026-07-13 05:30:50 UTC,no,pga,3600
2026-07-13T05:31:47+00:00,0,USA,14577,26.0,32.0,"English, Harris",34099,105,[],46,Royal Birkdale Golf Club,1,2026-07-19,2026-07-16,100,The Open Championship,2026-07-13 05:30:50 UTC,no,pga,3600
2026-07-13T05:31:47+00:00,0,ENG,25362,28.0,65.0,"Fitzpatrick, Alex",55721,118,[],18,Royal Birkdale Golf Club,1,2026-07-19,2026-07-16,100,The Open Championship,2026-07-13 05:30:50 UTC,no,pga,3600
2026-07-13T05:31:47+00:00,0,ENG,17646,3.0,3.0,"Fitzpatrick, Matt",40098,335,[],2,Royal Birkdale Golf Club,1,2026-07-19,2026-07-16,100,The Open Championship,2026-07-13 05:30:50 UTC,no,pga,3600
2026-07-13T05:31:47+00:00,0,ENG,12294,4.0,9.0,"Fleetwood, Tommy",30911,263,[],9,Royal Birkdale Golf Club,1,2026-07-19,2026-07-16,100,The Open Championship,2026-07-13 05:30:50 UTC,no,pga,3600
2026-07-13T05:31:47+00:00,0,USA,12965,43.0,42.0,"Fowler, Rickie",32102,86,[],30,Royal Birkdale Golf Club,1,2026-07-19,2026-07-16,100,The Open Championship,2026-07-13 05:30:50 UTC,no,pga,3600
2026-07-13T05:31:47+00:00,0,NZL,11889,54.0,56.0,"Fox, Ryan",29936,55,[],59,Royal Birkdale Golf Club,1,2026-07-19,2026-07-16,100,The Open Championship,2026-07-13 05:30:50 UTC,no,pga,3600
2026-07-13T05:31:47+00:00,0,USA,29767,30.0,28.0,"Gerard, Ryan",59018,71,[],22,Royal Birkdale Golf Club,1,2026-07-19,2026-07-16,100,The Open Championship,2026-07-13 05:30:50 UTC,no,pga,3600
2026-07-13T05:31:47+00:00,0,USA,27774,12.0,6.0,"Gotterup, Chris",59095,251,[],5,Royal Birkdale Golf Club,1,2026-07-19,2026-07-16,100,The Open Championship,2026-07-13 05:30:50 UTC,no,pga,3600
2026-07-13T05:31:47+00:00,1,IRL,22633,,,"Grehan, Stuart",51174,6,[],,Royal Birkdale Golf Club,1,2026-07-19,2026-07-16,100,The Open Championship,2026-07-13 05:30:50 UTC,no,pga,3600
2026-07-13T05:31:47+00:00,0,USA,23465,90.0,77.0,"Greyserman, Max",51977,33,[],92,Royal Birkdale Golf Club,1,2026-07-19,2026-07-16,100,The Open Championship,2026-07-13 05:30:50 UTC,no,pga,3600
2026-07-13T05:31:47+00:00,0,USA,24968,19.0,16.0,"Griffin, Ben",54591,132,[],33,Royal Birkdale Golf Club,1,2026-07-19,2026-07-16,100,The Open Championship,2026-07-13 05:30:50 UTC,no,pga,3600
2026-07-13T05:31:47+00:00,1,UKR,29461,,,"Grinberg, Lev",70938,12,[],,Royal Birkdale Golf Club,1,2026-07-19,2026-07-16,100,The Open Championship,2026-07-13 05:30:50 UTC,no,pga,3600
2026-07-13T05:31:47+00:00,0,ENG,27194,68.0,76.0,"Hall, Harry",57975,54,[],57,Royal Birkdale Golf Club,1,2026-07-19,2026-07-16,100,The Open Championship,2026-07-13 05:30:50 UTC,no,pga,3600
2026-07-13T05:31:47+00:00,0,KOR,17872,468.0,410.0,"Ham, Jeong Woo",46724,8,[],,Royal Birkdale Golf Club,1,2026-07-19,2026-07-16,100,The Open Championship,2026-07-13 05:30:50 UTC,no,pga,3600
2026-07-13T05:31:47+00:00,0,USA,8825,51.0,64.0,"Harman, Brian",27644,128,[],74,Royal Birkdale Golf Club,1,2026-07-19,2026-07-16,100,The Open Championship,2026-07-13 05:30:50 UTC,no,pga,3600
2026-07-13T05:31:47+00:00,0,IRL,5716,381.0,,"Harrington, Padraig",20766,38,[],176,Royal Birkdale Golf Club,1,2026-07-19,2026-07-16,100,The Open Championship,2026-07-13 05:30:50 UTC,no,pga,3600
2026-07-13T05:31:47+00:00,0,ENG,14796,23.0,22.0,"Hatton, Tyrrell",34363,161,[],,Royal Birkdale Golf Club,1,2026-07-19,2026-07-16,100,The Open Championship,2026-07-13 05:30:50 UTC,no,pga,3600
2026-07-13T05:31:47+00:00,0,USA,14578,11.0,5.0,"Henley, Russell",34098,270,[],14,Royal Birkdale Golf Club,1,2026-07-19,2026-07-16,100,The Open Championship,2026-07-13 05:30:50 UTC,no,pga,3600
2026-07-13T05:31:47+00:00,0,AUS,17064,109.0,97.0,"Herbert, Lucas",39058,24,[],,Royal Birkdale Golf Club,1,2026-07-19,2026-07-16,100,The Open Championship,2026-07-13 05:30:50 UTC,no,pga,3600
2026-07-13T05:31:47+00:00,0,JPN,15756,354.0,177.0,"Higa, Kazuki",35778,13,[],,Royal Birkdale Golf Club,1,2026-07-19,2026-07-16,100,The Open Championship,2026-07-13 05:30:50 UTC,no,pga,3600
2026-07-13T05:31:47+00:00,0,NZL,21362,110.0,105.0,"Hillier, Daniel",49813,22,[],,Royal Birkdale Golf Club,1,2026-07-19,2026-07-16,100,The Open Championship,2026-07-13 05:30:50 UTC,no,pga,3600
2026-07-13T05:31:47+00:00,0,JPN,22760,71.0,62.0,"Hisatsune, Ryo",51287,48,[],39,Royal Birkdale Golf Club,1,2026-07-19,2026-07-16,100,The Open Championship,2026-07-13 05:30:50 UTC,no,pga,3600
2026-07-13T05:31:47+00:00,0,DEN,23602,36.0,35.0,"Hojgaard, Nicolai",52453,161,[],25,Royal Birkdale Golf Club,1,2026-07-19,2026-07-16,100,The Open Championship,2026-07-13 05:30:50 UTC,no,pga,3600
2026-07-13T05:31:47+00:00,0,DEN,23838,108.0,88.0,"Hojgaard, Rasmus",52686,48,[],116,Royal Birkdale Golf Club,1,2026-07-19,2026-07-16,100,The Open Championship,2026-07-13 05:30:50 UTC,no,pga,3600
2026-07-13T05:31:47+00:00,0,RSA,15993,349.0,149.0,"Hollick, Michael",36344,18,[],,Royal Birkdale Golf Club,1,2026-07-19,2026-07-16,100,The Open Championship,2026-07-13 05:30:50 UTC,no,pga,3600
2026-07-13T05:31:47+00:00,0,USA,17538,70.0,74.0,"Homa, Max",39977,118,[],49,Royal Birkdale Golf Club,1,2026-07-19,2026-07-16,100,The Open Championship,2026-07-13 05:30:50 UTC,no,pga,3600
2026-07-13T05:31:47+00:00,0,USA,11276,151.0,168.0,"Horschel, Billy",29420,112,[],99,Royal Birkdale Golf Club,1,2026-07-19,2026-07-16,100,The Open Championship,2026-07-13 05:30:50 UTC,no,pga,3600
2026-07-13T05:31:47+00:00,0,NOR,18841,14.0,12.0,"Hovland, Viktor",46717,363,[],20,Royal Birkdale Golf Club,1,2026-07-19,2026-07-16,100,The Open Championship,2026-07-13 05:30:50 UTC,no,pga,3600
2026-07-13T05:31:47+00:00,1,IRL,33657,,,"Howard, David",68566,1,[],,Royal Birkdale Golf Club,1,2026-07-19,2026-07-16,100,The Open Championship,2026-07-13 05:30:50 UTC,no,pga,3600
2026-07-13T05:31:47+00:00,1,USA,33759,,,"Howell, Mason",68607,9,[],,Royal Birkdale Golf Club,1,2026-07-19,2026-07-16,100,The Open Championship,2026-07-13 05:30:50 UTC,no,pga,3600
2026-07-13T05:31:47+00:00,0,KOR,17488,132.0,86.0,"Im, Sungjae",39971,51,[],62,Royal Birkdale Golf Club,1,2026-07-19,2026-07-16,100,The Open Championship,2026-07-13 05:30:50 UTC,no,pga,3600
2026-07-13T05:31:47+00:00,0,RSA,26947,99.0,82.0,"Jarvis, Casey",57688,29,[],,Royal Birkdale Golf Club,1,2026-07-19,2026-07-16,100,The Open Championship,2026-07-13 05:30:50 UTC,no,pga,3600
2026-07-13T05:31:47+00:00,0,AUS,19390,,256.0,"John, Cameron",47463,9,[],,Royal Birkdale Golf Club,1,2026-07-19,2026-07-16,100,The Open Championship,2026-07-13 05:30:50 UTC,no,pga,3600
2026-07-13T05:31:47+00:00,0,ENG,25601,221.0,304.0,"Jordan, Matthew",55955,83,[],,Royal Birkdale Golf Club,1,2026-07-19,2026-07-16,100,The Open Championship,2026-07-13 05:30:50 UTC,no,pga,3600
2026-07-13T05:31:47+00:00,0,JPN,28268,152.0,109.0,"Kaneko, Kota",61148,20,[],,Royal Birkdale Golf Club,1,2026-07-19,2026-07-16,100,The Open Championship,2026-07-13 05:30:50 UTC,no,pga,3600
2026-07-13T05:31:47+00:00,0,JPN,18994,,387.0,"Kataoka, Naoyuki",46879,9,[],,Royal Birkdale Golf Club,1,2026-07-19,2026-07-16,100,The Open Championship,2026-07-13 05:30:50 UTC,no,pga,3600
2026-07-13T05:31:47+00:00,0,USA,32457,81.0,58.0,"Keefer, Johnny",63454,79,[],71,Royal Birkdale Golf Club,1,2026-07-19,2026-07-16,100,The Open Championship,2026-07-13 05:30:50 UTC,no,pga,3600
2026-07-13T05:31:47+00:00,0,USA,17543,73.0,55.0,"Kim, Michael",39975,31,[],65,Royal Birkdale Golf Club,1,2026-07-19,2026-07-16,100,The Open Championship,2026-07-13 05:30:50 UTC,no,pga,3600
2026-07-13T05:31:47+00:00,0,KOR,14609,10.0,21.0,"Kim, Si Woo",37455,218,[],7,Royal Birkdale Golf Club,1,2026-07-19,2026-07-16,100,The Open Championship,2026-07-13 05:30:50 UTC,no,pga,3600
2026-07-13T05:31:47+00:00,0,KOR,24766,41.0,33.0,"Kim, Tom",55182,403,[],32,Royal Birkdale Golf Club,1,2026-07-19,2026-07-16,100,The Open Championship,2026-07-13 05:30:50 UTC,no,pga,3600
2026-07-13T05:31:47+00:00,0,USA,21891,29.0,36.0,"Kitayama, Kurt",48117,85,[],29,Royal Birkdale Golf Club,1,2026-07-19,2026-07-16,100,The Open Championship,2026-07-13 05:30:50 UTC,no,pga,3600
2026-07-13T05:31:47+00:00,0,USA,19396,39.0,45.0,"Knapp, Jake",47420,47,[],38,Royal Birkdale Golf Club,1,2026-07-19,2026-07-16,100,The Open Championship,2026-07-13 05:30:50 UTC,no,pga,3600
2026-07-13T05:31:47+00:00,0,NZL,24369,241.0,211.0,"Kobori, Kazuma",54621,10,[],,Royal Birkdale Golf Club,1,2026-07-19,2026-07-16,100,The Open Championship,2026-07-13 05:30:50 UTC,no,pga,3600
2026-07-13T05:31:47+00:00,0,USA,16243,79.0,118.0,"Koepka, Brooks",36689,118,[],84,Royal Birkdale Golf Club,1,2026-07-19,2026-07-16,100,The Open Championship,2026-07-13 05:30:50 UTC,no,pga,3600
2026-07-13T05:31:47+00:00,0,FRA,23733,304.0,254.0,"LaCroix, Frederic",52585,10,[],,Royal Birkdale Golf Club,1,2026-07-19,2026-07-16,100,The Open Championship,2026-07-13 05:30:50 UTC,no,pga,3600
2026-07-13T05:31:47+00:00,0,SWE,14780,336.0,160.0,"Lagergren, Joakim",34317,28,[],,Royal Birkdale Golf Club,1,2026-07-19,2026-07-16,100,The Open Championship,2026-07-13 05:30:50 UTC,no,pga,3600
2026-07-13T05:31:47+00:00,1,THA,27019,,,"Laopakdee, Fifa",70146,4,[],,Royal Birkdale Golf Club,1,2026-07-19,2026-07-16,100,The Open Championship,2026-07-13 05:30:50 UTC,no,pga,3600
2026-07-13T05:31:47+00:00,0,ITA,14987,211.0,222.0,"Laporta, Francesco",34607,18,[],,Royal Birkdale Golf Club,1,2026-07-19,2026-07-16,100,The Open Championship,2026-07-13 05:30:50 UTC,no,pga,3600
2026-07-13T05:31:47+00:00,0,AUS,16841,27.0,24.0,"Lee, Min Woo",37378,177,[],15,Royal Birkdale Golf Club,1,2026-07-19,2026-07-16,100,The Open Championship,2026-07-13 05:30:50 UTC,no,pga,3600
2026-07-13T05:31:47+00:00,0,CHN,15310,174.0,106.0,"Li, Haotong",35296,109,[],123,Royal Birkdale Golf Club,1,2026-07-19,2026-07-16,100,The Open Championship,2026-07-13 05:30:50 UTC,no,pga,3600
2026-07-13T05:31:47+00:00,0,IRL,13900,32.0,46.0,"Lowry, Shane",33204,109,[],55,Royal Birkdale Golf Club,1,2026-07-19,2026-07-16,100,The Open Championship,2026-07-13 05:30:50 UTC,no,pga,3600
2026-07-13T05:31:47+00:00,0,SCO,23323,17.0,15.0,"MacIntyre, Robert",52215,276,[],27,Royal Birkdale Golf Club,1,2026-07-19,2026-07-16,100,The Open Championship,2026-07-13 05:30:50 UTC,no,pga,3600
2026-07-13T05:31:47+00:00,0,JPN,13562,35.0,31.0,"Matsuyama, Hideki",32839,160,[],36,Royal Birkdale Golf Club,1,2026-07-19,2026-07-16,100,The Open Championship,2026-07-13 05:30:50 UTC,no,pga,3600
2026-07-13T05:31:47+00:00,0,USA,28635,77.0,63.0,"McCarty, Matt",59141,34,[],44,Royal Birkdale Golf Club,1,2026-07-19,2026-07-16,100,The Open Championship,2026-07-13 05:30:50 UTC,no,pga,3600
2026-07-13T05:31:47+00:00,0,SCO,16372,,,"McDonald, Jack",36872,168,[],,Royal Birkdale Golf Club,1,2026-07-19,2026-07-16,100,The Open Championship,2026-07-13 05:30:50 UTC,no,pga,3600
2026-07-13T05:31:47+00:00,0,NIR,10091,2.0,2.0,"McIlroy, Rory",28237,279,[],12,Royal Birkdale Golf Club,1,2026-07-19,2026-07-16,100,The Open Championship,2026-07-13 05:30:50 UTC,no,pga,3600
2026-07-13T05:31:47+00:00,0,NIR,22322,112.0,135.0,"McKibbin, Tom",50823,52,[],,Royal Birkdale Golf Club,1,2026-07-19,2026-07-16,100,The Open Championship,2026-07-13 05:30:50 UTC,no,pga,3600
2026-07-13T05:31:47+00:00,0,USA,18634,20.0,39.0,"McNealy, Maverick",46442,92,[],47,Royal Birkdale Golf Club,1,2026-07-19,2026-07-16,100,The Open Championship,2026-07-13 05:30:50 UTC,no,pga,3600
2026-07-13T05:31:47+00:00,0,USA,17365,37.0,68.0,"Mitchell, Keith",39546,48,[],45,Royal Birkdale Golf Club,1,2026-07-19,2026-07-16,100,The Open Championship,2026-07-13 05:30:50 UTC,no,pga,3600
2026-07-13T05:31:47+00:00,0,ITA,7655,205.0,243.0,"Molinari, Francesco",25198,69,[],185,Royal Birkdale Golf Club,1,2026-07-19,2026-07-16,100,The Open Championship,2026-07-13 05:30:50 UTC,no,pga,3600
2026-07-13T05:31:47+00:00,0,USA,22085,8.0,7.0,"Morikawa, Collin",50525,310,[],6,Royal Birkdale Golf Club,1,2026-07-19,2026-07-16,100,The Open Championship,2026-07-13 05:30:50 UTC,no,pga,3600
2026-07-13T05:31:47+00:00,0,JPN,10523,385.0,491.0,"Nagano, Ryutaro",28521,9,[],,Royal Birkdale Golf Club,1,2026-07-19,2026-07-16,100,The Open Championship,2026-07-13 05:30:50 UTC,no,pga,3600
2026-07-13T05:31:47+00:00,0,JPN,21074,105.0,90.0,"Nakajima, Keita",49228,122,[],108,Royal Birkdale Golf Club,1,2026-07-19,2026-07-16,100,The Open Championship,2026-07-13 05:30:50 UTC,no,pga,3600
2026-07-13T05:31:47+00:00,0,DEN,23841,119.0,91.0,"Neergaard-Petersen, Rasmus",52689,36,[],126,Royal Birkdale Golf Club,1,2026-07-19,2026-07-16,100,The Open Championship,2026-07-13 05:30:50 UTC,no,pga,3600
2026-07-13T05:31:47+00:00,0,USA,27598,351.0,292.0,"Nicholas, James",58188,14,[],,Royal Birkdale Golf Club,1,2026-07-19,2026-07-16,100,The Open Championship,2026-07-13 05:30:50 UTC,no,pga,3600
2026-07-13T05:31:47+00:00,0,CHI,18079,31.0,48.0,"Niemann, Joaquin",45486,160,[],,Royal Birkdale Golf Club,1,2026-07-19,2026-07-16,100,The Open Championship,2026-07-13 05:30:50 UTC,no,pga,3600
2026-07-13T05:31:47+00:00,0,SWE,10419,45.0,25.0,"Noren, Alex",27349,101,[],51,Royal Birkdale Golf Club,1,2026-07-19,2026-07-16,100,The Open Championship,2026-07-13 05:30:50 UTC,no,pga,3600
2026-07-13T05:31:47+00:00,0,RSA,7677,242.0,94.0,"Norris, Shaun",26328,42,[],,Royal Birkdale Golf Club,1,2026-07-19,2026-07-16,100,The Open Championship,2026-07-13 05:30:50 UTC,no,pga,3600
2026-07-13T05:31:47+00:00,0,USA,23475,106.0,69.0,"Novak, Andrew",51997,29,[],83,Royal Birkdale Golf Club,1,2026-07-19,2026-07-16,100,The Open Championship,2026-07-13 05:30:50 UTC,no,pga,3600
2026-07-13T05:31:47+00:00,0,RSA,7672,172.0,419.0,"Oosthuizen, Louis",26329,31,[],,Royal Birkdale Golf Club,1,2026-07-19,2026-07-16,100,The Open Championship,2026-07-13 05:30:50 UTC,no,pga,3600
2026-07-13T05:31:47+00:00,0,ENG,13764,154.0,95.0,"Parry, John",28723,49,[],87,Royal Birkdale Golf Club,1,2026-07-19,2026-07-16,100,The Open Championship,2026-07-13 05:30:50 UTC,no,pga,3600
2026-07-13T05:31:47+00:00,0,ENG,22465,136.0,50.0,"Penge, Marco",51003,35,[],106,Royal Birkdale Golf Club,1,2026-07-19,2026-07-16,100,The Open Championship,2026-07-13 05:30:50 UTC,no,pga,3600
2026-07-13T05:31:47+00:00,0,FRA,20730,64.0,163.0,"Perez, Victor",47679,53,[],,Royal Birkdale Golf Club,1,2026-07-19,2026-07-16,100,The Open Championship,2026-07-13 05:30:50 UTC,no,pga,3600
2026-07-13T05:31:47+00:00,0,USA,29716,,,"Plunkett, Marcus",59613,13,[],,Royal Birkdale Golf Club,1,2026-07-19,2026-07-16,100,The Open Championship,2026-07-13 05:30:50 UTC,no,pga,3600
2026-07-13T05:31:47+00:00,0,USA,21554,53.0,34.0,"Poston, J.T.",49771,57,[],24,Royal Birkdale Golf Club,1,2026-07-19,2026-07-16,100,The Open Championship,2026-07-13 05:30:50 UTC,no,pga,3600
2026-07-13T05:31:47+00:00,0,ESP,28984,58.0,66.0,"Puig, David",61193,39,[],,Royal Birkdale Golf Club,1,2026-07-19,2026-07-16,100,The Open Championship,2026-07-13 05:30:50 UTC,no,pga,3600
2026-07-13T05:31:47+00:00,1,ARG,35013,,,"Pulcini, Mateo",70145,8,[],,Royal Birkdale Golf Club,1,2026-07-19,2026-07-16,100,The Open Championship,2026-07-13 05:30:50 UTC,no,pga,3600
2026-07-13T05:31:47+00:00,0,ESP,19195,5.0,11.0,"Rahm, Jon",46970,211,[],,Royal Birkdale Golf Club,1,2026-07-19,2026-07-16,100,The Open Championship,2026-07-13 05:30:50 UTC,no,pga,3600
2026-07-13T05:31:47+00:00,0,ENG,18554,34.0,17.0,"Rai, Aaron",46414,132,[],28,Royal Birkdale Golf Club,1,2026-07-19,2026-07-16,100,The Open Championship,2026-07-13 05:30:50 UTC,no,pga,3600
2026-07-13T05:31:47+00:00,0,USA,14838,38.0,26.0,"Reed, Patrick",34360,198,[],,Royal Birkdale Golf Club,1,2026-07-19,2026-07-16,100,The Open Championship,2026-07-13 05:30:50 UTC,no,pga,3600
2026-07-13T05:31:47+00:00,0,NOR,21407,42.0,27.0,"Reitan, Kristoffer",49855,70,[],17,Royal Birkdale Golf Club,1,2026-07-19,2026-07-16,100,The Open Championship,2026-07-13 05:30:50 UTC,no,pga,3600
2026-07-13T05:31:47+00:00,0,ENG,6093,22.0,10.0,"Rose, Justin",22405,208,[],21,Royal Birkdale Golf Club,1,2026-07-19,2026-07-16,100,The Open Championship,2026-07-13 05:30:50 UTC,no,pga,3600
2026-07-13T05:31:47+00:00,0,FRA,18770,173.0,216.0,"Rozner, Antoine",46646,21,[],,Royal Birkdale Golf Club,1,2026-07-19,2026-07-16,100,The Open Championship,2026-07-13 05:30:50 UTC,no,pga,3600
2026-07-13T05:31:47+00:00,1,NED,33707,,,"Ruiter, Nevill",68670,1,[],,Royal Birkdale Golf Club,1,2026-07-19,2026-07-16,100,The Open Championship,2026-07-13 05:30:50 UTC,no,pga,3600
2026-07-13T05:31:47+00:00,0,FRA,14792,232.0,128.0,"Saddier, Adrien",34371,17,[],177,Royal Birkdale Golf Club,1,2026-07-19,2026-07-16,100,The Open Championship,2026-07-13 05:30:50 UTC,no,pga,3600
2026-07-13T05:31:47+00:00,0,RSA,26991,116.0,85.0,"Schaper, Jayden",57737,27,[],,Royal Birkdale Golf Club,1,2026-07-19,2026-07-16,100,The Open Championship,2026-07-13 05:30:50 UTC,no,pga,3600
2026-07-13T05:31:47+00:00,0,USA,19895,15.0,14.0,"Schauffele, Xander",48081,202,[],16,Royal Birkdale Golf Club,1,2026-07-19,2026-07-16,100,The Open Championship,2026-07-13 05:30:50 UTC,no,pga,3600
2026-07-13T05:31:47+00:00,0,USA,18417,1.0,1.0,"Scheffler, Scottie",46046,259,[],1,Royal Birkdale Golf Club,1,2026-07-19,2026-07-16,100,The Open Championship,2026-07-13 05:30:50 UTC,no,pga,3600
2026-07-13T05:31:47+00:00,0,AUS,6430,47.0,57.0,"Scott, Adam",24502,91,[],35,Royal Birkdale Golf Club,1,2026-07-19,2026-07-16,100,The Open Championship,2026-07-13 05:30:50 UTC,no,pga,3600
2026-07-13T05:31:47+00:00,0,NOR,22489,,,"Skogen, Baard",70940,11,[],,Royal Birkdale Golf Club,1,2026-07-19,2026-07-16,100,The Open Championship,2026-07-13 05:30:50 UTC,no,pga,3600
2026-07-13T05:31:47+00:00,0,ENG,24055,,,"Sloman, Tom",53125,6,[],,Royal Birkdale Golf Club,1,2026-07-19,2026-07-16,100,The Open Championship,2026-07-13 05:30:50 UTC,no,pga,3600
2026-07-13T05:31:47+00:00,0,USA,18474,49.0,44.0,"Smalley, Alex",46340,40,[],23,Royal Birkdale Golf Club,1,2026-07-19,2026-07-16,100,The Open Championship,2026-07-13 05:30:50 UTC,no,pga,3600
2026-07-13T05:31:47+00:00,0,AUS,15856,92.0,140.0,"Smith, Cameron",35891,107,[],,Royal Birkdale Golf Club,1,2026-07-19,2026-07-16,100,The Open Championship,2026-07-13 05:30:50 UTC,no,pga,3600
2026-07-13T05:31:47+00:00,0,ENG,18586,82.0,78.0,"Smith, Jordan",46464,79,[],73,Royal Birkdale Golf Club,1,2026-07-19,2026-07-16,100,The Open Championship,2026-07-13 05:30:50 UTC,no,pga,3600
2026-07-13T05:31:47+00:00,0,AUS,19232,293.0,145.0,"Smyth, Trav",47078,13,[],,Royal Birkdale Golf Club,1,2026-07-19,2026-07-16,100,The Open Championship,2026-07-13 05:30:50 UTC,no,pga,3600
2026-07-13T05:31:47+00:00,0,ENG,15191,,453.0,"Southgate, Matthew",35174,39,[],,Royal Birkdale Golf Club,1,2026-07-19,2026-07-16,100,The Open Championship,2026-07-13 05:30:50 UTC,no,pga,3600
2026-07-13T05:31:47+00:00,0,USA,17536,18.0,13.0,"Spaun, J.J.",39324,176,[],19,Royal Birkdale Golf Club,1,2026-07-19,2026-07-16,100,The Open Championship,2026-07-13 05:30:50 UTC,no,pga,3600
2026-07-13T05:31:47+00:00,0,USA,14636,62.0,51.0,"Spieth, Jordan",34046,188,[],54,Royal Birkdale Golf Club,1,2026-07-19,2026-07-16,100,The Open Championship,2026-07-13 05:30:50 UTC,no,pga,3600
2026-07-13T05:31:47+00:00,0,SWE,5994,436.0,,"Stenson, Henrik",21528,42,[],,Royal Birkdale Golf Club,1,2026-07-19,2026-07-16,100,The Open Championship,2026-07-13 05:30:50 UTC,no,pga,3600
2026-07-13T05:31:47+00:00,0,USA,25569,95.0,47.0,"Stevens, Sam",55893,36,[],50,Royal Birkdale Golf Club,1,2026-07-19,2026-07-16,100,The Open Championship,2026-07-13 05:30:50 UTC,no,pga,3600
2026-07-13T05:31:47+00:00,0,AUT,17511,104.0,23.0,"Straka, Sepp",49960,73,[],34,Royal Birkdale Golf Club,1,2026-07-19,2026-07-16,100,The Open Championship,2026-07-13 05:30:50 UTC,no,pga,3600
2026-07-13T05:31:47+00:00,0,USA,29279,91.0,115.0,"Suber, Jackson",60019,52,[],81,Royal Birkdale Golf Club,1,2026-07-19,2026-07-16,100,The Open Championship,2026-07-13 05:30:50 UTC,no,pga,3600
2026-07-13T05:31:47+00:00,0,ENG,15326,210.0,122.0,"Sullivan, Andy",35314,29,[],,Royal Birkdale Golf Club,1,2026-07-19,2026-07-16,100,The Open Championship,2026-07-13 05:30:50 UTC,no,pga,3600
2026-07-13T05:31:47+00:00,0,USA,30463,249.0,293.0,"Surratt, Caleb",64054,16,[],,Royal Birkdale Golf Club,1,2026-07-19,2026-07-16,100,The Open Championship,2026-07-13 05:30:50 UTC,no,pga,3600
2026-07-13T05:31:47+00:00,0,SWE,26850,170.0,165.0,"Svensson, Jesper",57586,34,[],117,Royal Birkdale Golf Club,1,2026-07-19,2026-07-16,100,The Open Championship,2026-07-13 05:30:50 UTC,no,pga,3600
2026-07-13T05:31:47+00:00,0,CAN,13126,44.0,67.0,"Taylor, Nick",25493,61,[],56,Royal Birkdale Golf Club,1,2026-07-19,2026-07-16,100,The Open Championship,2026-07-13 05:30:50 UTC,no,pga,3600
2026-07-13T05:31:47+00:00,0,USA,23014,69.0,81.0,"Theegala, Sahith",51634,52,[],41,Royal Birkdale Golf Club,1,2026-07-19,2026-07-16,100,The Open Championship,2026-07-13 05:30:50 UTC,no,pga,3600
2026-07-13T05:31:47+00:00,0,USA,14139,21.0,19.0,"Thomas, Justin",33448,190,[],37,Royal Birkdale Golf Club,1,2026-07-19,2026-07-16,100,The Open Championship,2026-07-13 05:30:50 UTC,no,pga,3600
2026-07-13T05:31:47+00:00,0,USA,26649,59.0,70.0,"Thorbjornsen, Michael",57364,62,[],68,Royal Birkdale Golf Club,1,2026-07-19,2026-07-16,100,The Open Championship,2026-07-13 05:30:50 UTC,no,pga,3600
2026-07-13T05:31:47+00:00,0,USA,18239,339.0,396.0,"Truslow, Austen",45733,12,[],,Royal Birkdale Golf Club,1,2026-07-19,2026-07-16,100,The Open Championship,2026-07-13 05:30:50 UTC,no,pga,3600
2026-07-13T05:31:47+00:00,0,USA,11357,269.0,189.0,"Uihlein, Peter",29484,19,[],,Royal Birkdale Golf Club,1,2026-07-19,2026-07-16,100,The Open Championship,2026-07-13 05:30:50 UTC,no,pga,3600
2026-07-13T05:31:47+00:00,0,FIN,23816,120.0,73.0,"Valimaki, Sami",52666,24,[],142,Royal Birkdale Golf Club,1,2026-07-19,2026-07-16,100,The Open Championship,2026-07-13 05:30:50 UTC,no,pga,3600
2026-07-13T05:31:47+00:00,0,ZIM,14559,83.0,152.0,"Vincent, Scott",34126,36,[],,Royal Birkdale Golf Club,1,2026-07-19,2026-07-16,100,The Open Championship,2026-07-13 05:30:50 UTC,no,pga,3600
2026-07-13T05:31:47+00:00,0,ENG,20706,66.0,72.0,"Wallace, Matt",48887,62,[],91,Royal Birkdale Golf Club,1,2026-07-19,2026-07-16,100,The Open Championship,2026-07-13 05:30:50 UTC,no,pga,3600
2026-07-13T05:31:47+00:00,1,GER,29973,,,"Wiedemeyer, Tim",63475,6,[],,Royal Birkdale Golf Club,1,2026-07-19,2026-07-16,100,The Open Championship,2026-07-13 05:30:50 UTC,no,pga,3600
2026-07-13T05:31:47+00:00,0,AUT,9531,142.0,155.0,"Wiesberger, Bernd",29454,38,[],,Royal Birkdale Golf Club,1,2026-07-19,2026-07-16,100,The Open Championship,2026-07-13 05:30:50 UTC,no,pga,3600
2026-07-13T05:31:47+00:00,0,USA,12577,60.0,43.0,"Woodland, Gary",31323,51,[],26,Royal Birkdale Golf Club,1,2026-07-19,2026-07-16,100,The Open Championship,2026-07-13 05:30:50 UTC,no,pga,3600
2026-07-13T05:31:47+00:00,0,KOR,14419,,,"Yang, Jiho",70939,9,[],,Royal Birkdale Golf Club,1,2026-07-19,2026-07-16,100,The Open Championship,2026-07-13 05:30:50 UTC,no,pga,3600
2026-07-13T05:31:47+00:00,0,JPN,25739,288.0,249.0,"Yonezawa, Ren",56100,5,[],,Royal Birkdale Golf Club,1,2026-07-19,2026-07-16,100,The Open Championship,2026-07-13 05:30:50 UTC,no,pga,3600
2026-07-13T05:31:47+00:00,0,USA,26651,9.0,4.0,"Young, Cameron",57366,270,[],3,Royal Birkdale Golf Club,1,2026-07-19,2026-07-16,100,The Open Championship,2026-07-13 05:30:50 UTC,no,pga,3600
