pulled_at,dg_id,early_late_wave,player_name,proj_ownership,proj_points_finish,proj_points_scoring,proj_points_total,r1_teetime,salary,site_name_id,std_dev,value,event_name,last_updated,note,site,slate,tour
2026-07-13T05:31:47+00:00,18417,0,"Scheffler, Scottie",22.93,10.06,78.68,88.74,1:43 pm,14000,Scottie Scheffler (43502096),32.34,-0.62,Genesis Scottish Open,2026-07-12 02:00:47 UTC,projections released,draftkings,main,pga
2026-07-13T05:31:47+00:00,10091,1,"McIlroy, Rory",20.48,8.09,74.9,82.99,8:28 am,12000,Rory McIlroy (43502097),32.92,-0.01,Genesis Scottish Open,2026-07-12 02:00:47 UTC,projections released,draftkings,main,pga
2026-07-13T05:31:47+00:00,19195,0,"Rahm, Jon",15.67,6.31,68.72,75.04,2:05 pm,11500,Jon Rahm (43502098),32.22,-0.35,Genesis Scottish Open,2026-07-12 02:00:47 UTC,projections released,draftkings,main,pga
2026-07-13T05:31:47+00:00,17646,0,"Fitzpatrick, Matt",17.05,5.72,66.98,72.7,1:43 pm,9900,Matt Fitzpatrick (43502099),31.08,0.4,Genesis Scottish Open,2026-07-12 02:00:47 UTC,projections released,draftkings,main,pga
2026-07-13T05:31:47+00:00,19895,1,"Schauffele, Xander",14.85,6.44,69.22,75.66,8:06 am,9800,Xander Schauffele (43502100),32.82,0.76,Genesis Scottish Open,2026-07-12 02:00:47 UTC,projections released,draftkings,main,pga
2026-07-13T05:31:47+00:00,23950,0,"Aberg, Ludvig",15.36,5.82,68.11,73.93,1:54 pm,9600,Ludvig Aberg (43502101),32.33,0.73,Genesis Scottish Open,2026-07-12 02:00:47 UTC,projections released,draftkings,main,pga
2026-07-13T05:31:47+00:00,12294,0,"Fleetwood, Tommy",15.63,6.32,68.74,75.07,1:43 pm,9400,Tommy Fleetwood (43502102),31.69,0.97,Genesis Scottish Open,2026-07-12 02:00:47 UTC,projections released,draftkings,main,pga
2026-07-13T05:31:47+00:00,27774,1,"Gotterup, Chris",17.39,5.47,66.96,72.43,8:28 am,9300,Chris Gotterup (43502103),32.32,0.78,Genesis Scottish Open,2026-07-12 02:00:47 UTC,projections released,draftkings,main,pga
2026-07-13T05:31:47+00:00,23604,1,"Clark, Wyndham",17.98,4.39,63.03,67.42,8:39 am,9200,Wyndham Clark (43502104),31.47,0.36,Genesis Scottish Open,2026-07-12 02:00:47 UTC,projections released,draftkings,main,pga
2026-07-13T05:31:47+00:00,18841,1,"Hovland, Viktor",12.29,4.33,62.41,66.74,8:39 am,9100,Viktor Hovland (43502105),31.0,0.36,Genesis Scottish Open,2026-07-12 02:00:47 UTC,projections released,draftkings,main,pga
2026-07-13T05:31:47+00:00,23323,1,"MacIntyre, Robert",17.21,4.41,62.16,66.57,8:28 am,9000,Robert MacIntyre (43502106),30.84,0.41,Genesis Scottish Open,2026-07-12 02:00:47 UTC,projections released,draftkings,main,pga
2026-07-13T05:31:47+00:00,14796,1,"Hatton, Tyrrell",20.78,4.67,63.29,67.96,8:50 am,8900,Tyrrell Hatton (43502107),31.89,0.62,Genesis Scottish Open,2026-07-12 02:00:47 UTC,projections released,draftkings,main,pga
2026-07-13T05:31:47+00:00,15466,1,"Cantlay, Patrick",7.34,3.98,60.06,64.04,7:55 am,8800,Patrick Cantlay (43502108),30.67,0.3,Genesis Scottish Open,2026-07-12 02:00:47 UTC,projections released,draftkings,main,pga
2026-07-13T05:31:47+00:00,14609,0,"Kim, Si Woo",5.65,3.4,57.82,61.22,1:32 pm,8700,Si Woo Kim (43502109),29.91,0.09,Genesis Scottish Open,2026-07-12 02:00:47 UTC,projections released,draftkings,main,pga
2026-07-13T05:31:47+00:00,14139,0,"Thomas, Justin",11.3,4.36,62.3,66.66,1:54 pm,8600,Justin Thomas (43502110),31.94,0.69,Genesis Scottish Open,2026-07-12 02:00:47 UTC,projections released,draftkings,main,pga
2026-07-13T05:31:47+00:00,17536,1,"Spaun, J.J.",5.72,3.24,56.93,60.17,8:17 am,8500,J.J. Spaun (43502111),29.84,0.13,Genesis Scottish Open,2026-07-12 02:00:47 UTC,projections released,draftkings,main,pga
2026-07-13T05:31:47+00:00,21891,1,"Kitayama, Kurt",10.47,4.03,61.38,65.4,8:06 am,8400,Kurt Kitayama (43502112),31.28,0.71,Genesis Scottish Open,2026-07-12 02:00:47 UTC,projections released,draftkings,main,pga
2026-07-13T05:31:47+00:00,14577,0,"English, Harris",4.99,2.97,55.35,58.32,12:59 pm,8300,Harris English (43502113),29.17,0.08,Genesis Scottish Open,2026-07-12 02:00:47 UTC,projections released,draftkings,main,pga
2026-07-13T05:31:47+00:00,16841,1,"Lee, Min Woo",10.94,4.17,61.67,65.84,7:44 am,8200,Min Woo Lee (43502114),31.56,0.88,Genesis Scottish Open,2026-07-12 02:00:47 UTC,projections released,draftkings,main,pga
2026-07-13T05:31:47+00:00,28984,0,"Puig, David",7.25,2.79,55.59,58.39,12:26 pm,8100,David Puig (43502115),30.08,0.22,Genesis Scottish Open,2026-07-12 02:00:47 UTC,projections released,draftkings,main,pga
2026-07-13T05:31:47+00:00,16243,1,"Koepka, Brooks",7.62,2.14,51.64,53.78,7:44 am,8000,Brooks Koepka (43502117),28.88,-0.12,Genesis Scottish Open,2026-07-12 02:00:47 UTC,projections released,draftkings,main,pga
2026-07-13T05:31:47+00:00,23602,1,"Hojgaard, Nicolai",16.92,4.1,61.44,65.54,7:55 am,8000,Nicolai Hojgaard (43502116),31.46,0.99,Genesis Scottish Open,2026-07-12 02:00:47 UTC,projections released,draftkings,main,pga
2026-07-13T05:31:47+00:00,21407,1,"Reitan, Kristoffer",14.15,3.58,60.04,63.62,8:06 am,7900,Kristoffer Reitan (43502119),30.96,0.87,Genesis Scottish Open,2026-07-12 02:00:47 UTC,projections released,draftkings,main,pga
2026-07-13T05:31:47+00:00,25362,0,"Fitzpatrick, Alex",13.47,4.11,60.85,64.95,2:05 pm,7900,Alex Fitzpatrick (43502118),30.99,1.0,Genesis Scottish Open,2026-07-12 02:00:47 UTC,projections released,draftkings,main,pga
2026-07-13T05:31:47+00:00,13900,1,"Lowry, Shane",9.38,3.44,58.1,61.54,8:17 am,7800,Shane Lowry (43502121),30.1,0.73,Genesis Scottish Open,2026-07-12 02:00:47 UTC,projections released,draftkings,main,pga
2026-07-13T05:31:47+00:00,6430,1,"Scott, Adam",8.5,3.3,57.17,60.47,8:06 am,7800,Adam Scott (43502122),30.63,0.63,Genesis Scottish Open,2026-07-12 02:00:47 UTC,projections released,draftkings,main,pga
2026-07-13T05:31:47+00:00,18554,1,"Rai, Aaron",8.98,3.03,55.52,58.55,8:17 am,7800,Aaron Rai (43502120),29.28,0.44,Genesis Scottish Open,2026-07-12 02:00:47 UTC,projections released,draftkings,main,pga
2026-07-13T05:31:47+00:00,22465,1,"Penge, Marco",13.68,2.79,56.32,59.11,7:22 am,7700,Marco Penge (43502124),30.19,0.57,Genesis Scottish Open,2026-07-12 02:00:47 UTC,projections released,draftkings,main,pga
2026-07-13T05:31:47+00:00,19396,0,"Knapp, Jake",8.8,2.58,54.03,56.61,12:37 pm,7700,Jake Knapp (43502125),29.95,0.32,Genesis Scottish Open,2026-07-12 02:00:47 UTC,projections released,draftkings,main,pga
2026-07-13T05:31:47+00:00,14838,0,"Reed, Patrick",9.01,2.18,50.79,52.96,1:54 pm,7700,Patrick Reed (43502123),27.89,-0.03,Genesis Scottish Open,2026-07-12 02:00:47 UTC,projections released,draftkings,main,pga
2026-07-13T05:31:47+00:00,28309,1,"Coody, Pierceson",2.95,2.28,52.66,54.95,9:12 am,7600,Pierceson Coody (43502127),28.55,0.23,Genesis Scottish Open,2026-07-12 02:00:47 UTC,projections released,draftkings,main,pga
2026-07-13T05:31:47+00:00,24766,1,"Kim, Tom",12.82,3.05,55.96,59.01,7:11 am,7600,Tom Kim (43502126),29.8,0.62,Genesis Scottish Open,2026-07-12 02:00:47 UTC,projections released,draftkings,main,pga
2026-07-13T05:31:47+00:00,14502,1,"Cauley, Bud",4.35,2.81,54.85,57.65,7:22 am,7600,Bud Cauley (43502128),29.46,0.49,Genesis Scottish Open,2026-07-12 02:00:47 UTC,projections released,draftkings,main,pga
2026-07-13T05:31:47+00:00,26745,1,"Chacarra, Eugenio",10.55,2.86,55.93,58.79,8:39 am,7600,Eugenio Lopez-Chacarra (43502129),29.07,0.6,Genesis Scottish Open,2026-07-12 02:00:47 UTC,projections released,draftkings,main,pga
2026-07-13T05:31:47+00:00,18474,1,"Smalley, Alex",2.68,2.15,51.55,53.7,7:33 am,7500,Alex Smalley (43502132),28.31,0.17,Genesis Scottish Open,2026-07-12 02:00:47 UTC,projections released,draftkings,main,pga
2026-07-13T05:31:47+00:00,26649,1,"Thorbjornsen, Michael",2.27,2.18,51.63,53.8,7:55 am,7500,Michael Thorbjornsen (43502133),28.81,0.18,Genesis Scottish Open,2026-07-12 02:00:47 UTC,projections released,draftkings,main,pga
2026-07-13T05:31:47+00:00,10419,1,"Noren, Alex",3.57,2.39,52.68,55.07,8:50 am,7500,Alex Noren (43502130),28.23,0.31,Genesis Scottish Open,2026-07-12 02:00:47 UTC,projections released,draftkings,main,pga
2026-07-13T05:31:47+00:00,29767,0,"Gerard, Ryan",3.48,2.32,52.38,54.7,1:21 pm,7500,Ryan Gerard (43502131),28.71,0.27,Genesis Scottish Open,2026-07-12 02:00:47 UTC,projections released,draftkings,main,pga
2026-07-13T05:31:47+00:00,24550,0,"Ghim, Doug",4.97,2.41,52.93,55.34,12:15 pm,7400,Doug Ghim (43502136),28.47,0.4,Genesis Scottish Open,2026-07-12 02:00:47 UTC,projections released,draftkings,main,pga
2026-07-13T05:31:47+00:00,30445,1,"Ayora, Angel",4.6,2.41,53.65,56.06,8:39 am,7400,Angel Ayora Fanegas (43502138),29.1,0.47,Genesis Scottish Open,2026-07-12 02:00:47 UTC,projections released,draftkings,main,pga
2026-07-13T05:31:47+00:00,17576,0,"Conners, Corey",6.03,2.12,50.91,53.03,1:10 pm,7400,Corey Conners (43502134),28.3,0.17,Genesis Scottish Open,2026-07-12 02:00:47 UTC,projections released,draftkings,main,pga
2026-07-13T05:31:47+00:00,21756,0,"Cole, Eric",2.92,2.45,53.35,55.8,1:32 pm,7400,Eric Cole (43502137),28.89,0.45,Genesis Scottish Open,2026-07-12 02:00:47 UTC,projections released,draftkings,main,pga
2026-07-13T05:31:47+00:00,29197,0,"Brennan, Michael",5.67,2.4,53.66,56.06,12:26 pm,7400,Michael Brennan (43502135),29.55,0.47,Genesis Scottish Open,2026-07-12 02:00:47 UTC,projections released,draftkings,main,pga
2026-07-13T05:31:47+00:00,27194,0,"Hall, Harry",3.51,2.22,51.13,53.36,1:21 pm,7300,Harry Hall (43502139),28.15,0.27,Genesis Scottish Open,2026-07-12 02:00:47 UTC,projections released,draftkings,main,pga
2026-07-13T05:31:47+00:00,11889,1,"Fox, Ryan",7.02,2.46,53.13,55.6,7:11 am,7300,Ryan Fox (43502143),28.67,0.49,Genesis Scottish Open,2026-07-12 02:00:47 UTC,projections released,draftkings,main,pga
2026-07-13T05:31:47+00:00,20706,1,"Wallace, Matt",3.62,2.65,54.31,56.96,7:22 am,7300,Matt Wallace (43502142),28.68,0.63,Genesis Scottish Open,2026-07-12 02:00:47 UTC,projections released,draftkings,main,pga
2026-07-13T05:31:47+00:00,8825,0,"Harman, Brian",5.48,1.95,49.57,51.52,1:21 pm,7300,Brian Harman (43502140),27.8,0.1,Genesis Scottish Open,2026-07-12 02:00:47 UTC,projections released,draftkings,main,pga
2026-07-13T05:31:47+00:00,23014,0,"Theegala, Sahith",6.74,2.24,52.46,54.7,12:59 pm,7300,Sahith Theegala (43502141),28.77,0.4,Genesis Scottish Open,2026-07-12 02:00:47 UTC,projections released,draftkings,main,pga
2026-07-13T05:31:47+00:00,22322,0,"McKibbin, Tom",3.28,2.08,50.49,52.57,12:48 pm,7200,Tom McKibbin (43502146),28.09,0.26,Genesis Scottish Open,2026-07-12 02:00:47 UTC,projections released,draftkings,main,pga
2026-07-13T05:31:47+00:00,23465,0,"Greyserman, Max",2.49,2.21,51.95,54.15,1:43 pm,7200,Max Greyserman (43502144),29.02,0.42,Genesis Scottish Open,2026-07-12 02:00:47 UTC,projections released,draftkings,main,pga
2026-07-13T05:31:47+00:00,13126,0,"Taylor, Nick",2.39,1.79,48.72,50.51,12:59 pm,7200,Nick Taylor (43502147),27.04,0.06,Genesis Scottish Open,2026-07-12 02:00:47 UTC,projections released,draftkings,main,pga
2026-07-13T05:31:47+00:00,17511,0,"Straka, Sepp",4.01,1.5,47.24,48.75,1:32 pm,7200,Sepp Straka (43502145),27.01,-0.08,Genesis Scottish Open,2026-07-12 02:00:47 UTC,projections released,draftkings,main,pga
2026-07-13T05:31:47+00:00,23841,1,"Neergaard-Petersen, Rasmus",1.91,1.89,49.8,51.69,8:06 am,7200,Rasmus Neergaard-Petersen (43502149),27.96,0.18,Genesis Scottish Open,2026-07-12 02:00:47 UTC,projections released,draftkings,main,pga
2026-07-13T05:31:47+00:00,28159,1,"Meissner, Mac",2.4,2.25,51.63,53.89,7:00 am,7200,Mac Meissner (43502148),28.17,0.39,Genesis Scottish Open,2026-07-12 02:00:47 UTC,projections released,draftkings,main,pga
2026-07-13T05:31:47+00:00,17488,0,"Im, Sungjae",1.64,1.84,49.36,51.2,1:10 pm,7100,Sungjae Im (43502151),27.86,0.2,Genesis Scottish Open,2026-07-12 02:00:47 UTC,projections released,draftkings,main,pga
2026-07-13T05:31:47+00:00,18586,0,"Smith, Jordan",4.1,1.96,50.55,52.51,12:59 pm,7100,Jordan L. Smith (43502153),28.02,0.33,Genesis Scottish Open,2026-07-12 02:00:47 UTC,projections released,draftkings,main,pga
2026-07-13T05:31:47+00:00,25569,0,"Stevens, Sam",2.69,1.99,50.41,52.4,12:48 pm,7100,Sam Stevens (43502155),27.93,0.32,Genesis Scottish Open,2026-07-12 02:00:47 UTC,projections released,draftkings,main,pga
2026-07-13T05:31:47+00:00,23475,0,"Novak, Andrew",1.1,2.1,51.75,53.84,12:37 pm,7100,Andrew Novak (43502152),28.5,0.46,Genesis Scottish Open,2026-07-12 02:00:47 UTC,projections released,draftkings,main,pga
2026-07-13T05:31:47+00:00,23838,0,"Hojgaard, Rasmus",5.58,1.89,50.04,51.93,2:05 pm,7100,Rasmus Hojgaard (43502150),28.47,0.27,Genesis Scottish Open,2026-07-12 02:00:47 UTC,projections released,draftkings,main,pga
2026-07-13T05:31:47+00:00,20730,1,"Perez, Victor",7.59,2.53,53.51,56.04,8:50 am,7100,Victor Perez (43502154),28.52,0.67,Genesis Scottish Open,2026-07-12 02:00:47 UTC,projections released,draftkings,main,pga
2026-07-13T05:31:47+00:00,19421,0,"Du Plessis, Hennie",4.04,2.14,51.11,53.25,12:37 pm,7000,Hennie Du Plessis (43502161),28.63,0.47,Genesis Scottish Open,2026-07-12 02:00:47 UTC,projections released,draftkings,main,pga
2026-07-13T05:31:47+00:00,27900,1,"Potgieter, Aldrich",6.64,2.2,52.37,54.57,8:28 am,7000,Aldrich Potgieter (43502157),29.44,0.6,Genesis Scottish Open,2026-07-12 02:00:47 UTC,projections released,draftkings,main,pga
2026-07-13T05:31:47+00:00,21362,1,"Hillier, Daniel",3.97,2.34,52.86,55.2,8:17 am,7000,Daniel Hillier (43502159),28.56,0.66,Genesis Scottish Open,2026-07-12 02:00:47 UTC,projections released,draftkings,main,pga
2026-07-13T05:31:47+00:00,32457,1,"Keefer, Johnny",1.55,1.85,49.74,51.58,9:12 am,7000,John Keefer (43502162),28.19,0.3,Genesis Scottish Open,2026-07-12 02:00:47 UTC,projections released,draftkings,main,pga
2026-07-13T05:31:47+00:00,29925,1,"Yellamaraju, Sudarshan",1.62,1.86,49.41,51.27,9:01 am,7000,Sudarshan Yellamaraju (43502158),28.08,0.27,Genesis Scottish Open,2026-07-12 02:00:47 UTC,projections released,draftkings,main,pga
2026-07-13T05:31:47+00:00,28635,1,"McCarty, Matt",1.41,1.56,47.17,48.73,7:44 am,7000,Matthew McCarty (43502160),26.89,0.03,Genesis Scottish Open,2026-07-12 02:00:47 UTC,projections released,draftkings,main,pga
2026-07-13T05:31:47+00:00,27819,0,"Castillo, Ricky",0.4,1.47,46.36,47.83,12:15 pm,7000,Ricky Castillo (43502156),26.53,-0.05,Genesis Scottish Open,2026-07-12 02:00:47 UTC,projections released,draftkings,main,pga
2026-07-13T05:31:47+00:00,15310,1,"Li, Haotong",2.99,2.15,51.99,54.14,8:50 am,6900,Hao-Tong Li (43502166),28.69,0.62,Genesis Scottish Open,2026-07-12 02:00:47 UTC,projections released,draftkings,main,pga
2026-07-13T05:31:47+00:00,26947,1,"Jarvis, Casey",1.27,1.43,46.61,48.05,8:50 am,6900,Casey Jarvis (43502165),26.75,0.03,Genesis Scottish Open,2026-07-12 02:00:47 UTC,projections released,draftkings,main,pga
2026-07-13T05:31:47+00:00,22985,0,"Smotherman, Austin",0.0,1.2,44.32,45.52,2:16 pm,6900,Austin Smotherman (43502169),25.86,-0.17,Genesis Scottish Open,2026-07-12 02:00:47 UTC,projections released,draftkings,main,pga
2026-07-13T05:31:47+00:00,17543,1,"Kim, Michael",1.35,2.12,50.92,53.05,7:33 am,6900,Michael Kim (43502163),28.35,0.51,Genesis Scottish Open,2026-07-12 02:00:47 UTC,projections released,draftkings,main,pga
2026-07-13T05:31:47+00:00,17881,0,"Yu, Kevin",2.94,1.84,49.24,51.08,1:32 pm,6900,Kevin Yu (43502167),27.62,0.32,Genesis Scottish Open,2026-07-12 02:00:47 UTC,projections released,draftkings,main,pga
2026-07-13T05:31:47+00:00,21944,1,"Moore, Taylor",0.79,1.84,49.74,51.59,7:11 am,6900,Taylor Moore (43502168),27.78,0.37,Genesis Scottish Open,2026-07-12 02:00:47 UTC,projections released,draftkings,main,pga
2026-07-13T05:31:47+00:00,26991,0,"Schaper, Jayden",1.47,1.33,45.0,46.33,1:32 pm,6900,Jayden Trey Schaper (43502164),25.86,-0.11,Genesis Scottish Open,2026-07-12 02:00:47 UTC,projections released,draftkings,main,pga
2026-07-13T05:31:47+00:00,26850,1,"Svensson, Jesper",6.91,1.58,48.13,49.71,7:55 am,6800,Jesper Svensson (43502171),27.69,0.26,Genesis Scottish Open,2026-07-12 02:00:47 UTC,projections released,draftkings,main,pga
2026-07-13T05:31:47+00:00,19846,0,"Bauchou, Zach",0.0,1.27,44.87,46.14,2:27 pm,6800,Zachary Bauchou (43502177),25.73,-0.07,Genesis Scottish Open,2026-07-12 02:00:47 UTC,projections released,draftkings,main,pga
2026-07-13T05:31:47+00:00,20084,1,"Lindberg, Mikael",2.94,1.7,48.91,50.61,7:11 am,6800,Mikael Lindberg (43502173),28.23,0.34,Genesis Scottish Open,2026-07-12 02:00:47 UTC,projections released,draftkings,main,pga
2026-07-13T05:31:47+00:00,20722,1,"Schmid, Matti",2.23,1.6,48.21,49.8,9:12 am,6800,Matti Schmid (43502174),27.54,0.27,Genesis Scottish Open,2026-07-12 02:00:47 UTC,projections released,draftkings,main,pga
2026-07-13T05:31:47+00:00,9531,1,"Wiesberger, Bernd",3.04,1.26,44.44,45.71,7:33 am,6800,Bernd Wiesberger (43502170),25.67,-0.1,Genesis Scottish Open,2026-07-12 02:00:47 UTC,projections released,draftkings,main,pga
2026-07-13T05:31:47+00:00,21646,1,"Ferguson, Ewen",1.43,1.6,47.27,48.87,7:55 am,6800,Ewen Ferguson (43502175),26.66,0.17,Genesis Scottish Open,2026-07-12 02:00:47 UTC,projections released,draftkings,main,pga
2026-07-13T05:31:47+00:00,13764,0,"Parry, John",2.87,1.48,46.65,48.14,12:26 pm,6800,John Parry (43502176),26.18,0.1,Genesis Scottish Open,2026-07-12 02:00:47 UTC,projections released,draftkings,main,pga
2026-07-13T05:31:47+00:00,23505,1,"McGreevy, Max",0.0,1.28,44.96,46.24,7:00 am,6800,Max McGreevy (43502172),25.51,-0.06,Genesis Scottish Open,2026-07-12 02:00:47 UTC,projections released,draftkings,main,pga
2026-07-13T05:31:47+00:00,22833,0,"Echavarria, Nico",1.24,1.28,44.94,46.22,2:16 pm,6700,Nicolas Echavarria (43502178),26.31,-0.01,Genesis Scottish Open,2026-07-12 02:00:47 UTC,projections released,draftkings,main,pga
2026-07-13T05:31:47+00:00,13412,1,"Olesen, Thorbjorn",0.97,1.76,48.85,50.62,8:28 am,6700,Thorbjorn Olesen (43502180),27.51,0.41,Genesis Scottish Open,2026-07-12 02:00:47 UTC,projections released,draftkings,main,pga
2026-07-13T05:31:47+00:00,14795,1,"Canter, Laurie",0.43,1.21,44.54,45.75,7:44 am,6700,Laurie Canter (43502185),25.99,-0.05,Genesis Scottish Open,2026-07-12 02:00:47 UTC,projections released,draftkings,main,pga
2026-07-13T05:31:47+00:00,20766,0,"Brown, Dan",0.15,1.15,44.14,45.29,1:10 pm,6700,Daniel Brown (43502184),25.73,-0.08,Genesis Scottish Open,2026-07-12 02:00:47 UTC,projections released,draftkings,main,pga
2026-07-13T05:31:47+00:00,21074,1,"Nakajima, Keita",0.0,1.15,43.96,45.12,9:01 am,6700,Keita Nakajima (43502181),25.45,-0.1,Genesis Scottish Open,2026-07-12 02:00:47 UTC,projections released,draftkings,main,pga
2026-07-13T05:31:47+00:00,14704,0,"Putnam, Andrew",0.0,0.9,40.78,41.68,2:05 pm,6700,Andrew Putnam (43502182),23.64,-0.36,Genesis Scottish Open,2026-07-12 02:00:47 UTC,projections released,draftkings,main,pga
2026-07-13T05:31:47+00:00,17813,1,"Armitage, Marcus",0.22,1.3,45.23,46.53,7:11 am,6700,Marcus Armitage (43502183),25.94,0.01,Genesis Scottish Open,2026-07-12 02:00:47 UTC,projections released,draftkings,main,pga
2026-07-13T05:31:47+00:00,24304,0,"Vilips, Karl",0.0,1.09,43.05,44.14,2:27 pm,6700,Karl Vilips (43504159),25.47,-0.17,Genesis Scottish Open,2026-07-12 02:00:47 UTC,projections released,draftkings,main,pga
2026-07-13T05:31:47+00:00,25131,0,"Hill, Calum",2.88,1.9,50.0,51.9,1:21 pm,6700,Calum Hill (43502179),28.09,0.54,Genesis Scottish Open,2026-07-12 02:00:47 UTC,projections released,draftkings,main,pga
2026-07-13T05:31:47+00:00,8820,1,"Snedeker, Brandt",0.0,0.59,36.94,37.54,8:39 am,6600,Brandt Snedeker (43502192),21.96,-0.62,Genesis Scottish Open,2026-07-12 02:00:47 UTC,projections released,draftkings,main,pga
2026-07-13T05:31:47+00:00,12423,0,"Kirk, Chris",0.0,0.86,41.09,41.95,12:26 pm,6600,Chris Kirk (43502186),24.2,-0.28,Genesis Scottish Open,2026-07-12 02:00:47 UTC,projections released,draftkings,main,pga
2026-07-13T05:31:47+00:00,18770,0,"Rozner, Antoine",2.52,1.16,43.92,45.08,1:43 pm,6600,Antoine Rozner (43502188),25.51,-0.05,Genesis Scottish Open,2026-07-12 02:00:47 UTC,projections released,draftkings,main,pga
2026-07-13T05:31:47+00:00,11276,0,"Horschel, Billy",0.52,0.87,40.6,41.47,1:10 pm,6600,Billy Horschel (43502194),24.28,-0.32,Genesis Scottish Open,2026-07-12 02:00:47 UTC,projections released,draftkings,main,pga
2026-07-13T05:31:47+00:00,16475,1,"Forrest, Grant",4.6,1.55,47.19,48.74,7:44 am,6600,Grant Forrest (43502193),27.49,0.3,Genesis Scottish Open,2026-07-12 02:00:47 UTC,projections released,draftkings,main,pga
2026-07-13T05:31:47+00:00,20085,1,"Lindell, Oliver",7.39,2.02,50.31,52.33,8:50 am,6600,Oliver Lindell (43502187),27.74,0.65,Genesis Scottish Open,2026-07-12 02:00:47 UTC,projections released,draftkings,main,pga
2026-07-13T05:31:47+00:00,27811,1,"Couvra, Martin",0.0,1.05,43.24,44.29,7:00 am,6600,Martin Couvra (43502190),25.08,-0.11,Genesis Scottish Open,2026-07-12 02:00:47 UTC,projections released,draftkings,main,pga
2026-07-13T05:31:47+00:00,15326,0,"Sullivan, Andy",0.57,1.04,42.85,43.89,12:59 pm,6600,Andy Sullivan (43502189),25.13,-0.14,Genesis Scottish Open,2026-07-12 02:00:47 UTC,projections released,draftkings,main,pga
2026-07-13T05:31:47+00:00,14792,1,"Saddier, Adrien",0.0,0.94,41.9,42.84,7:22 am,6600,Adrien Saddier (43502191),24.82,-0.22,Genesis Scottish Open,2026-07-12 02:00:47 UTC,projections released,draftkings,main,pga
2026-07-13T05:31:47+00:00,17550,0,"Van Rooyen, Erik",0.57,1.09,42.97,44.06,1:54 pm,6500,Erik Van Rooyen (43502203),25.36,-0.07,Genesis Scottish Open,2026-07-12 02:00:47 UTC,projections released,draftkings,main,pga
2026-07-13T05:31:47+00:00,15676,0,"Norgaard, Niklas",2.57,1.33,45.75,47.08,12:48 pm,6500,Niklas Norgaard Moller (43502201),26.62,0.2,Genesis Scottish Open,2026-07-12 02:00:47 UTC,projections released,draftkings,main,pga
2026-07-13T05:31:47+00:00,19960,0,"Pavon, Matthieu",0.16,1.31,45.11,46.42,1:21 pm,6500,Matthieu Pavon (43502202),26.07,0.14,Genesis Scottish Open,2026-07-12 02:00:47 UTC,projections released,draftkings,main,pga
2026-07-13T05:31:47+00:00,12426,0,"Waring, Paul",0.0,1.23,44.89,46.12,12:59 pm,6500,Paul Waring (43502195),26.35,0.11,Genesis Scottish Open,2026-07-12 02:00:47 UTC,projections released,draftkings,main,pga
2026-07-13T05:31:47+00:00,10201,0,"Guerrier, Julien",0.0,0.98,42.46,43.44,1:54 pm,6500,Julien Guerrier (43502198),24.83,-0.12,Genesis Scottish Open,2026-07-12 02:00:47 UTC,projections released,draftkings,main,pga
2026-07-13T05:31:47+00:00,28268,0,"Kaneko, Kota",0.44,0.76,39.61,40.37,12:48 pm,6500,Kota Kaneko (43502199),22.97,-0.35,Genesis Scottish Open,2026-07-12 02:00:47 UTC,projections released,draftkings,main,pga
2026-07-13T05:31:47+00:00,22259,0,"Del Rey, Alejandro",4.18,1.68,48.9,50.58,12:15 pm,6500,Alejandro Del Rey (43502197),27.97,0.54,Genesis Scottish Open,2026-07-12 02:00:47 UTC,projections released,draftkings,main,pga
2026-07-13T05:31:47+00:00,29971,0,"Bradbury, Dan",0.0,0.98,42.46,43.44,12:37 pm,6500,Dan Bradbury (43502196),24.91,-0.12,Genesis Scottish Open,2026-07-12 02:00:47 UTC,projections released,draftkings,main,pga
2026-07-13T05:31:47+00:00,23733,1,"LaCroix, Frederic",0.0,0.93,41.69,42.63,7:00 am,6500,Frederic Lacroix (43502200),24.7,-0.18,Genesis Scottish Open,2026-07-12 02:00:47 UTC,projections released,draftkings,main,pga
2026-07-13T05:31:47+00:00,12988,0,"Elvira Mijares, Ignacio",0.0,0.7,39.07,39.77,12:37 pm,6400,Nacho Elvira (43502212),23.02,-0.35,Genesis Scottish Open,2026-07-12 02:00:47 UTC,projections released,draftkings,main,pga
2026-07-13T05:31:47+00:00,7677,1,"Norris, Shaun",0.0,0.57,37.91,38.48,7:44 am,6400,Shaun Norris (43502209),22.32,-0.44,Genesis Scottish Open,2026-07-12 02:00:47 UTC,projections released,draftkings,main,pga
2026-07-13T05:31:47+00:00,14196,1,"Meronk, Adrian",0.43,0.68,38.89,39.57,9:12 am,6400,Adrian Meronk (43502211),23.46,-0.36,Genesis Scottish Open,2026-07-12 02:00:47 UTC,projections released,draftkings,main,pga
2026-07-13T05:31:47+00:00,7655,1,"Molinari, Francesco",0.0,0.63,38.13,38.76,8:39 am,6400,Francesco Molinari (43502208),22.59,-0.42,Genesis Scottish Open,2026-07-12 02:00:47 UTC,projections released,draftkings,main,pga
2026-07-13T05:31:47+00:00,16333,0,"Hubbard, Mark",0.0,0.76,39.72,40.48,2:27 pm,6400,Mark Hubbard (43502205),23.37,-0.29,Genesis Scottish Open,2026-07-12 02:00:47 UTC,projections released,draftkings,main,pga
2026-07-13T05:31:47+00:00,18105,1,"Lawrence, Thriston",0.61,0.77,40.62,41.39,8:17 am,6400,Thriston Lawrence (43502204),23.91,-0.22,Genesis Scottish Open,2026-07-12 02:00:47 UTC,projections released,draftkings,main,pga
2026-07-13T05:31:47+00:00,18424,0,"Roy, Kevin",0.0,0.88,41.3,42.18,2:27 pm,6400,Kevin Roy (43502206),24.54,-0.16,Genesis Scottish Open,2026-07-12 02:00:47 UTC,projections released,draftkings,main,pga
2026-07-13T05:31:47+00:00,5716,1,"Harrington, Padraig",0.7,0.85,40.84,41.69,7:33 am,6400,Padraig Harrington (43502210),24.19,-0.2,Genesis Scottish Open,2026-07-12 02:00:47 UTC,projections released,draftkings,main,pga
2026-07-13T05:31:47+00:00,27588,0,"Schott, Freddy",1.19,1.21,45.61,46.83,12:48 pm,6400,Freddy Schott (43502207),26.67,0.25,Genesis Scottish Open,2026-07-12 02:00:47 UTC,projections released,draftkings,main,pga
2026-07-13T05:31:47+00:00,23416,1,"Ravetto, David",0.0,0.88,41.43,42.31,9:12 am,6300,David Ravetto (43502215),24.58,-0.1,Genesis Scottish Open,2026-07-12 02:00:47 UTC,projections released,draftkings,main,pga
2026-07-13T05:31:47+00:00,17357,0,"Migliozzi, Guido",0.0,0.9,41.64,42.54,1:21 pm,6300,Guido Migliozzi (43502218),24.44,-0.08,Genesis Scottish Open,2026-07-12 02:00:47 UTC,projections released,draftkings,main,pga
2026-07-13T05:31:47+00:00,19190,0,"Hoshino, Rikuya",0.0,0.43,35.19,35.62,2:16 pm,6300,Rikuya Hoshino (43502213),21.08,-0.61,Genesis Scottish Open,2026-07-12 02:00:47 UTC,projections released,draftkings,main,pga
2026-07-13T05:31:47+00:00,10158,1,"Luiten, Joost",0.0,0.45,35.4,35.85,7:00 am,6300,Joost Luiten (43502217),21.24,-0.59,Genesis Scottish Open,2026-07-12 02:00:47 UTC,projections released,draftkings,main,pga
2026-07-13T05:31:47+00:00,14975,0,"Otaegui, Adrian",0.0,0.47,35.58,36.05,12:26 pm,6300,Adrian Otaegui (43502214),21.23,-0.58,Genesis Scottish Open,2026-07-12 02:00:47 UTC,projections released,draftkings,main,pga
2026-07-13T05:31:47+00:00,11397,1,"Jamieson, Scott",0.0,0.45,36.2,36.65,7:22 am,6300,Scott Jamieson (43502221),21.61,-0.53,Genesis Scottish Open,2026-07-12 02:00:47 UTC,projections released,draftkings,main,pga
2026-07-13T05:31:47+00:00,24185,0,"Mansell, Richard",1.55,1.05,43.76,44.81,1:54 pm,6300,Richard Mansell (43502216),25.87,0.12,Genesis Scottish Open,2026-07-12 02:00:47 UTC,projections released,draftkings,main,pga
2026-07-13T05:31:47+00:00,12920,0,"Willett, Danny",0.0,0.44,35.26,35.7,12:37 pm,6300,Danny Willett (43502219),21.27,-0.6,Genesis Scottish Open,2026-07-12 02:00:47 UTC,projections released,draftkings,main,pga
2026-07-13T05:31:47+00:00,24127,1,"Hidalgo Portillo, Angel",0.0,0.5,36.91,37.41,7:33 am,6300,Angel Hidalgo (43502220),22.15,-0.47,Genesis Scottish Open,2026-07-12 02:00:47 UTC,projections released,draftkings,main,pga
2026-07-13T05:31:47+00:00,13374,0,"Van Driel, Darius",0.0,0.53,36.79,37.32,12:15 pm,6200,Darius Van Driel (43502225),21.99,-0.43,Genesis Scottish Open,2026-07-12 02:00:47 UTC,projections released,draftkings,main,pga
2026-07-13T05:31:47+00:00,7049,0,"Sterne, Richard",0.0,0.43,35.58,36.01,12:26 pm,6200,Richard Sterne (43502224),21.13,-0.53,Genesis Scottish Open,2026-07-12 02:00:47 UTC,projections released,draftkings,main,pga
2026-07-13T05:31:47+00:00,26653,1,"Eckroat, Austin",0.38,0.96,41.6,42.56,9:01 am,6200,Austin Eckroat (43502229),24.47,-0.03,Genesis Scottish Open,2026-07-12 02:00:47 UTC,projections released,draftkings,main,pga
2026-07-13T05:31:47+00:00,5768,1,"Hoffman, Charley",0.0,0.22,31.36,31.58,8:17 am,6200,Charley Hoffman (43502226),18.68,-0.86,Genesis Scottish Open,2026-07-12 02:00:47 UTC,projections released,draftkings,main,pga
2026-07-13T05:31:47+00:00,25890,1,"Premlall, Yurav",0.0,0.34,33.94,34.28,8:28 am,6200,Yurav Premlall (43502227),20.17,-0.66,Genesis Scottish Open,2026-07-12 02:00:47 UTC,projections released,draftkings,main,pga
2026-07-13T05:31:47+00:00,18628,1,"Campbell, Brian",0.0,0.27,32.22,32.49,7:33 am,6200,Brian Campbell (43502231),19.07,-0.79,Genesis Scottish Open,2026-07-12 02:00:47 UTC,projections released,draftkings,main,pga
2026-07-13T05:31:47+00:00,22089,0,"Syme, Connor",0.27,0.36,34.71,35.07,1:10 pm,6200,Connor Syme (43502228),20.91,-0.6,Genesis Scottish Open,2026-07-12 02:00:47 UTC,projections released,draftkings,main,pga
2026-07-13T05:31:47+00:00,14780,0,"Lagergren, Joakim",0.48,1.09,43.86,44.95,2:05 pm,6200,Joakim Lagergren (43502222),26.13,0.2,Genesis Scottish Open,2026-07-12 02:00:47 UTC,projections released,draftkings,main,pga
2026-07-13T05:31:47+00:00,19872,0,"Riley, Davis",0.0,0.52,37.32,37.84,2:16 pm,6200,Davis Riley (43502223),22.6,-0.39,Genesis Scottish Open,2026-07-12 02:00:47 UTC,projections released,draftkings,main,pga
2026-07-13T05:31:47+00:00,17786,0,"Davis, Cam",0.39,0.44,36.26,36.7,12:15 pm,6100,Cameron Davis (43502232),22.04,-0.42,Genesis Scottish Open,2026-07-12 02:00:47 UTC,projections released,draftkings,main,pga
2026-07-13T05:31:47+00:00,13498,1,"Lee, Junghwan",0.0,0.32,33.6,33.93,7:22 am,6100,Junghwan Lee (43502241),19.89,-0.63,Genesis Scottish Open,2026-07-12 02:00:47 UTC,projections released,draftkings,main,pga
2026-07-13T05:31:47+00:00,21072,0,"Ok, Taehoon",0.0,0.29,32.9,33.19,1:43 pm,6100,Taehoon Ok (43502238),19.51,-0.69,Genesis Scottish Open,2026-07-12 02:00:47 UTC,projections released,draftkings,main,pga
2026-07-13T05:31:47+00:00,11955,1,"Frittelli, Dylan",0.0,0.84,41.34,42.18,9:01 am,6100,Dylan Frittelli (43502233),24.44,-0.0,Genesis Scottish Open,2026-07-12 02:00:47 UTC,projections released,draftkings,main,pga
2026-07-13T05:31:47+00:00,11763,1,"Wu, Ashun",0.0,0.56,36.62,37.17,7:11 am,6100,Ashun Wu (43502240),21.93,-0.38,Genesis Scottish Open,2026-07-12 02:00:47 UTC,projections released,draftkings,main,pga
2026-07-13T05:31:47+00:00,11460,0,"Manassero, Matteo",0.0,0.65,38.16,38.81,2:16 pm,6100,Matteo Manassero (43502237),22.8,-0.26,Genesis Scottish Open,2026-07-12 02:00:47 UTC,projections released,draftkings,main,pga
2026-07-13T05:31:47+00:00,16896,0,"Kruyswijk, Jacques",0.0,0.44,35.12,35.56,2:05 pm,6100,Jacques Kruyswijk (43502236),20.97,-0.51,Genesis Scottish Open,2026-07-12 02:00:47 UTC,projections released,draftkings,main,pga
2026-07-13T05:31:47+00:00,28469,0,"Highsmith, Joe",0.0,0.42,35.71,36.13,12:48 pm,6100,Joe Highsmith (43502234),21.42,-0.46,Genesis Scottish Open,2026-07-12 02:00:47 UTC,projections released,draftkings,main,pga
2026-07-13T05:31:47+00:00,20448,1,"Katsuragawa, Yuto",0.0,0.47,36.36,36.83,9:01 am,6100,Yuto Katsuragawa (43502235),21.76,-0.41,Genesis Scottish Open,2026-07-12 02:00:47 UTC,projections released,draftkings,main,pga
2026-07-13T05:31:47+00:00,20522,0,"Veerman, Johannes",0.0,0.29,33.03,33.32,12:15 pm,6100,Johannes Veerman (43502239),19.75,-0.68,Genesis Scottish Open,2026-07-12 02:00:47 UTC,projections released,draftkings,main,pga
2026-07-13T05:31:47+00:00,6950,1,"Siem, Marcel",0.0,0.3,33.71,34.0,7:55 am,6000,Marcel Siem (43502244),20.13,-0.57,Genesis Scottish Open,2026-07-12 02:00:47 UTC,projections released,draftkings,main,pga
2026-07-13T05:31:47+00:00,27149,0,"Da Costa Rodrigues, Daniel",0.53,0.58,37.54,38.12,2:27 pm,6000,Daniel Rodrigues (43502243),22.47,-0.26,Genesis Scottish Open,2026-07-12 02:00:47 UTC,projections released,draftkings,main,pga
2026-07-13T05:31:47+00:00,19429,0,"Naidoo, Dylan",0.0,0.22,31.46,31.68,2:27 pm,6000,Dylan Naidoo (43502242),18.68,-0.75,Genesis Scottish Open,2026-07-12 02:00:47 UTC,projections released,draftkings,main,pga
2026-07-13T05:31:47+00:00,22231,0,"Von Dellingshausen, Nicolai",0.0,0.71,39.59,40.3,1:32 pm,6000,Nicolai Von Dellingshausen (43502245),23.67,-0.09,Genesis Scottish Open,2026-07-12 02:00:47 UTC,projections released,draftkings,main,pga
2026-07-13T05:31:47+00:00,9133,1,"Larrazabal, Pablo",0.0,0.16,29.42,29.58,8:06 am,6000,Pablo Larrazabal (43502248),17.18,-0.91,Genesis Scottish Open,2026-07-12 02:00:47 UTC,projections released,draftkings,main,pga
2026-07-13T05:31:47+00:00,27759,0,"Kim, Baekjun",0.0,0.15,29.94,30.09,2:16 pm,6000,Baekjun Kim (43502249),17.49,-0.87,Genesis Scottish Open,2026-07-12 02:00:47 UTC,projections released,draftkings,main,pga
2026-07-13T05:31:47+00:00,13731,1,"Strydom, Ockie",0.0,0.1,28.28,28.38,9:01 am,6000,Ockie Strydom (43502250),16.15,-1.0,Genesis Scottish Open,2026-07-12 02:00:47 UTC,projections released,draftkings,main,pga
2026-07-13T05:31:47+00:00,32449,1,"Johnston, Ryggs",0.0,0.22,32.21,32.43,7:00 am,6000,Ryggs Johnston (43502247),19.01,-0.69,Genesis Scottish Open,2026-07-12 02:00:47 UTC,projections released,draftkings,main,pga
2026-07-13T05:31:47+00:00,23892,0,"Gumberg, Jordan",0.0,0.35,34.4,34.75,1:10 pm,6000,Jordan Gumberg (43502246),20.68,-0.52,Genesis Scottish Open,2026-07-12 02:00:47 UTC,projections released,draftkings,main,pga
2026-07-13T05:31:47+00:00,26580,1,"Choi, Seungbin",0.0,0.52,37.34,37.86,9:12 am,6000,Seungbin Choi (43502251),22.54,-0.28,Genesis Scottish Open,2026-07-12 02:00:47 UTC,projections released,draftkings,main,pga
