pulled_at,R1,R2,R3,R4,country,course,current_pos,current_score,dg_id,end_hole,make_cut,player_name,round,thru,today,top_10,top_20,top_5,win
2026-07-13T05:31:47+00:00,65,66,68.0,64.0,KOR,RC,1,-17,24766,18,1.0,"Kim, Tom",4,18,-6,1.0,1.0,1.0,1.0
2026-07-13T05:31:47+00:00,70,67,66.0,66.0,KOR,RC,T9,-11,14609,18,1.0,"Kim, Si Woo",4,18,-4,1.0,1.0,0.0,0.0
2026-07-13T05:31:47+00:00,66,66,66.0,67.0,AUS,RC,2,-15,16841,18,1.0,"Lee, Min Woo",4,18,-3,1.0,1.0,1.0,0.0
2026-07-13T05:31:47+00:00,67,65,66.0,69.0,ENG,RC,T3,-13,17646,18,1.0,"Fitzpatrick, Matt",4,18,-1,1.0,1.0,1.0,0.0
2026-07-13T05:31:47+00:00,68,68,64.0,67.0,USA,RC,T3,-13,32457,18,1.0,"Keefer, Johnny",4,18,-3,1.0,1.0,1.0,0.0
2026-07-13T05:31:47+00:00,67,66,65.0,69.0,SCO,RC,T3,-13,23323,18,1.0,"MacIntyre, Robert",4,18,-1,1.0,1.0,1.0,0.0
2026-07-13T05:31:47+00:00,67,66,67.0,67.0,JPN,RC,T3,-13,21074,18,1.0,"Nakajima, Keita",4,18,-3,1.0,1.0,1.0,0.0
2026-07-13T05:31:47+00:00,70,64,68.0,73.0,AUS,RC,T30,-5,24304,18,1.0,"Vilips, Karl",4,18,3,0.0,0.0,0.0,0.0
2026-07-13T05:31:47+00:00,65,66,73.0,64.0,NIR,RC,T7,-12,10091,18,1.0,"McIlroy, Rory",4,18,-6,1.0,1.0,0.0,0.0
2026-07-13T05:31:47+00:00,72,68,,,USA,RC,CUT,0,18474,18,0.0,"Smalley, Alex",2,0,0,0.0,0.0,0.0,0.0
2026-07-13T05:31:47+00:00,72,78,,,KOR,RC,CUT,10,21072,18,0.0,"Ok, Taehoon",2,0,0,0.0,0.0,0.0,0.0
2026-07-13T05:31:47+00:00,68,65,66.0,71.0,USA,RC,T11,-10,27774,18,1.0,"Gotterup, Chris",4,18,1,0.0,1.0,0.0,0.0
2026-07-13T05:31:47+00:00,67,68,65.0,70.0,USA,RC,T11,-10,18424,18,1.0,"Roy, Kevin",4,18,0,0.0,1.0,0.0,0.0
2026-07-13T05:31:47+00:00,67,67,66.0,71.0,USA,RC,T13,-9,23604,18,1.0,"Clark, Wyndham",4,18,1,0.0,1.0,0.0,0.0
2026-07-13T05:31:47+00:00,67,70,66.0,68.0,ENG,RC,T13,-9,12294,18,1.0,"Fleetwood, Tommy",4,18,-2,0.0,1.0,0.0,0.0
2026-07-13T05:31:47+00:00,68,70,69.0,64.0,NOR,RC,T13,-9,18841,18,1.0,"Hovland, Viktor",4,18,-6,0.0,1.0,0.0,0.0
2026-07-13T05:31:47+00:00,66,68,65.0,69.0,USA,RC,T7,-12,26649,18,1.0,"Thorbjornsen, Michael",4,18,-1,1.0,1.0,0.0,0.0
2026-07-13T05:31:47+00:00,68,70,69.0,69.0,COL,RC,T36,-4,22833,18,1.0,"Echavarria, Nico",4,18,-1,0.0,0.0,0.0,0.0
2026-07-13T05:31:47+00:00,69,64,70.0,66.0,FRA,RC,T9,-11,20730,18,1.0,"Perez, Victor",4,18,-4,1.0,1.0,0.0,0.0
2026-07-13T05:31:47+00:00,68,67,68.0,68.0,USA,RC,T13,-9,14838,18,1.0,"Reed, Patrick",4,18,-2,0.0,1.0,0.0,0.0
2026-07-13T05:31:47+00:00,71,69,,,RSA,RC,CUT,0,17550,18,0.0,"Van Rooyen, Erik",2,0,0,0.0,0.0,0.0,0.0
2026-07-13T05:31:47+00:00,68,66,70.0,70.0,DEN,RC,T26,-6,23602,18,1.0,"Hojgaard, Nicolai",4,18,0,0.0,0.0,0.0,0.0
2026-07-13T05:31:47+00:00,70,66,70.0,67.0,AUS,RC,T21,-7,17786,18,1.0,"Davis, Cam",4,18,-3,0.0,0.0,0.0,0.0
2026-07-13T05:31:47+00:00,68,68,68.0,69.0,RSA,RC,T21,-7,26947,18,1.0,"Jarvis, Casey",4,18,-1,0.0,0.0,0.0,0.0
2026-07-13T05:31:47+00:00,68,69,67.0,69.0,GER,RC,T21,-7,20722,18,1.0,"Schmid, Matti",4,18,-1,0.0,0.0,0.0,0.0
2026-07-13T05:31:47+00:00,68,63,72.0,70.0,ENG,RC,T21,-7,18586,18,1.0,"Smith, Jordan",4,18,0,0.0,0.0,0.0,0.0
2026-07-13T05:31:47+00:00,67,67,67.0,72.0,ENG,RC,T21,-7,12920,18,1.0,"Willett, Danny",4,18,2,0.0,0.0,0.0,0.0
2026-07-13T05:31:47+00:00,68,67,67.0,72.0,ENG,RC,T26,-6,17813,18,1.0,"Armitage, Marcus",4,18,2,0.0,0.0,0.0,0.0
2026-07-13T05:31:47+00:00,68,67,68.0,71.0,USA,RC,T26,-6,29767,18,1.0,"Gerard, Ryan",4,18,1,0.0,0.0,0.0,0.0
2026-07-13T05:31:47+00:00,70,67,69.0,68.0,CAN,RC,T26,-6,13126,18,1.0,"Taylor, Nick",4,18,-2,0.0,0.0,0.0,0.0
2026-07-13T05:31:47+00:00,72,66,65.0,69.0,ESP,RC,T17,-8,22259,18,1.0,"Del Rey, Alejandro",4,18,-1,0.0,1.0,0.0,0.0
2026-07-13T05:31:47+00:00,70,66,69.0,70.0,USA,RC,T30,-5,26653,18,1.0,"Eckroat, Austin",4,18,0,0.0,0.0,0.0,0.0
2026-07-13T05:31:47+00:00,71,65,69.0,70.0,NZL,RC,T30,-5,11889,18,1.0,"Fox, Ryan",4,18,0,0.0,0.0,0.0,0.0
2026-07-13T05:31:47+00:00,67,71,67.0,70.0,NIR,RC,T30,-5,22322,18,1.0,"McKibbin, Tom",4,18,0,0.0,0.0,0.0,0.0
2026-07-13T05:31:47+00:00,71,67,64.0,73.0,USA,RC,T30,-5,28159,18,1.0,"Meissner, Mac",4,18,3,0.0,0.0,0.0,0.0
2026-07-13T05:31:47+00:00,68,68,69.0,70.0,ENG,RC,T30,-5,15326,18,1.0,"Sullivan, Andy",4,18,0,0.0,0.0,0.0,0.0
2026-07-13T05:31:47+00:00,67,66,70.0,69.0,NED,RC,T17,-8,10158,18,1.0,"Luiten, Joost",4,18,-1,0.0,1.0,0.0,0.0
2026-07-13T05:31:47+00:00,70,66,67.0,69.0,ENG,RC,T17,-8,14796,18,1.0,"Hatton, Tyrrell",4,18,-1,0.0,1.0,0.0,0.0
2026-07-13T05:31:47+00:00,69,69,69.0,69.0,USA,RC,T36,-4,23465,18,1.0,"Greyserman, Max",4,18,-1,0.0,0.0,0.0,0.0
2026-07-13T05:31:47+00:00,70,68,70.0,68.0,USA,RC,T36,-4,8825,18,1.0,"Harman, Brian",4,18,-2,0.0,0.0,0.0,0.0
2026-07-13T05:31:47+00:00,68,67,70.0,75.0,ITA,RC,T59,0,17357,18,1.0,"Migliozzi, Guido",4,18,5,0.0,0.0,0.0,0.0
2026-07-13T05:31:47+00:00,69,68,68.0,72.0,SWE,RC,T44,-3,20084,18,1.0,"Lindberg, Mikael",4,18,2,0.0,0.0,0.0,0.0
2026-07-13T05:31:47+00:00,68,68,65.0,75.0,DEN,RC,T36,-4,23841,18,1.0,"Neergaard-Petersen, Rasmus",4,18,5,0.0,0.0,0.0,0.0
2026-07-13T05:31:47+00:00,68,70,71.0,67.0,RSA,RC,T36,-4,7677,18,1.0,"Norris, Shaun",4,18,-3,0.0,0.0,0.0,0.0
2026-07-13T05:31:47+00:00,73,65,68.0,70.0,ESP,RC,T36,-4,19195,18,1.0,"Rahm, Jon",4,18,0,0.0,0.0,0.0,0.0
2026-07-13T05:31:47+00:00,70,66,70.0,71.0,USA,RC,T44,-3,27819,18,1.0,"Castillo, Ricky",4,18,1,0.0,0.0,0.0,0.0
2026-07-13T05:31:47+00:00,67,69,69.0,72.0,SCO,RC,T44,-3,25131,18,1.0,"Hill, Calum",4,18,2,0.0,0.0,0.0,0.0
2026-07-13T05:31:47+00:00,66,72,71.0,68.0,USA,RC,T44,-3,21891,18,1.0,"Kitayama, Kurt",4,18,-2,0.0,0.0,0.0,0.0
2026-07-13T05:31:47+00:00,69,64,72.0,74.0,GER,RC,T52,-1,22231,18,1.0,"Von Dellingshausen, Nicolai",4,18,4,0.0,0.0,0.0,0.0
2026-07-13T05:31:47+00:00,70,65,70.0,72.0,NED,RC,T44,-3,13374,18,1.0,"Van Driel, Darius",4,18,2,0.0,0.0,0.0,0.0
2026-07-13T05:31:47+00:00,70,66,75.0,70.0,RSA,RC,T61,1,19421,18,1.0,"Du Plessis, Hennie",4,18,0,0.0,0.0,0.0,0.0
2026-07-13T05:31:47+00:00,69,68,70.0,71.0,ENG,RC,T50,-2,14795,18,1.0,"Canter, Laurie",4,18,1,0.0,0.0,0.0,0.0
2026-07-13T05:31:47+00:00,69,67,69.0,73.0,USA,RC,T50,-2,14139,18,1.0,"Thomas, Justin",4,18,3,0.0,0.0,0.0,0.0
2026-07-13T05:31:47+00:00,67,71,71.0,70.0,USA,RC,T52,-1,29197,18,1.0,"Brennan, Michael",4,18,0,0.0,0.0,0.0,0.0
2026-07-13T05:31:47+00:00,70,68,73.0,68.0,ESP,RC,T52,-1,26745,18,1.0,"Chacarra, Eugenio",4,18,-2,0.0,0.0,0.0,0.0
2026-07-13T05:31:47+00:00,67,70,71.0,71.0,CAN,RC,T52,-1,17576,18,1.0,"Conners, Corey",4,18,1,0.0,0.0,0.0,0.0
2026-07-13T05:31:47+00:00,71,65,70.0,73.0,USA,RC,T52,-1,14704,18,1.0,"Putnam, Andrew",4,18,3,0.0,0.0,0.0,0.0
2026-07-13T05:31:47+00:00,68,70,67.0,72.0,USA,RC,T44,-3,17536,18,1.0,"Spaun, J.J.",4,18,2,0.0,0.0,0.0,0.0
2026-07-13T05:31:47+00:00,66,69,69.0,72.0,FIN,RC,T36,-4,20085,18,1.0,"Lindell, Oliver",4,18,2,0.0,0.0,0.0,0.0
2026-07-13T05:31:47+00:00,70,68,67.0,74.0,SWE,RC,T52,-1,26850,18,1.0,"Svensson, Jesper",4,18,4,0.0,0.0,0.0,0.0
2026-07-13T05:31:47+00:00,68,65,69.0,77.0,CAN,RC,T52,-1,29925,18,1.0,"Yellamaraju, Sudarshan",4,18,7,0.0,0.0,0.0,0.0
2026-07-13T05:31:47+00:00,70,69,,,SCO,RC,CUT,-1,21646,18,0.0,"Ferguson, Ewen",2,0,0,0.0,0.0,0.0,0.0
2026-07-13T05:31:47+00:00,71,67,73.0,70.0,JPN,RC,T61,1,20448,18,1.0,"Katsuragawa, Yuto",4,18,0,0.0,0.0,0.0,0.0
2026-07-13T05:31:47+00:00,70,67,69.0,75.0,USA,RC,T61,1,12423,18,1.0,"Kirk, Chris",4,18,5,0.0,0.0,0.0,0.0
2026-07-13T05:31:47+00:00,66,71,73.0,71.0,USA,RC,T61,1,23475,18,1.0,"Novak, Andrew",4,18,1,0.0,0.0,0.0,0.0
2026-07-13T05:31:47+00:00,72,66,72.0,71.0,FRA,RC,T61,1,14792,18,1.0,"Saddier, Adrien",4,18,1,0.0,0.0,0.0,0.0
2026-07-13T05:31:47+00:00,69,69,75.0,69.0,AUS,RC,T66,2,6430,18,1.0,"Scott, Adam",4,18,-1,0.0,0.0,0.0,0.0
2026-07-13T05:31:47+00:00,69,69,69.0,73.0,RSA,RC,T59,0,16896,18,1.0,"Kruyswijk, Jacques",4,18,3,0.0,0.0,0.0,0.0
2026-07-13T05:31:47+00:00,70,67,74.0,71.0,USA,RC,T66,2,23014,18,1.0,"Theegala, Sahith",4,18,1,0.0,0.0,0.0,0.0
2026-07-13T05:31:47+00:00,68,70,75.0,71.0,USA,RC,69,4,19872,18,1.0,"Riley, Davis",4,18,1,0.0,0.0,0.0,0.0
2026-07-13T05:31:47+00:00,71,67,79.0,69.0,USA,RC,70,6,21756,18,1.0,"Cole, Eric",4,18,-1,0.0,0.0,0.0,0.0
2026-07-13T05:31:47+00:00,69,69,76.0,74.0,SCO,RC,71,8,11397,18,1.0,"Jamieson, Scott",4,18,4,0.0,0.0,0.0,0.0
2026-07-13T05:31:47+00:00,68,71,,,SWE,RC,CUT,-1,23950,9,0.0,"Aberg, Ludvig",2,0,0,0.0,0.0,0.0,0.0
2026-07-13T05:31:47+00:00,67,72,,,USA,RC,CUT,-1,19846,18,0.0,"Bauchou, Zach",2,0,0,0.0,0.0,0.0,0.0
2026-07-13T05:31:47+00:00,71,68,,,ENG,RC,CUT,-1,29971,18,0.0,"Bradbury, Dan",2,0,0,0.0,0.0,0.0,0.0
2026-07-13T05:31:47+00:00,65,74,,,USA,RC,CUT,-1,15466,18,0.0,"Cantlay, Patrick",2,0,0,0.0,0.0,0.0,0.0
2026-07-13T05:31:47+00:00,69,69,72.0,73.0,ESP,RC,68,3,12988,18,1.0,"Elvira Mijares, Ignacio",4,18,3,0.0,0.0,0.0,0.0
2026-07-13T05:31:47+00:00,68,69,67.0,68.0,ITA,RC,T17,-8,7655,18,1.0,"Molinari, Francesco",4,18,-2,0.0,1.0,0.0,0.0
2026-07-13T05:31:47+00:00,71,68,,,USA,RC,CUT,-1,14577,9,0.0,"English, Harris",2,0,0,0.0,0.0,0.0,0.0
2026-07-13T05:31:47+00:00,65,73,70.0,68.0,DEN,RC,T36,-4,23838,18,1.0,"Hojgaard, Rasmus",4,18,-2,0.0,0.0,0.0,0.0
2026-07-13T05:31:47+00:00,71,69,,,USA,RC,CUT,0,28469,9,0.0,"Highsmith, Joe",2,0,0,0.0,0.0,0.0,0.0
2026-07-13T05:31:47+00:00,68,71,,,RSA,RC,CUT,-1,26991,9,0.0,"Schaper, Jayden",2,0,0,0.0,0.0,0.0,0.0
2026-07-13T05:31:47+00:00,70,69,,,AUT,RC,CUT,-1,17511,9,0.0,"Straka, Sepp",2,0,0,0.0,0.0,0.0,0.0
2026-07-13T05:31:47+00:00,66,74,,,ESP,RC,CUT,0,30445,9,0.0,"Ayora, Angel",2,0,0,0.0,0.0,0.0,0.0
2026-07-13T05:31:47+00:00,73,67,,,ENG,RC,CUT,0,20766,18,0.0,"Brown, Dan",2,0,0,0.0,0.0,0.0,0.0
2026-07-13T05:31:47+00:00,69,71,,,SCO,RC,CUT,0,16475,18,0.0,"Forrest, Grant",2,0,0,0.0,0.0,0.0,0.0
2026-07-13T05:31:47+00:00,70,70,,,DEN,RC,CUT,0,13412,9,0.0,"Olesen, Thorbjorn",2,0,0,0.0,0.0,0.0,0.0
2026-07-13T05:31:47+00:00,71,69,,,USA,RC,CUT,0,24550,18,0.0,"Ghim, Doug",2,0,0,0.0,0.0,0.0,0.0
2026-07-13T05:31:47+00:00,68,72,,,USA,RC,CUT,0,17543,9,0.0,"Kim, Michael",2,0,0,0.0,0.0,0.0,0.0
2026-07-13T05:31:47+00:00,71,72,,,USA,RC,CUT,3,28309,18,0.0,"Coody, Pierceson",2,0,0,0.0,0.0,0.0,0.0
2026-07-13T05:31:47+00:00,66,74,,,USA,RC,CUT,0,16243,18,0.0,"Koepka, Brooks",2,0,0,0.0,0.0,0.0,0.0
2026-07-13T05:31:47+00:00,70,70,,,SWE,RC,CUT,0,14780,18,0.0,"Lagergren, Joakim",2,0,0,0.0,0.0,0.0,0.0
2026-07-13T05:31:47+00:00,71,69,,,IRL,RC,CUT,0,13900,18,0.0,"Lowry, Shane",2,0,0,0.0,0.0,0.0,0.0
2026-07-13T05:31:47+00:00,69,71,,,USA,RC,CUT,0,23505,18,0.0,"McGreevy, Max",2,0,0,0.0,0.0,0.0,0.0
2026-07-13T05:31:47+00:00,69,71,,,POL,RC,CUT,0,14196,9,0.0,"Meronk, Adrian",2,0,0,0.0,0.0,0.0,0.0
2026-07-13T05:31:47+00:00,72,68,,,USA,RC,CUT,0,23892,18,0.0,"Gumberg, Jordan",2,0,0,0.0,0.0,0.0,0.0
2026-07-13T05:31:47+00:00,69,73,,,RSA,RC,CUT,2,13731,18,0.0,"Strydom, Ockie",2,0,0,0.0,0.0,0.0,0.0
2026-07-13T05:31:47+00:00,69,70,,,FRA,RC,CUT,-1,18770,18,0.0,"Rozner, Antoine",2,0,0,0.0,0.0,0.0,0.0
2026-07-13T05:31:47+00:00,75,64,,,ESP,RC,CUT,-1,28984,9,0.0,"Puig, David",2,0,0,0.0,0.0,0.0,0.0
2026-07-13T05:31:47+00:00,71,69,,,DEN,RC,CUT,0,15676,9,0.0,"Norgaard, Niklas",2,0,0,0.0,0.0,0.0,0.0
2026-07-13T05:31:47+00:00,70,69,,,ENG,RC,CUT,-1,22465,18,0.0,"Penge, Marco",2,0,0,0.0,0.0,0.0,0.0
2026-07-13T05:31:47+00:00,71,70,,,ENG,RC,CUT,1,25362,9,0.0,"Fitzpatrick, Alex",2,0,0,0.0,0.0,0.0,0.0
2026-07-13T05:31:47+00:00,71,70,,,FRA,RC,CUT,1,10201,18,0.0,"Guerrier, Julien",2,0,0,0.0,0.0,0.0,0.0
2026-07-13T05:31:47+00:00,71,70,,,ENG,RC,CUT,1,27194,18,0.0,"Hall, Harry",2,0,0,0.0,0.0,0.0,0.0
2026-07-13T05:31:47+00:00,68,73,,,ESP,RC,CUT,1,24127,9,0.0,"Hidalgo Portillo, Angel",2,0,0,0.0,0.0,0.0,0.0
2026-07-13T05:31:47+00:00,74,67,,,USA,RC,CUT,1,11276,9,0.0,"Horschel, Billy",2,0,0,0.0,0.0,0.0,0.0
2026-07-13T05:31:47+00:00,71,70,,,ENG,RC,CUT,1,12426,18,0.0,"Waring, Paul",2,0,0,0.0,0.0,0.0,0.0
2026-07-13T05:31:47+00:00,71,70,,,ENG,RC,CUT,1,18554,18,0.0,"Rai, Aaron",2,0,0,0.0,0.0,0.0,0.0
2026-07-13T05:31:47+00:00,73,68,,,USA,RC,CUT,1,20522,18,0.0,"Veerman, Johannes",2,0,0,0.0,0.0,0.0,0.0
2026-07-13T05:31:47+00:00,72,70,,,USA,RC,CUT,2,32449,9,0.0,"Johnston, Ryggs",2,0,0,0.0,0.0,0.0,0.0
2026-07-13T05:31:47+00:00,72,70,,,USA,RC,CUT,2,19396,18,0.0,"Knapp, Jake",2,0,0,0.0,0.0,0.0,0.0
2026-07-13T05:31:47+00:00,70,72,,,ENG,RC,CUT,2,24185,18,0.0,"Mansell, Richard",2,0,0,0.0,0.0,0.0,0.0
2026-07-13T05:31:47+00:00,70,72,,,RSA,RC,CUT,2,19429,9,0.0,"Naidoo, Dylan",2,0,0,0.0,0.0,0.0,0.0
2026-07-13T05:31:47+00:00,68,72,,,USA,RC,CUT,0,18417,9,0.0,"Scheffler, Scottie",2,0,0,0.0,0.0,0.0,0.0
2026-07-13T05:31:47+00:00,72,69,,,ITA,RC,CUT,1,11460,18,0.0,"Manassero, Matteo",2,0,0,0.0,0.0,0.0,0.0
2026-07-13T05:31:47+00:00,70,70,,,RSA,RC,CUT,0,27900,9,0.0,"Potgieter, Aldrich",2,0,0,0.0,0.0,0.0,0.0
2026-07-13T05:31:47+00:00,75,74,,,KOR,RC,CUT,9,27759,18,0.0,"Kim, Baekjun",2,0,0,0.0,0.0,0.0,0.0
2026-07-13T05:31:47+00:00,72,74,,,USA,RC,CUT,6,18628,9,0.0,"Campbell, Brian",2,0,0,0.0,0.0,0.0,0.0
2026-07-13T05:31:47+00:00,70,69,,,RSA,RC,CUT,-1,11955,9,0.0,"Frittelli, Dylan",2,0,0,0.0,0.0,0.0,0.0
2026-07-13T05:31:47+00:00,65,78,,,AUT,RC,CUT,3,9531,18,0.0,"Wiesberger, Bernd",2,0,0,0.0,0.0,0.0,0.0
2026-07-13T05:31:47+00:00,71,72,,,ESP,RC,CUT,3,9133,9,0.0,"Larrazabal, Pablo",2,0,0,0.0,0.0,0.0,0.0
2026-07-13T05:31:47+00:00,72,71,,,KOR,RC,CUT,3,13498,9,0.0,"Lee, Junghwan",2,0,0,0.0,0.0,0.0,0.0
2026-07-13T05:31:47+00:00,68,75,,,CHN,RC,CUT,3,15310,9,0.0,"Li, Haotong",2,0,0,0.0,0.0,0.0,0.0
2026-07-13T05:31:47+00:00,71,72,,,NOR,RC,CUT,3,21407,18,0.0,"Reitan, Kristoffer",2,0,0,0.0,0.0,0.0,0.0
2026-07-13T05:31:47+00:00,69,74,,,USA,RC,CUT,3,19895,18,0.0,"Schauffele, Xander",2,0,0,0.0,0.0,0.0,0.0
2026-07-13T05:31:47+00:00,68,75,,,USA,RC,CUT,3,25569,18,0.0,"Stevens, Sam",2,0,0,0.0,0.0,0.0,0.0
2026-07-13T05:31:47+00:00,69,76,,,USA,RC,CUT,5,8820,9,0.0,"Snedeker, Brandt",2,0,0,0.0,0.0,0.0,0.0
2026-07-13T05:31:47+00:00,74,70,,,IRL,RC,CUT,4,5716,18,0.0,"Harrington, Padraig",2,0,0,0.0,0.0,0.0,0.0
2026-07-13T05:31:47+00:00,75,71,,,NZL,RC,CUT,6,21362,9,0.0,"Hillier, Daniel",2,0,0,0.0,0.0,0.0,0.0
2026-07-13T05:31:47+00:00,70,74,,,USA,RC,CUT,4,16333,9,0.0,"Hubbard, Mark",2,0,0,0.0,0.0,0.0,0.0
2026-07-13T05:31:47+00:00,71,73,,,RSA,RC,CUT,4,18105,9,0.0,"Lawrence, Thriston",2,0,0,0.0,0.0,0.0,0.0
2026-07-13T05:31:47+00:00,69,75,,,SWE,RC,CUT,4,10419,18,0.0,"Noren, Alex",2,0,0,0.0,0.0,0.0,0.0
2026-07-13T05:31:47+00:00,73,71,,,CHN,RC,CUT,4,11763,9,0.0,"Wu, Ashun",2,0,0,0.0,0.0,0.0,0.0
2026-07-13T05:31:47+00:00,72,73,,,POR,RC,CUT,5,27149,18,0.0,"Da Costa Rodrigues, Daniel",2,0,0,0.0,0.0,0.0,0.0
2026-07-13T05:31:47+00:00,74,71,,,USA,RC,CUT,5,5768,9,0.0,"Hoffman, Charley",2,0,0,0.0,0.0,0.0,0.0
2026-07-13T05:31:47+00:00,71,73,,,KOR,RC,CUT,4,26580,9,0.0,"Choi, Seungbin",2,0,0,0.0,0.0,0.0,0.0
2026-07-13T05:31:47+00:00,71,72,,,JPN,RC,CUT,3,19190,9,0.0,"Hoshino, Rikuya",2,0,0,0.0,0.0,0.0,0.0
2026-07-13T05:31:47+00:00,72,73,,,KOR,RC,CUT,5,17488,9,0.0,"Im, Sungjae",2,0,0,0.0,0.0,0.0,0.0
2026-07-13T05:31:47+00:00,75,70,,,SCO,RC,CUT,5,22089,9,0.0,"Syme, Connor",2,0,0,0.0,0.0,0.0,0.0
2026-07-13T05:31:47+00:00,70,72,,,ENG,RC,CUT,2,20706,18,0.0,"Wallace, Matt",2,0,0,0.0,0.0,0.0,0.0
2026-07-13T05:31:47+00:00,71,75,,,JPN,RC,CUT,6,28268,9,0.0,"Kaneko, Kota",2,0,0,0.0,0.0,0.0,0.0
2026-07-13T05:31:47+00:00,76,70,,,UAE,RC,CUT,6,14975,18,0.0,"Otaegui, Adrian",2,0,0,0.0,0.0,0.0,0.0
2026-07-13T05:31:47+00:00,75,71,,,ENG,RC,CUT,6,13764,9,0.0,"Parry, John",2,0,0,0.0,0.0,0.0,0.0
2026-07-13T05:31:47+00:00,70,76,,,FRA,RC,CUT,6,19960,18,0.0,"Pavon, Matthieu",2,0,0,0.0,0.0,0.0,0.0
2026-07-13T05:31:47+00:00,73,73,,,FRA,RC,CUT,6,23416,18,0.0,"Ravetto, David",2,0,0,0.0,0.0,0.0,0.0
2026-07-13T05:31:47+00:00,75,70,,,TPE,RC,CUT,5,17881,18,0.0,"Yu, Kevin",2,0,0,0.0,0.0,0.0,0.0
2026-07-13T05:31:47+00:00,74,72,,,USA,RC,CUT,6,22985,9,0.0,"Smotherman, Austin",2,0,0,0.0,0.0,0.0,0.0
2026-07-13T05:31:47+00:00,70,77,,,USA,RC,CUT,7,21944,9,0.0,"Moore, Taylor",2,0,0,0.0,0.0,0.0,0.0
2026-07-13T05:31:47+00:00,71,76,,,RSA,RC,CUT,7,25890,9,0.0,"Premlall, Yurav",2,0,0,0.0,0.0,0.0,0.0
2026-07-13T05:31:47+00:00,73,75,,,FRA,RC,CUT,8,23733,9,0.0,"LaCroix, Frederic",2,0,0,0.0,0.0,0.0,0.0
2026-07-13T05:31:47+00:00,69,79,,,GER,RC,CUT,8,6950,9,0.0,"Siem, Marcel",2,0,0,0.0,0.0,0.0,0.0
2026-07-13T05:31:47+00:00,72,76,,,RSA,RC,CUT,8,7049,9,0.0,"Sterne, Richard",2,0,0,0.0,0.0,0.0,0.0
2026-07-13T05:31:47+00:00,73,76,,,USA,RC,CUT,9,14502,9,0.0,"Cauley, Bud",2,0,0,0.0,0.0,0.0,0.0
2026-07-13T05:31:47+00:00,67,72,,,USA,RC,CUT,-1,28635,9,0.0,"McCarty, Matt",2,0,0,0.0,0.0,0.0,0.0
2026-07-13T05:31:47+00:00,73,74,,,FRA,RC,CUT,7,27811,18,0.0,"Couvra, Martin",2,0,0,0.0,0.0,0.0,0.0
2026-07-13T05:31:47+00:00,85,68,,,GER,RC,CUT,13,27588,18,0.0,"Schott, Freddy",2,0,0,0.0,0.0,0.0,0.0
