pulled_at,course_code,course_key,round_num,hole,par,yardage,afternoon_wave.avg_score,afternoon_wave.birdies,afternoon_wave.bogeys,afternoon_wave.doubles_or_worse,afternoon_wave.eagles_or_better,afternoon_wave.pars,afternoon_wave.players_thru,morning_wave.avg_score,morning_wave.birdies,morning_wave.bogeys,morning_wave.doubles_or_worse,morning_wave.eagles_or_better,morning_wave.pars,morning_wave.players_thru,total.avg_score,total.birdies,total.bogeys,total.doubles_or_worse,total.eagles_or_better,total.pars,total.players_thru
2026-07-13T05:31:47+00:00,RC,977,1,1,5,594,4.782,28,10,2,2,36,78,4.641,34,5,2,2,35,78,4.712,62,15,4,4,71,156
2026-07-13T05:31:47+00:00,RC,977,1,2,4,511,4.346,2,25,2,0,49,78,4.103,8,14,1,0,55,78,4.224,10,39,3,0,104,156
2026-07-13T05:31:47+00:00,RC,977,1,3,3,204,2.974,12,8,1,0,57,78,2.885,16,7,0,0,55,78,2.929,28,15,1,0,112,156
2026-07-13T05:31:47+00:00,RC,977,1,4,4,418,3.795,23,5,1,0,49,78,3.769,24,6,0,0,48,78,3.782,47,11,1,0,97,156
2026-07-13T05:31:47+00:00,RC,977,1,5,3,161,2.897,18,10,0,0,50,78,2.821,21,7,0,0,50,78,2.859,39,17,0,0,100,156
2026-07-13T05:31:47+00:00,RC,977,1,6,4,488,4.231,4,22,0,0,52,78,3.872,21,9,1,0,47,78,4.051,25,31,1,0,99,156
2026-07-13T05:31:47+00:00,RC,977,1,7,5,576,4.679,30,6,1,2,39,78,4.744,26,4,1,0,47,78,4.712,56,10,2,2,86,156
2026-07-13T05:31:47+00:00,RC,977,1,8,4,448,4.103,11,15,2,0,50,78,4.192,6,19,2,1,50,78,4.147,17,34,4,1,100,156
2026-07-13T05:31:47+00:00,RC,977,1,9,3,218,3.115,9,16,1,0,52,78,3.192,5,18,1,0,54,78,3.154,14,34,2,0,106,156
2026-07-13T05:31:47+00:00,RC,977,1,10,4,464,3.949,18,12,1,0,47,78,4.154,6,15,1,0,56,78,4.051,24,27,2,0,103,156
2026-07-13T05:31:47+00:00,RC,977,1,11,4,493,4.308,5,29,0,0,44,78,4.244,5,20,2,0,51,78,4.276,10,49,2,0,95,156
2026-07-13T05:31:47+00:00,RC,977,1,12,5,600,4.577,36,3,0,0,39,78,4.731,30,7,1,0,40,78,4.654,66,10,1,0,79,156
2026-07-13T05:31:47+00:00,RC,977,1,13,4,422,4.205,8,16,4,0,50,78,3.987,14,13,0,0,51,78,4.096,22,29,4,0,101,156
2026-07-13T05:31:47+00:00,RC,977,1,14,4,347,3.756,24,5,0,0,49,78,3.667,29,3,0,0,46,78,3.712,53,8,0,0,95,156
2026-07-13T05:31:47+00:00,RC,977,1,15,3,147,3.051,7,11,0,0,60,78,2.962,10,7,0,0,61,78,3.006,17,18,0,0,121,156
2026-07-13T05:31:47+00:00,RC,977,1,16,4,505,4.179,9,19,2,0,48,78,4.0,12,12,0,0,54,78,4.09,21,31,2,0,102,156
2026-07-13T05:31:47+00:00,RC,977,1,17,3,203,3.115,6,15,0,0,57,78,3.09,6,13,0,0,59,78,3.103,12,28,0,0,116,156
2026-07-13T05:31:47+00:00,RC,977,1,18,4,483,4.308,8,26,3,0,41,78,4.269,5,22,2,0,49,78,4.288,13,48,5,0,90,156
2026-07-13T05:31:47+00:00,RC,977,2,1,5,594,4.744,26,4,1,0,47,78,4.705,26,3,0,0,49,78,4.724,52,7,1,0,96,156
2026-07-13T05:31:47+00:00,RC,977,2,2,4,511,4.128,12,22,0,0,44,78,4.128,7,17,0,0,54,78,4.128,19,39,0,0,98,156
2026-07-13T05:31:47+00:00,RC,977,2,3,3,204,3.154,6,16,1,0,55,78,3.064,8,13,0,0,57,78,3.109,14,29,1,0,112,156
2026-07-13T05:31:47+00:00,RC,977,2,4,4,418,3.987,13,4,4,0,57,78,3.821,18,4,0,0,56,78,3.904,31,8,4,0,113,156
2026-07-13T05:31:47+00:00,RC,977,2,5,3,161,2.885,14,5,0,0,59,78,2.795,17,1,0,0,60,78,2.84,31,6,0,0,119,156
2026-07-13T05:31:47+00:00,RC,977,2,6,4,488,4.205,5,15,3,0,55,78,4.0,13,13,0,0,52,78,4.103,18,28,3,0,107,156
2026-07-13T05:31:47+00:00,RC,977,2,7,5,576,4.59,29,5,0,4,40,78,4.641,28,6,0,3,41,78,4.615,57,11,0,7,81,156
2026-07-13T05:31:47+00:00,RC,977,2,8,4,448,4.295,9,18,6,0,45,78,4.256,8,19,4,0,47,78,4.276,17,37,10,0,92,156
2026-07-13T05:31:47+00:00,RC,977,2,9,3,218,3.244,7,24,1,0,46,78,3.013,15,16,0,0,47,78,3.128,22,40,1,0,93,156
2026-07-13T05:31:47+00:00,RC,977,2,10,4,464,4.167,10,21,1,0,46,78,4.154,11,21,1,0,45,78,4.16,21,42,2,0,91,156
2026-07-13T05:31:47+00:00,RC,977,2,11,4,493,3.962,14,11,0,0,53,78,4.064,12,17,0,0,49,78,4.013,26,28,0,0,102,156
2026-07-13T05:31:47+00:00,RC,977,2,12,5,600,5.038,15,16,2,1,44,78,4.744,30,8,1,0,39,78,4.891,45,24,3,1,83,156
2026-07-13T05:31:47+00:00,RC,977,2,13,4,422,4.038,12,11,2,0,53,78,3.962,12,9,0,0,57,78,4.0,24,20,2,0,110,156
2026-07-13T05:31:47+00:00,RC,977,2,14,4,347,3.526,42,5,1,1,29,78,3.538,38,4,1,2,33,78,3.532,80,9,2,3,62,156
2026-07-13T05:31:47+00:00,RC,977,2,15,3,147,2.923,14,8,0,0,56,78,2.974,16,10,2,0,50,78,2.949,30,18,2,0,106,156
2026-07-13T05:31:47+00:00,RC,977,2,16,4,505,4.205,8,22,1,0,47,78,4.308,4,24,2,0,48,78,4.256,12,46,3,0,95,156
2026-07-13T05:31:47+00:00,RC,977,2,17,3,203,2.949,15,9,1,0,53,78,2.974,13,9,1,0,55,78,2.962,28,18,2,0,108,156
2026-07-13T05:31:47+00:00,RC,977,2,18,4,483,4.179,6,14,3,0,55,78,4.115,10,15,2,0,51,78,4.147,16,29,5,0,106,156
2026-07-13T05:31:47+00:00,RC,977,3,1,5,594,4.875,14,7,0,0,35,56,5.333,0,5,0,0,10,15,4.972,14,12,0,0,45,71
2026-07-13T05:31:47+00:00,RC,977,3,2,4,511,4.071,8,12,0,0,36,56,4.267,1,3,1,0,10,15,4.113,9,15,1,0,46,71
2026-07-13T05:31:47+00:00,RC,977,3,3,3,204,3.0,5,5,0,0,46,56,3.133,2,4,0,0,9,15,3.028,7,9,0,0,55,71
2026-07-13T05:31:47+00:00,RC,977,3,4,4,418,3.893,13,5,1,0,37,56,4.133,2,4,0,0,9,15,3.944,15,9,1,0,46,71
2026-07-13T05:31:47+00:00,RC,977,3,5,3,161,2.714,20,4,0,0,32,56,3.0,2,0,1,0,12,15,2.775,22,4,1,0,44,71
2026-07-13T05:31:47+00:00,RC,977,3,6,4,488,4.018,7,8,0,0,41,56,3.933,3,2,0,0,10,15,4.0,10,10,0,0,51,71
2026-07-13T05:31:47+00:00,RC,977,3,7,5,576,4.446,30,3,0,2,21,56,4.533,8,3,0,1,3,15,4.465,38,6,0,3,24,71
2026-07-13T05:31:47+00:00,RC,977,3,8,4,448,4.036,7,7,1,0,41,56,4.067,1,2,0,0,12,15,4.042,8,9,1,0,53,71
2026-07-13T05:31:47+00:00,RC,977,3,9,3,218,3.036,7,9,0,0,40,56,3.4,0,6,0,0,9,15,3.113,7,15,0,0,49,71
2026-07-13T05:31:47+00:00,RC,977,3,10,4,464,4.179,5,15,0,0,36,56,4.4,0,6,0,0,9,15,4.225,5,21,0,0,45,71
2026-07-13T05:31:47+00:00,RC,977,3,11,4,493,3.964,10,8,0,0,38,56,4.2,1,2,1,0,11,15,4.014,11,10,1,0,49,71
2026-07-13T05:31:47+00:00,RC,977,3,12,5,600,4.732,18,3,1,1,33,56,4.867,3,1,0,0,11,15,4.761,21,4,1,1,44,71
2026-07-13T05:31:47+00:00,RC,977,3,13,4,422,4.036,8,10,0,0,38,56,4.267,1,5,0,0,9,15,4.085,9,15,0,0,47,71
2026-07-13T05:31:47+00:00,RC,977,3,14,4,347,3.607,25,3,0,0,28,56,3.333,10,0,0,0,5,15,3.549,35,3,0,0,33,71
2026-07-13T05:31:47+00:00,RC,977,3,15,3,147,2.911,10,5,0,0,41,56,2.867,4,2,0,0,9,15,2.901,14,7,0,0,50,71
2026-07-13T05:31:47+00:00,RC,977,3,16,4,505,4.179,5,11,2,0,38,56,4.0,3,3,0,0,9,15,4.141,8,14,2,0,47,71
2026-07-13T05:31:47+00:00,RC,977,3,17,3,203,3.0,4,4,0,0,48,56,2.867,4,2,0,0,9,15,2.972,8,6,0,0,57,71
2026-07-13T05:31:47+00:00,RC,977,3,18,4,483,4.089,6,7,2,0,41,56,4.133,1,3,0,0,11,15,4.099,7,10,2,0,52,71
2026-07-13T05:31:47+00:00,RC,977,4,1,5,594,4.667,13,1,0,0,22,36,4.743,11,2,0,0,22,35,4.704,24,3,0,0,44,71
2026-07-13T05:31:47+00:00,RC,977,4,2,4,511,4.25,3,10,1,0,22,36,4.2,4,9,1,0,21,35,4.225,7,19,2,0,43,71
2026-07-13T05:31:47+00:00,RC,977,4,3,3,204,3.083,4,7,0,0,25,36,2.971,7,6,0,0,22,35,3.028,11,13,0,0,47,71
2026-07-13T05:31:47+00:00,RC,977,4,4,4,418,4.139,5,10,0,0,21,36,4.086,5,3,2,0,25,35,4.113,10,13,2,0,46,71
2026-07-13T05:31:47+00:00,RC,977,4,5,3,161,2.889,5,1,0,0,30,36,2.943,4,2,0,0,29,35,2.915,9,3,0,0,59,71
2026-07-13T05:31:47+00:00,RC,977,4,6,4,488,3.917,5,4,0,1,26,36,4.086,3,6,0,0,26,35,4.0,8,10,0,1,52,71
2026-07-13T05:31:47+00:00,RC,977,4,7,5,576,4.278,27,1,0,0,8,36,4.629,13,4,0,2,16,35,4.451,40,5,0,2,24,71
2026-07-13T05:31:47+00:00,RC,977,4,8,4,448,4.111,3,7,0,0,26,36,4.143,6,11,0,0,18,35,4.127,9,18,0,0,44,71
2026-07-13T05:31:47+00:00,RC,977,4,9,3,218,3.139,4,9,0,0,23,36,3.343,0,10,1,0,24,35,3.239,4,19,1,0,47,71
2026-07-13T05:31:47+00:00,RC,977,4,10,4,464,4.306,2,11,1,0,22,36,4.343,0,4,4,0,27,35,4.324,2,15,5,0,49,71
2026-07-13T05:31:47+00:00,RC,977,4,11,4,493,4.056,6,6,1,0,23,36,4.114,8,12,0,0,15,35,4.085,14,18,1,0,38,71
2026-07-13T05:31:47+00:00,RC,977,4,12,5,600,4.861,11,8,0,1,16,36,4.886,11,7,0,0,17,35,4.873,22,15,0,1,33,71
2026-07-13T05:31:47+00:00,RC,977,4,13,4,422,4.083,5,5,1,0,25,36,4.057,6,4,2,0,23,35,4.07,11,9,3,0,48,71
2026-07-13T05:31:47+00:00,RC,977,4,14,4,347,3.528,17,0,0,0,19,36,3.6,16,2,0,0,17,35,3.563,33,2,0,0,36,71
2026-07-13T05:31:47+00:00,RC,977,4,15,3,147,3.139,1,6,0,0,29,36,2.886,4,0,0,0,31,35,3.014,5,6,0,0,60,71
2026-07-13T05:31:47+00:00,RC,977,4,16,4,505,4.306,3,12,1,0,20,36,4.543,2,15,2,0,16,35,4.423,5,27,3,0,36,71
2026-07-13T05:31:47+00:00,RC,977,4,17,3,203,2.889,8,4,0,0,24,36,2.886,10,6,0,0,19,35,2.887,18,10,0,0,43,71
2026-07-13T05:31:47+00:00,RC,977,4,18,4,483,4.139,2,7,0,0,27,36,3.971,5,2,1,0,27,35,4.056,7,9,1,0,54,71
