pulled_at,bet365,betcris,betmgm,betonline,betway,bovada,caesars,dg_id,draftkings,fanduel,pinnacle,player_name,pointsbet,skybet,unibet,williamhill,datagolf.baseline,datagolf.baseline_history_fit,event_name,last_updated,market,notes
2026-07-13T05:31:47+00:00,3.6,3.76,3.75,3.75,3.6,3.5,3.6,17646,3.6,3.6,3.84,"Fitzpatrick, Matt",3.8,3.5,3.75,3.6,,4.403413622911125,Genesis Scottish Open,2026-07-12 03:17:06 UTC,win,"Tournament is live, baseline model not available."
2026-07-13T05:31:47+00:00,5.75,6.01,5.0,6.0,6.0,5.0,5.8,27774,5.4,5.8,5.71,"Gotterup, Chris",6.0,5.5,6.0,6.0,,6.089642315473583,Genesis Scottish Open,2026-07-12 03:17:06 UTC,win,"Tournament is live, baseline model not available."
2026-07-13T05:31:47+00:00,8.0,8.99,8.0,8.5,8.0,8.5,8.0,16841,7.9,8.5,7.81,"Lee, Min Woo",9.0,8.5,8.0,8.0,,8.035839079417606,Genesis Scottish Open,2026-07-12 03:17:06 UTC,win,"Tournament is live, baseline model not available."
2026-07-13T05:31:47+00:00,8.0,9.01,8.0,8.5,8.5,8.0,8.5,26649,7.6,8.5,9.01,"Thorbjornsen, Michael",9.0,8.5,8.5,8.5,,10.313899347492942,Genesis Scottish Open,2026-07-12 03:17:06 UTC,win,"Tournament is live, baseline model not available."
2026-07-13T05:31:47+00:00,12.0,13.52,12.0,13.0,12.0,13.0,12.0,23323,11.5,13.0,13.06,"MacIntyre, Robert",13.0,13.0,12.0,11.0,,13.599373679276056,Genesis Scottish Open,2026-07-12 03:17:06 UTC,win,"Tournament is live, baseline model not available."
2026-07-13T05:31:47+00:00,13.0,15.49,13.0,15.0,13.0,15.0,13.0,18586,15.0,14.0,13.44,"Smith, Jordan",15.0,13.0,13.0,13.0,,16.533097911837405,Genesis Scottish Open,2026-07-12 03:17:06 UTC,win,"Tournament is live, baseline model not available."
2026-07-13T05:31:47+00:00,11.0,11.16,11.0,12.0,,10.0,12.0,23604,13.25,13.0,12.82,"Clark, Wyndham",13.0,11.0,11.0,11.0,,17.75335385906513,Genesis Scottish Open,2026-07-12 03:17:06 UTC,win,"Tournament is live, baseline model not available."
2026-07-13T05:31:47+00:00,17.0,19.37,17.0,19.0,17.0,19.0,17.0,24766,17.5,17.0,18.35,"Kim, Tom",15.0,17.0,17.0,17.0,,17.75529205704071,Genesis Scottish Open,2026-07-12 03:17:06 UTC,win,"Tournament is live, baseline model not available."
2026-07-13T05:31:47+00:00,26.0,26.53,26.0,29.0,26.0,29.0,26.0,10091,33.0,26.0,31.02,"McIlroy, Rory",23.0,23.0,26.0,23.0,,39.58662856372855,Genesis Scottish Open,2026-07-12 03:17:06 UTC,win,"Tournament is live, baseline model not available."
2026-07-13T05:31:47+00:00,23.0,36.1,23.0,29.0,23.0,26.0,29.0,32457,28.0,28.0,33.98,"Keefer, Johnny",26.0,23.0,23.0,23.0,,41.231403433443816,Genesis Scottish Open,2026-07-12 03:17:06 UTC,win,"Tournament is live, baseline model not available."
2026-07-13T05:31:47+00:00,34.0,45.83,41.0,41.0,34.0,31.0,36.0,18424,37.0,41.0,47.65,"Roy, Kevin",36.0,31.0,34.0,34.0,,61.79647507329822,Genesis Scottish Open,2026-07-12 03:17:06 UTC,win,"Tournament is live, baseline model not available."
2026-07-13T05:31:47+00:00,61.0,61.58,67.0,71.0,,66.0,71.0,21074,66.0,66.0,78.85,"Nakajima, Keita",51.0,51.0,61.0,61.0,,93.35020357601451,Genesis Scottish Open,2026-07-12 03:17:06 UTC,win,"Tournament is live, baseline model not available."
2026-07-13T05:31:47+00:00,46.0,61.58,51.0,56.0,41.0,56.0,51.0,23841,63.0,56.0,68.81,"Neergaard-Petersen, Rasmus",51.0,41.0,41.0,46.0,,97.37579535726285,Genesis Scottish Open,2026-07-12 03:17:06 UTC,win,"Tournament is live, baseline model not available."
2026-07-13T05:31:47+00:00,91.0,71.6,91.0,91.0,81.0,81.0,91.0,24304,106.0,101.0,99.68,"Vilips, Karl",91.0,71.0,91.0,81.0,,110.68719620882439,Genesis Scottish Open,2026-07-12 03:17:06 UTC,win,"Tournament is live, baseline model not available."
2026-07-13T05:31:47+00:00,81.0,71.6,91.0,91.0,81.0,81.0,81.0,29925,87.0,81.0,102.64,"Yellamaraju, Sudarshan",81.0,61.0,81.0,81.0,,149.32409661903765,Genesis Scottish Open,2026-07-12 03:17:06 UTC,win,"Tournament is live, baseline model not available."
2026-07-13T05:31:47+00:00,91.0,151.72,101.0,126.0,81.0,126.0,101.0,28159,146.0,126.0,139.8,"Meissner, Mac",151.0,81.0,91.0,91.0,,203.17774964575355,Genesis Scottish Open,2026-07-12 03:17:06 UTC,win,"Tournament is live, baseline model not available."
2026-07-13T05:31:47+00:00,126.0,181.77,201.0,,151.0,201.0,151.0,20730,201.0,126.0,157.44,"Perez, Victor",151.0,101.0,151.0,151.0,,209.91931439588024,Genesis Scottish Open,2026-07-12 03:17:06 UTC,win,"Tournament is live, baseline model not available."
2026-07-13T05:31:47+00:00,91.0,121.66,101.0,111.0,,101.0,91.0,12294,151.0,101.0,136.6,"Fleetwood, Tommy",126.0,81.0,91.0,91.0,,214.50690508002293,Genesis Scottish Open,2026-07-12 03:17:06 UTC,win,"Tournament is live, baseline model not available."
2026-07-13T05:31:47+00:00,101.0,151.72,111.0,126.0,101.0,126.0,101.0,14796,171.0,126.0,158.67,"Hatton, Tyrrell",151.0,81.0,101.0,91.0,,305.39199976477846,Genesis Scottish Open,2026-07-12 03:17:06 UTC,win,"Tournament is live, baseline model not available."
2026-07-13T05:31:47+00:00,226.0,,301.0,,,151.0,276.0,22231,271.0,226.0,227.15,"Von Dellingshausen, Nicolai",301.0,126.0,251.0,251.0,,375.0692270563104,Genesis Scottish Open,2026-07-12 03:17:06 UTC,win,"Tournament is live, baseline model not available."
2026-07-13T05:31:47+00:00,126.0,181.76,126.0,176.0,101.0,176.0,151.0,17813,231.0,151.0,203.1,"Armitage, Marcus",176.0,101.0,101.0,101.0,,409.9575339988856,Genesis Scottish Open,2026-07-12 03:17:06 UTC,win,"Tournament is live, baseline model not available."
2026-07-13T05:31:47+00:00,151.0,181.77,201.0,,151.0,201.0,201.0,29767,221.0,176.0,,"Gerard, Ryan",301.0,111.0,151.0,151.0,,410.34228481804377,Genesis Scottish Open,2026-07-12 03:17:06 UTC,win,"Tournament is live, baseline model not available."
2026-07-13T05:31:47+00:00,251.0,,301.0,,251.0,301.0,226.0,23602,431.0,176.0,,"Hojgaard, Nicolai",301.0,151.0,251.0,251.0,,425.6252540989663,Genesis Scottish Open,2026-07-12 03:17:06 UTC,win,"Tournament is live, baseline model not available."
2026-07-13T05:31:47+00:00,126.0,151.72,151.0,151.0,126.0,151.0,151.0,14609,251.0,151.0,,"Kim, Si Woo",151.0,101.0,126.0,126.0,,438.358375501812,Genesis Scottish Open,2026-07-12 03:17:06 UTC,win,"Tournament is live, baseline model not available."
2026-07-13T05:31:47+00:00,111.0,151.71,126.0,151.0,101.0,101.0,151.0,14838,196.0,126.0,,"Reed, Patrick",126.0,91.0,91.0,101.0,,577.0624197776641,Genesis Scottish Open,2026-07-12 03:17:06 UTC,win,"Tournament is live, baseline model not available."
2026-07-13T05:31:47+00:00,276.0,,301.0,,251.0,176.0,351.0,12920,291.0,351.0,,"Willett, Danny",351.0,176.0,251.0,251.0,,704.1152646420512,Genesis Scottish Open,2026-07-12 03:17:06 UTC,win,"Tournament is live, baseline model not available."
2026-07-13T05:31:47+00:00,301.0,,301.0,,251.0,401.0,376.0,22259,526.0,501.0,,"Del Rey, Alejandro",401.0,176.0,251.0,251.0,,820.1033634775164,Genesis Scottish Open,2026-07-12 03:17:06 UTC,win,"Tournament is live, baseline model not available."
2026-07-13T05:31:47+00:00,401.0,,501.0,,401.0,401.0,476.0,10158,651.0,501.0,,"Luiten, Joost",401.0,301.0,351.0,401.0,,1503.9167227010585,Genesis Scottish Open,2026-07-12 03:17:06 UTC,win,"Tournament is live, baseline model not available."
2026-07-13T05:31:47+00:00,751.0,,1001.0,,501.0,301.0,1251.0,20085,1801.0,1001.0,,"Lindell, Oliver",451.0,651.0,351.0,501.0,,1724.5017763291914,Genesis Scottish Open,2026-07-12 03:17:06 UTC,win,"Tournament is live, baseline model not available."
2026-07-13T05:31:47+00:00,601.0,,1001.0,,501.0,1001.0,751.0,20722,1501.0,1001.0,,"Schmid, Matti",401.0,401.0,,501.0,,1841.7577074889812,Genesis Scottish Open,2026-07-12 03:17:06 UTC,win,"Tournament is live, baseline model not available."
2026-07-13T05:31:47+00:00,751.0,,1001.0,,501.0,1501.0,751.0,26947,1701.0,1001.0,,"Jarvis, Casey",401.0,651.0,,501.0,,3693.7745101429664,Genesis Scottish Open,2026-07-12 03:17:06 UTC,win,"Tournament is live, baseline model not available."
2026-07-13T05:31:47+00:00,601.0,,601.0,,501.0,1001.0,1251.0,14139,1801.0,1001.0,,"Thomas, Justin",401.0,401.0,351.0,401.0,,3988.0775135174595,Genesis Scottish Open,2026-07-12 03:17:06 UTC,win,"Tournament is live, baseline model not available."
2026-07-13T05:31:47+00:00,1001.0,,1001.0,,1001.0,1501.0,1251.0,17536,2751.0,1001.0,,"Spaun, J.J.",601.0,801.0,,1001.0,,4723.801981535488,Genesis Scottish Open,2026-07-12 03:17:06 UTC,win,"Tournament is live, baseline model not available."
2026-07-13T05:31:47+00:00,1501.0,,,,1501.0,1501.0,1251.0,26850,4501.0,1001.0,,"Svensson, Jesper",401.0,1001.0,,1001.0,,4742.373883121488,Genesis Scottish Open,2026-07-12 03:17:06 UTC,win,"Tournament is live, baseline model not available."
2026-07-13T05:31:47+00:00,1501.0,,,,1001.0,2501.0,1251.0,11889,3501.0,1001.0,,"Fox, Ryan",401.0,1001.0,,1001.0,,5003.45547337251,Genesis Scottish Open,2026-07-12 03:17:06 UTC,win,"Tournament is live, baseline model not available."
2026-07-13T05:31:47+00:00,1501.0,,601.0,,1501.0,2001.0,4001.0,7655,4001.0,1001.0,,"Molinari, Francesco",401.0,1001.0,,1001.0,,5887.992417362647,Genesis Scottish Open,2026-07-12 03:17:06 UTC,win,"Tournament is live, baseline model not available."
2026-07-13T05:31:47+00:00,2001.0,,,,1501.0,2001.0,2501.0,20084,4501.0,1001.0,,"Lindberg, Mikael",401.0,,,1001.0,,6298.297402474469,Genesis Scottish Open,2026-07-12 03:17:06 UTC,win,"Tournament is live, baseline model not available."
2026-07-13T05:31:47+00:00,1001.0,,,,751.0,2001.0,1501.0,19195,3251.0,1001.0,,"Rahm, Jon",401.0,801.0,,751.0,,7987.537869334226,Genesis Scottish Open,2026-07-12 03:17:06 UTC,win,"Tournament is live, baseline model not available."
2026-07-13T05:31:47+00:00,2001.0,,,,1001.0,2501.0,1501.0,15326,5001.0,1001.0,,"Sullivan, Andy",401.0,1001.0,,1001.0,,10080.168502885315,Genesis Scottish Open,2026-07-12 03:17:06 UTC,win,"Tournament is live, baseline model not available."
2026-07-13T05:31:47+00:00,2001.0,,,,1501.0,2501.0,4001.0,25131,4501.0,1001.0,,"Hill, Calum",401.0,,,501.0,,10505.063545851039,Genesis Scottish Open,2026-07-12 03:17:06 UTC,win,"Tournament is live, baseline model not available."
2026-07-13T05:31:47+00:00,5001.0,,,,,2501.0,5001.0,18841,5001.0,1001.0,,"Hovland, Viktor",401.0,1001.0,,,,11474.451194019404,Genesis Scottish Open,2026-07-12 03:17:06 UTC,win,"Tournament is live, baseline model not available."
2026-07-13T05:31:47+00:00,2501.0,,1001.0,,2001.0,2501.0,2501.0,17357,5001.0,1001.0,,"Migliozzi, Guido",401.0,1001.0,,2001.0,,11605.815013109623,Genesis Scottish Open,2026-07-12 03:17:06 UTC,win,"Tournament is live, baseline model not available."
2026-07-13T05:31:47+00:00,1001.0,,,,1001.0,2501.0,1251.0,22322,4501.0,1001.0,,"McKibbin, Tom",401.0,1001.0,,1001.0,,16020.252045418636,Genesis Scottish Open,2026-07-12 03:17:06 UTC,win,"Tournament is live, baseline model not available."
2026-07-13T05:31:47+00:00,2501.0,,1001.0,,2001.0,2501.0,4001.0,13374,5001.0,1001.0,,"Van Driel, Darius",401.0,1001.0,,2001.0,,16413.779315146978,Genesis Scottish Open,2026-07-12 03:17:06 UTC,win,"Tournament is live, baseline model not available."
2026-07-13T05:31:47+00:00,5001.0,,,,,2501.0,4001.0,13126,5001.0,1001.0,,"Taylor, Nick",401.0,1001.0,,2001.0,,20238.589421611578,Genesis Scottish Open,2026-07-12 03:17:06 UTC,win,"Tournament is live, baseline model not available."
2026-07-13T05:31:47+00:00,2501.0,,,,1001.0,2501.0,,26653,5001.0,1001.0,,"Eckroat, Austin",,1001.0,,1001.0,,20702.477993953977,Genesis Scottish Open,2026-07-12 03:17:06 UTC,win,"Tournament is live, baseline model not available."
2026-07-13T05:31:47+00:00,5001.0,,,,2001.0,2501.0,4001.0,12423,5001.0,1001.0,,"Kirk, Chris",401.0,1001.0,,2001.0,,40000.0,Genesis Scottish Open,2026-07-12 03:17:06 UTC,win,"Tournament is live, baseline model not available."
2026-07-13T05:31:47+00:00,5001.0,,,,2001.0,2501.0,4001.0,17786,5001.0,1001.0,,"Davis, Cam",901.0,1001.0,,2001.0,,40000.0,Genesis Scottish Open,2026-07-12 03:17:06 UTC,win,"Tournament is live, baseline model not available."
2026-07-13T05:31:47+00:00,5001.0,,,,,2501.0,5001.0,21891,5001.0,1001.0,,"Kitayama, Kurt",401.0,1001.0,,,,81703.77097048085,Genesis Scottish Open,2026-07-12 03:17:06 UTC,win,"Tournament is live, baseline model not available."
2026-07-13T05:31:47+00:00,5001.0,,,,2001.0,2501.0,4001.0,14704,5001.0,1001.0,,"Putnam, Andrew",401.0,1001.0,,2001.0,,88697.2349562688,Genesis Scottish Open,2026-07-12 03:17:06 UTC,win,"Tournament is live, baseline model not available."
2026-07-13T05:31:47+00:00,5001.0,,,,,2501.0,4001.0,7677,,1001.0,,"Norris, Shaun",401.0,1001.0,,,,,Genesis Scottish Open,2026-07-12 03:17:06 UTC,win,"Tournament is live, baseline model not available."
2026-07-13T05:31:47+00:00,5001.0,,,,,2501.0,4001.0,22833,5001.0,1001.0,,"Echavarria, Nico",401.0,1001.0,,,,,Genesis Scottish Open,2026-07-12 03:17:06 UTC,win,"Tournament is live, baseline model not available."
2026-07-13T05:31:47+00:00,5001.0,,,,,2501.0,4001.0,23465,5001.0,1001.0,,"Greyserman, Max",401.0,1001.0,,,,,Genesis Scottish Open,2026-07-12 03:17:06 UTC,win,"Tournament is live, baseline model not available."
2026-07-13T05:31:47+00:00,5001.0,,,,,2501.0,4001.0,16896,5001.0,1001.0,,"Kruyswijk, Jacques",901.0,1001.0,,,,,Genesis Scottish Open,2026-07-12 03:17:06 UTC,win,"Tournament is live, baseline model not available."
2026-07-13T05:31:47+00:00,5001.0,,,,,2501.0,4001.0,17576,5001.0,1001.0,,"Conners, Corey",401.0,1001.0,,,,,Genesis Scottish Open,2026-07-12 03:17:06 UTC,win,"Tournament is live, baseline model not available."
2026-07-13T05:31:47+00:00,5001.0,,,,,2501.0,4001.0,8825,5001.0,1001.0,,"Harman, Brian",401.0,1001.0,,,,,Genesis Scottish Open,2026-07-12 03:17:06 UTC,win,"Tournament is live, baseline model not available."
2026-07-13T05:31:47+00:00,5001.0,,,,,2501.0,4001.0,23838,5001.0,1001.0,,"Hojgaard, Rasmus",401.0,,,,,,Genesis Scottish Open,2026-07-12 03:17:06 UTC,win,"Tournament is live, baseline model not available."
2026-07-13T05:31:47+00:00,5001.0,,,,,2501.0,4001.0,29197,5001.0,1001.0,,"Brennan, Michael",401.0,1001.0,,,,,Genesis Scottish Open,2026-07-12 03:17:06 UTC,win,"Tournament is live, baseline model not available."
2026-07-13T05:31:47+00:00,5001.0,,,,,2501.0,4001.0,12988,,1001.0,,"Elvira Mijares, Ignacio",601.0,,,,,,Genesis Scottish Open,2026-07-12 03:17:06 UTC,win,"Tournament is live, baseline model not available."
2026-07-13T05:31:47+00:00,,,,,,2501.0,4001.0,19872,,1001.0,,"Riley, Davis",901.0,1001.0,,,,,Genesis Scottish Open,2026-07-12 03:17:06 UTC,win,"Tournament is live, baseline model not available."
2026-07-13T05:31:47+00:00,5001.0,,,,,2501.0,4001.0,14792,,1001.0,,"Saddier, Adrien",401.0,1001.0,,,,,Genesis Scottish Open,2026-07-12 03:17:06 UTC,win,"Tournament is live, baseline model not available."
2026-07-13T05:31:47+00:00,,,,,,2501.0,4001.0,26745,,1001.0,,"Chacarra, Eugenio",401.0,1001.0,,,,,Genesis Scottish Open,2026-07-12 03:17:06 UTC,win,"Tournament is live, baseline model not available."
2026-07-13T05:31:47+00:00,,,,,,,4001.0,19421,,1001.0,,"Du Plessis, Hennie",401.0,1001.0,,,,,Genesis Scottish Open,2026-07-12 03:17:06 UTC,win,"Tournament is live, baseline model not available."
2026-07-13T05:31:47+00:00,,,,,,2501.0,4001.0,20448,,1001.0,,"Katsuragawa, Yuto",901.0,1001.0,,,,,Genesis Scottish Open,2026-07-12 03:17:06 UTC,win,"Tournament is live, baseline model not available."
2026-07-13T05:31:47+00:00,,,,,,2501.0,4001.0,23014,,1001.0,,"Theegala, Sahith",401.0,1001.0,,,,,Genesis Scottish Open,2026-07-12 03:17:06 UTC,win,"Tournament is live, baseline model not available."
2026-07-13T05:31:47+00:00,5001.0,,,,,2501.0,4001.0,14795,5001.0,1001.0,,"Canter, Laurie",401.0,1001.0,,,,,Genesis Scottish Open,2026-07-12 03:17:06 UTC,win,"Tournament is live, baseline model not available."
2026-07-13T05:31:47+00:00,,,,,,2501.0,4001.0,6430,,1001.0,,"Scott, Adam",401.0,1001.0,,,,,Genesis Scottish Open,2026-07-12 03:17:06 UTC,win,"Tournament is live, baseline model not available."
2026-07-13T05:31:47+00:00,,,,,,,4001.0,11397,,1001.0,,"Jamieson, Scott",401.0,1001.0,,,,,Genesis Scottish Open,2026-07-12 03:17:06 UTC,win,"Tournament is live, baseline model not available."
2026-07-13T05:31:47+00:00,,,,,,,4001.0,21756,,1001.0,,"Cole, Eric",401.0,1001.0,,,,,Genesis Scottish Open,2026-07-12 03:17:06 UTC,win,"Tournament is live, baseline model not available."
2026-07-13T05:31:47+00:00,5001.0,,,,,2501.0,4001.0,23475,,1001.0,,"Novak, Andrew",401.0,1001.0,,,,,Genesis Scottish Open,2026-07-12 03:17:06 UTC,win,"Tournament is live, baseline model not available."
2026-07-13T05:31:47+00:00,5001.0,,,,1501.0,2501.0,4001.0,27819,5001.0,1001.0,,"Castillo, Ricky",451.0,,,2001.0,,,Genesis Scottish Open,2026-07-12 03:17:06 UTC,win,"Tournament is live, baseline model not available."
