event_name,am,country,dg_id,make_cut,player_name,sample_size,top_10,top_20,top_5,win,updated_at
Bank of Utah Championship,0,USA,32319,0.8429,"Koivun, Jackson",150,0.320469515947016,0.491372470793096,0.199922248677249,0.0578833333333333,2026-09-28T17:51:08+00:00
Bank of Utah Championship,0,USA,18634,0.818883333333333,"McNealy, Maverick",150,0.279595631498131,0.442684851028601,0.16974265993266,0.04595,2026-09-28T17:51:08+00:00
Bank of Utah Championship,0,USA,29827,0.811533333333333,"James, Ben",150,0.265797497132497,0.429496803772208,0.157980674603175,0.0424833333333333,2026-09-28T17:51:08+00:00
Bank of Utah Championship,0,USA,29197,0.795516666666667,"Brennan, Michael",150,0.252009403929404,0.406555814486439,0.149083883477633,0.0387333333333333,2026-09-28T17:51:08+00:00
Bank of Utah Championship,0,ENG,20706,0.817616666666667,"Wallace, Matt",150,0.257247879157879,0.42444898004773,0.146897334656085,0.0362666666666667,2026-09-28T17:51:08+00:00
Bank of Utah Championship,0,USA,24550,0.811416666666667,"Ghim, Doug",150,0.247437724821475,0.41064550083903,0.142313042328042,0.0342666666666667,2026-09-28T17:51:08+00:00
Bank of Utah Championship,0,ENG,22465,0.75455,"Penge, Marco",150,0.194843912291412,0.337200660774411,0.1108023502886,0.02735,2026-09-28T17:51:08+00:00
Bank of Utah Championship,0,USA,29279,0.751216666666667,"Suber, Jackson",150,0.184938634467384,0.325031268823769,0.102090662578163,0.0237833333333333,2026-09-28T17:51:08+00:00
Bank of Utah Championship,0,USA,21756,0.749683333333333,"Cole, Eric",150,0.178154572094572,0.317496706323361,0.0965207683982684,0.02105,2026-09-28T17:51:08+00:00
Bank of Utah Championship,0,TPE,17881,0.762716666666667,"Yu, Kevin",150,0.180844738779739,0.327862261858512,0.0967697486772487,0.0202833333333333,2026-09-28T17:51:08+00:00
Bank of Utah Championship,0,USA,27364,0.753766666666667,"Thompson, Davis",150,0.171476219197469,0.313034915316165,0.0905612578162578,0.0201333333333333,2026-09-28T17:51:08+00:00
Bank of Utah Championship,0,ENG,18586,0.7467,"Smith, Jordan",150,0.170603790838791,0.30974174480612,0.0914128252765753,0.0201,2026-09-28T17:51:08+00:00
Bank of Utah Championship,0,USA,32457,0.730033333333333,"Keefer, Johnny",150,0.15715521016021,0.287741719018998,0.0826225535113035,0.018,2026-09-28T17:51:08+00:00
Bank of Utah Championship,0,USA,28159,0.75695,"Meissner, Mac",150,0.166729692945943,0.308586581705332,0.0868756018518518,0.0178666666666667,2026-09-28T17:51:08+00:00
Bank of Utah Championship,0,USA,15470,0.73585,"Hossler, Beau",150,0.156836500444,0.290684044196544,0.0815464285714286,0.0177,2026-09-28T17:51:08+00:00
Bank of Utah Championship,0,USA,23465,0.71655,"Greyserman, Max",150,0.147708370980871,0.273410692316942,0.0774644582732083,0.0162833333333333,2026-09-28T17:51:08+00:00
Bank of Utah Championship,0,ENG,27194,0.74215,"Hall, Harry",150,0.15382069999445,0.290626473156473,0.0793997552910053,0.0159,2026-09-28T17:51:08+00:00
Bank of Utah Championship,0,DEN,23838,0.70845,"Hojgaard, Rasmus",150,0.141676247548748,0.263875815524345,0.0743860726310726,0.0150833333333333,2026-09-28T17:51:08+00:00
Bank of Utah Championship,0,USA,17538,0.708783333333333,"Homa, Max",150,0.135517847384097,0.257501374667,0.0693783134920635,0.0147166666666667,2026-09-28T17:51:08+00:00
Bank of Utah Championship,0,USA,18424,0.719366666666667,"Roy, Kevin",150,0.140137133329633,0.267798524068524,0.071098835978836,0.0142666666666667,2026-09-28T17:51:08+00:00
Bank of Utah Championship,0,CAN,15556,0.716816666666667,"Hughes, Mackenzie",150,0.135360865523366,0.26100375980501,0.0683622498797499,0.0137333333333333,2026-09-28T17:51:08+00:00
Bank of Utah Championship,0,NOR,15651,0.707066666666667,"Ventura, Kristoffer",150,0.13219475949976,0.251807127268157,0.0680664363876864,0.01355,2026-09-28T17:51:08+00:00
Bank of Utah Championship,0,USA,28309,0.7015,"Coody, Pierceson",150,0.130418688394938,0.250749879169034,0.0662712127224627,0.0135166666666667,2026-09-28T17:51:08+00:00
Bank of Utah Championship,0,USA,12423,0.7223,"Kirk, Chris",150,0.139476274512525,0.267088530936656,0.0712861135161135,0.0134833333333333,2026-09-28T17:51:08+00:00
Bank of Utah Championship,0,PHI,23504,0.698316666666667,"Hoey, Rico",150,0.123308537712288,0.241705105681356,0.0621636177248677,0.0124666666666667,2026-09-28T17:51:08+00:00
Bank of Utah Championship,0,USA,32055,0.6781,"Shipley, Neal",150,0.113784729437229,0.222590360704111,0.0577570767195767,0.0121833333333333,2026-09-28T17:51:08+00:00
Bank of Utah Championship,0,CHN,16757,0.703583333333333,"Dou, Zecheng",150,0.127343532116032,0.248430285131535,0.0647874603174603,0.0121666666666667,2026-09-28T17:51:08+00:00
Bank of Utah Championship,0,USA,19846,0.720683333333333,"Bauchou, Zach",150,0.134815982027232,0.260673838476338,0.0676314814814815,0.0121333333333333,2026-09-28T17:51:08+00:00
Bank of Utah Championship,0,DEN,23841,0.70375,"Neergaard-Petersen, Rasmus",150,0.124754421966922,0.24661663537851,0.0616202525252525,0.0120833333333333,2026-09-28T17:51:08+00:00
Bank of Utah Championship,0,CAN,13126,0.7191,"Taylor, Nick",150,0.124843881673882,0.251501783977188,0.0606251725589226,0.0115166666666667,2026-09-28T17:51:08+00:00
Bank of Utah Championship,0,RSA,18103,0.726983333333333,"Bezuidenhout, Christiaan",150,0.128811161801162,0.25949793058521,0.0626841865079365,0.0106666666666667,2026-09-28T17:51:08+00:00
Bank of Utah Championship,0,USA,26657,0.679883333333333,"Fisk, Steven",150,0.110341070827321,0.221740885827136,0.0536407473544974,0.0106333333333333,2026-09-28T17:51:08+00:00
Bank of Utah Championship,0,USA,16395,0.719766666666667,"Kohles, Ben",150,0.122053128630629,0.248217104007104,0.0576989417989418,0.0103333333333333,2026-09-28T17:51:08+00:00
Bank of Utah Championship,0,USA,11276,0.690866666666667,"Horschel, Billy",150,0.112881974691975,0.226209237961113,0.0559785978835979,0.0102166666666667,2026-09-28T17:51:08+00:00
Bank of Utah Championship,0,ENG,13764,0.707966666666667,"Parry, John",150,0.113990094766345,0.236147671633922,0.054534914021164,0.0098166666666666,2026-09-28T17:51:08+00:00
Bank of Utah Championship,0,ARG,12808,0.697033333333333,"Grillo, Emiliano",150,0.114739275215525,0.231779079045954,0.0556637896825397,0.0096166666666666,2026-09-28T17:51:08+00:00
Bank of Utah Championship,0,USA,26653,0.687383333333333,"Eckroat, Austin",150,0.108389170829171,0.219828798007548,0.0525291744829245,0.0094833333333333,2026-09-28T17:51:08+00:00
Bank of Utah Championship,0,USA,29770,0.665366666666667,"Mouw, William",150,0.101051404660155,0.203214503711158,0.0493500607263107,0.00915,2026-09-28T17:51:08+00:00
Bank of Utah Championship,0,GER,16394,0.6671,"Jaeger, Stephan",150,0.104557107383357,0.208507395937396,0.0519512433862434,0.00905,2026-09-28T17:51:08+00:00
Bank of Utah Championship,0,CAN,17780,0.667066666666667,"Pendrith, Taylor",150,0.0983486892274392,0.20397521522459,0.0465572288359788,0.0086166666666666,2026-09-28T17:51:08+00:00
Bank of Utah Championship,0,USA,27164,0.675616666666667,"Phillips, Chandler",150,0.099546816054316,0.207610825748326,0.0468200132275132,0.0084833333333333,2026-09-28T17:51:08+00:00
Bank of Utah Championship,0,FRA,19960,0.658983333333333,"Pavon, Matthieu",150,0.0959397434509934,0.196289893416768,0.0457994113756614,0.0083166666666666,2026-09-28T17:51:08+00:00
Bank of Utah Championship,0,USA,21944,0.659033333333333,"Moore, Taylor",150,0.0994110679135679,0.202761644605395,0.0479766281866282,0.0080666666666666,2026-09-28T17:51:08+00:00
Bank of Utah Championship,0,USA,19870,0.6879,"McCarthy, Denny",150,0.101167984561735,0.212394775733526,0.0472455687830688,0.0079666666666666,2026-09-28T17:51:08+00:00
Bank of Utah Championship,0,CHN,15310,0.64745,"Li, Haotong",150,0.0924252887852888,0.189683996420246,0.0438961706349206,0.0077833333333333,2026-09-28T17:51:08+00:00
Bank of Utah Championship,0,USA,25094,0.64695,"Fishburn, Patrick",150,0.0910468864006364,0.190055173761424,0.0429157076719577,0.00775,2026-09-28T17:51:08+00:00
Bank of Utah Championship,0,USA,28635,0.654133333333333,"McCarty, Matt",150,0.0884608677896178,0.189266453523329,0.040580873015873,0.0073333333333333,2026-09-28T17:51:08+00:00
Bank of Utah Championship,0,USA,27780,0.642483333333333,"Crowe, Trace",150,0.0882122837347837,0.18247541474729,0.0415500402837903,0.00715,2026-09-28T17:51:08+00:00
Bank of Utah Championship,0,USA,25157,0.654566666666667,"Hodges, Lee",150,0.0879386785436785,0.186298906325156,0.0413486784511784,0.0069833333333333,2026-09-28T17:51:08+00:00
Bank of Utah Championship,0,CAN,29925,0.633116666666667,"Yellamaraju, Sudarshan",150,0.0816216423853924,0.17527707590748,0.0387789959114959,0.0069166666666666,2026-09-28T17:51:08+00:00
Bank of Utah Championship,0,USA,22985,0.636133333333333,"Smotherman, Austin",150,0.0854642824305324,0.177003032566562,0.0400189231601732,0.00685,2026-09-28T17:51:08+00:00
Bank of Utah Championship,0,RSA,27900,0.5881,"Potgieter, Aldrich",150,0.0730576707551708,0.152379335571836,0.0357197643097643,0.0067166666666666,2026-09-28T17:51:08+00:00
Bank of Utah Championship,0,USA,11676,0.60885,"Finau, Tony",150,0.0779153204203204,0.163598842407592,0.0366945057720058,0.00635,2026-09-28T17:51:08+00:00
Bank of Utah Championship,0,USA,21995,0.63175,"Springer, Hayden",150,0.0789802639027639,0.168425878817533,0.0369468530543531,0.0062666666666666,2026-09-28T17:51:08+00:00
Bank of Utah Championship,0,USA,23505,0.6425,"McGreevy, Max",150,0.0800711152736153,0.173179325350575,0.0362354569504569,0.00615,2026-09-28T17:51:08+00:00
Bank of Utah Championship,0,IRL,10104,0.643683333333333,"Power, Seamus",150,0.0814583042420542,0.176626137126762,0.0371311718374218,0.0060166666666666,2026-09-28T17:51:08+00:00
Bank of Utah Championship,0,USA,31343,0.603616666666667,"Ford, David",150,0.0712929619454619,0.155379035570911,0.0324254503367003,0.0057833333333333,2026-09-28T17:51:08+00:00
Bank of Utah Championship,0,USA,30814,0.567033333333333,"Sargent, Gordon",150,0.0608026803751804,0.133302822224072,0.0290161111111111,0.0057666666666666,2026-09-28T17:51:08+00:00
Bank of Utah Championship,0,USA,17639,0.6718,"Blair, Zac",150,0.0825552607115107,0.185724102471602,0.0365943650793651,0.0056833333333333,2026-09-28T17:51:08+00:00
Bank of Utah Championship,0,SWE,26850,0.5666,"Svensson, Jesper",150,0.0626883772246272,0.134685566701817,0.0297433994708995,0.0051166666666666,2026-09-28T17:51:08+00:00
Bank of Utah Championship,0,USA,25319,0.579383333333333,"VanDerLaan, John",150,0.0584582581770082,0.132172306998557,0.0259283928571429,0.0044,2026-09-28T17:51:08+00:00
Bank of Utah Championship,0,CAN,21883,0.5966,"Ewart, A.J.",150,0.0607066632441632,0.137835171032671,0.0270274007936508,0.0043166666666666,2026-09-28T17:51:08+00:00
Bank of Utah Championship,0,USA,27183,0.56495,"Salinda, Isaiah",150,0.0569174133274133,0.126759311984312,0.0257404701779702,0.0041833333333333,2026-09-28T17:51:08+00:00
Bank of Utah Championship,0,JPN,19729,0.629866666666667,"Kanaya, Takumi",150,0.0679461746124246,0.15578891978392,0.029206832010582,0.0041333333333333,2026-09-28T17:51:08+00:00
Bank of Utah Championship,0,USA,14704,0.6407,"Putnam, Andrew",150,0.0669381393143893,0.15756848473286,0.0284050396825397,0.0040333333333333,2026-09-28T17:51:08+00:00
Bank of Utah Championship,0,USA,19840,0.61225,"Ramey, Chad",150,0.0652580807618308,0.149006258718134,0.0281165422077922,0.0039833333333333,2026-09-28T17:51:08+00:00
Bank of Utah Championship,0,USA,15575,0.592633333333333,"Hoge, Tom",150,0.0598022842897843,0.136831623767028,0.0256763961038961,0.0039833333333333,2026-09-28T17:51:08+00:00
Bank of Utah Championship,0,USA,14509,0.604,"Dahmen, Joel",150,0.0601907575295075,0.139832726093351,0.0260162367724868,0.00395,2026-09-28T17:51:08+00:00
Bank of Utah Championship,0,USA,32330,0.5747,"Clanton, Luke",150,0.0559421795334295,0.127274996022496,0.0246770701058201,0.0038166666666666,2026-09-28T17:51:08+00:00
Bank of Utah Championship,0,USA,16333,0.5882,"Hubbard, Mark",150,0.0554095485995486,0.129677335835461,0.024937123015873,0.0037666666666666,2026-09-28T17:51:08+00:00
Bank of Utah Championship,0,SWE,25475,0.563966666666667,"Nyholm, Pontus",150,0.0531703438690939,0.122215346829097,0.0235125595238095,0.0037166666666666,2026-09-28T17:51:08+00:00
Bank of Utah Championship,0,USA,24956,0.5722,"Blanchet, Chandler",150,0.0521923268398268,0.124428293231823,0.0219439484126984,0.00355,2026-09-28T17:51:08+00:00
Bank of Utah Championship,0,BEL,22002,0.578233333333333,"Dumont De Chassart, Adrien",150,0.0563182504995005,0.128610675389425,0.0252133068783069,0.00345,2026-09-28T17:51:08+00:00
Bank of Utah Championship,0,USA,16283,0.574983333333333,"Rodgers, Patrick",150,0.0545692213804714,0.124764858474858,0.0239395502645503,0.0034,2026-09-28T17:51:08+00:00
Bank of Utah Championship,0,RSA,24342,0.541466666666667,"Higgo, Garrick",150,0.0478797278184778,0.109324471107596,0.0206964153439153,0.0032833333333333,2026-09-28T17:51:08+00:00
Bank of Utah Championship,0,USA,30620,0.601683333333333,"Chatfield, Davis",150,0.0530972638935139,0.129501808191808,0.0230599813612314,0.0031166666666666,2026-09-28T17:51:08+00:00
Bank of Utah Championship,0,USA,7399,0.5619,"Glover, Lucas",150,0.0462152046102046,0.1113190503478,0.0195351455026455,0.0027333333333333,2026-09-28T17:51:08+00:00
Bank of Utah Championship,0,USA,19872,0.493366666666667,"Riley, Davis",150,0.0371547504810005,0.0879851843064343,0.0164580435305435,0.0025166666666666,2026-09-28T17:51:08+00:00
Bank of Utah Championship,0,RSA,17550,0.54965,"Van Rooyen, Erik",150,0.045800692039442,0.10865902976653,0.0189135714285714,0.0025166666666666,2026-09-28T17:51:08+00:00
Bank of Utah Championship,0,ENG,10873,0.527266666666667,"Skinns, David",150,0.0396805915843416,0.0959198310485811,0.0168776917989418,0.0024833333333333,2026-09-28T17:51:08+00:00
Bank of Utah Championship,0,USA,18187,0.554966666666667,"Duncan, Tyler",150,0.04426219997595,0.105605806485181,0.0178370105820106,0.0023833333333333,2026-09-28T17:51:08+00:00
Bank of Utah Championship,0,USA,16341,0.571416666666667,"Peterson, Paul",150,0.0438160582010582,0.109495357651608,0.0180591534391534,0.0023833333333333,2026-09-28T17:51:08+00:00
Bank of Utah Championship,0,USA,28469,0.512716666666667,"Highsmith, Joe",150,0.0381026805601806,0.0915536665186665,0.0162371693121693,0.00235,2026-09-28T17:51:08+00:00
Bank of Utah Championship,0,CAN,17381,0.54455,"Silverman, Ben",150,0.0404750141525142,0.100785209373959,0.0166542394179894,0.0022666666666666,2026-09-28T17:51:08+00:00
Bank of Utah Championship,0,USA,17723,0.534666666666667,"Lower, Justin",150,0.0402658164983165,0.0971502643190143,0.0165025553150553,0.0022166666666666,2026-09-28T17:51:08+00:00
Bank of Utah Championship,0,USA,21943,0.540483333333333,"Lebioda, Hank",150,0.0415900594775595,0.100940725663226,0.0170162698412698,0.0021833333333333,2026-09-28T17:51:08+00:00
Bank of Utah Championship,0,USA,15980,0.54385,"Lipsky, David",150,0.0410554324841825,0.103224800546676,0.0169892658730159,0.00215,2026-09-28T17:51:08+00:00
Bank of Utah Championship,0,USA,8480,0.523283333333333,"Streelman, Kevin",150,0.0382841476116476,0.0919270325507826,0.0158871693121693,0.0021333333333333,2026-09-28T17:51:08+00:00
Bank of Utah Championship,1,USA,32652,0.496133333333333,"Akina, Kihei",150,0.0347092694805195,0.0853939572437367,0.0140645899470899,0.0019166666666666,2026-09-28T17:51:08+00:00
Bank of Utah Championship,0,USA,21889,0.486566666666667,"Kang, Jeffrey",150,0.0303162127224627,0.0777595117845118,0.0126943650793651,0.0019,2026-09-28T17:51:08+00:00
Bank of Utah Championship,0,USA,22051,0.493116666666667,"Wise, Aaron",150,0.032520182965183,0.0807976492026492,0.0137870965608466,0.0018833333333333,2026-09-28T17:51:08+00:00
Bank of Utah Championship,0,CAN,13997,0.503866666666667,"Svensson, Adam",150,0.0306743526381026,0.0764604924242424,0.0121763161375661,0.0018333333333333,2026-09-28T17:51:08+00:00
Bank of Utah Championship,0,USA,25003,0.46945,"Walker, Danny",150,0.0296071542809043,0.0744661021848522,0.012702037037037,0.0017333333333333,2026-09-28T17:51:08+00:00
Bank of Utah Championship,0,USA,11451,0.505216666666667,"Garnett, Brice",150,0.0300415277777778,0.0794473443917194,0.0114134920634921,0.0017166666666666,2026-09-28T17:51:08+00:00
Bank of Utah Championship,0,USA,14926,0.491783333333333,"Malnati, Peter",150,0.0316529372941873,0.0801324793262293,0.0130747685185185,0.0015833333333333,2026-09-28T17:51:08+00:00
Bank of Utah Championship,0,USA,25002,0.517333333333333,"Wu, Dylan",150,0.0301922203722204,0.0820826414095164,0.0118060515873016,0.0015666666666666,2026-09-28T17:51:08+00:00
Bank of Utah Championship,0,USA,25908,0.52185,"Whaley, Vince",150,0.0331408062308062,0.0859138477263477,0.0131171494708995,0.0015166666666666,2026-09-28T17:51:08+00:00
Bank of Utah Championship,0,USA,14007,0.50625,"Martin, Ben",150,0.031269438015688,0.0803395204795205,0.0125296560846561,0.0015,2026-09-28T17:51:08+00:00
Bank of Utah Championship,0,USA,23048,0.454183333333333,"Stanger, Jimmy",150,0.0255595568320568,0.065788293974544,0.0105099404761905,0.0014333333333333,2026-09-28T17:51:08+00:00
Bank of Utah Championship,0,ARG,17032,0.42715,"Tosti, Alejandro",150,0.0239742156917157,0.059089018019018,0.0100881481481481,0.0014166666666666,2026-09-28T17:51:08+00:00
Bank of Utah Championship,0,USA,19477,0.463833333333333,"Schenk, Adam",150,0.0257008852258852,0.0662289886502386,0.0102433201058201,0.0013166666666666,2026-09-28T17:51:08+00:00
Bank of Utah Championship,0,PUR,12909,0.433516666666667,"Campos, Rafael",150,0.0194595075757576,0.0537282275594776,0.0078445707070707,0.0012833333333333,2026-09-28T17:51:08+00:00
Bank of Utah Championship,0,USA,28270,0.424583333333333,"Dunlap, Nick",150,0.0178001592851593,0.050196109977985,0.0068668458393458,0.0009833333333333,2026-09-28T17:51:08+00:00
Bank of Utah Championship,0,AUS,17786,0.4099,"Davis, Cam",150,0.0201168368205868,0.0520292222360972,0.0080960052910052,0.0009833333333333,2026-09-28T17:51:08+00:00
Bank of Utah Championship,0,USA,13470,0.425866666666667,"Kizzire, Patton",150,0.0184598470510971,0.050196568613848,0.0072609126984127,0.00095,2026-09-28T17:51:08+00:00
Bank of Utah Championship,0,TPE,15475,0.41925,"Pan, C.T.",150,0.0190093584656085,0.0505115156140156,0.0073524404761904,0.0007666666666666,2026-09-28T17:51:08+00:00
Bank of Utah Championship,0,USA,-2,0.35965,"Monday, Q2",0,0.0112775493025493,0.0329606885475635,0.0043175132275132,0.0006666666666666,2026-09-28T17:51:08+00:00
Bank of Utah Championship,0,RSA,24343,0.342533333333333,"Lamprecht, Christo",150,0.0113897498797499,0.0300928941891442,0.0043236706349206,0.0006166666666666,2026-09-28T17:51:08+00:00
Bank of Utah Championship,0,USA,12946,0.368816666666667,"Thompson, Michael",150,0.0125428354978355,0.0351857208300958,0.0048914285714285,0.0006,2026-09-28T17:51:08+00:00
Bank of Utah Championship,1,USA,30037448,0.351183333333333,"Bracken, Boston",133,0.011120596024346,0.0318956966644467,0.0040077579365079,0.0005166666666666,2026-09-28T17:51:08+00:00
Bank of Utah Championship,0,JPN,20954,0.388816666666667,"Hirata, Kensei",150,0.0128452723665224,0.038096536981537,0.0047351587301587,0.0004166666666666,2026-09-28T17:51:08+00:00
Bank of Utah Championship,0,USA,-4,0.364483333333333,"Monday, Q4",0,0.0106990969215969,0.0325696205183705,0.0039090939153439,0.0003833333333333,2026-09-28T17:51:08+00:00
Bank of Utah Championship,0,USA,-1,0.363166666666667,"Monday, Q1",0,0.0107788876863877,0.0329044215044215,0.0039141335978836,0.0003166666666666,2026-09-28T17:51:08+00:00
Bank of Utah Championship,0,COL,16591,0.356766666666667,"Rozo, Marcelo",150,0.0106746392496392,0.0308266551966552,0.003820615079365,0.0003,2026-09-28T17:51:08+00:00
Bank of Utah Championship,0,USA,-3,0.358716666666667,"Monday, Q3",0,0.0103700865800866,0.0312558308358308,0.0035554828042328,0.0002833333333333,2026-09-28T17:51:08+00:00
Bank of Utah Championship,0,USA,12425,0.2455,"Todd, Brendon",150,0.0030601124338624,0.0106757029082029,0.0009279629629629,0.0001,2026-09-28T17:51:08+00:00
Bank of Utah Championship,0,USA,17619,0.08775,"Johnson, Zach J.",6,0.0004689225589225,0.001601259018759,0.0001580555555555,6.66666666666667e-05,2026-09-28T17:51:08+00:00
Bank of Utah Championship,1,USA,31437,0.133383333333333,"Shelley, Tyson",150,0.0010649206349206,0.0033139848577348,0.0003738888888888,3.33333333333333e-05,2026-09-28T17:51:08+00:00
Bank of Utah Championship,0,SWE,14815,0.2224,"Lingmerth, David",150,0.0027814989177489,0.0096923971861471,0.0006979575517075,3.33333333333333e-05,2026-09-28T17:51:08+00:00
Bank of Utah Championship,1,USA,32986,0.129816666666667,"Mauss, Bowen",96,0.0006986111111111,0.0027079821798571,0.0002075,1.66666666666667e-05,2026-09-28T17:51:08+00:00
