pulled_at,age,age_adjustment,am,baseline_pred,cf_approach_comp,cf_short_comp,country,country_adjustment,course_experience_adjustment,course_history_adjustment,dg_id,driving_accuracy_adjustment,driving_distance_adjustment,final_pred,other_fit_adjustment,player_name,sample_size,std_deviation,strokes_gained_category_adjustment,timing_adjustment,total_course_history_adjustment,total_fit_adjustment,true_sg_adjustments,course_name,event_name,last_updated,notes
2026-07-13T05:31:47+00:00,30,0.0113636511428687,0,2.86859412048834,-0.0981781865453839,-0.0917349219201821,USA,-0.101305768494108,0.0393214759828943,-0.0155419990478635,18417,-0.128682569718762,0.0507179408772388,2.54177244692768,-0.189913108465566,"Scheffler, Scottie",150,2.7130018445229,-0.0104948301350226,0.0226419376432676,0.0237794769350308,-0.2678777373070892,-0.0049284033456094,The Renaissance Club,Genesis Scottish Open,2026-07-07 17:28:26 UTC,All values/adjustments are in strokes-gained vs average PGA Tour field per round.
2026-07-13T05:31:47+00:00,37,-0.0200404115688957,0,1.99493558358227,-0.0503210960827752,-0.048380132585767,NIR,0.05,0.0607695537917457,0.0033069415651448,10091,0.060274785621417,0.143675778882093,2.17459689244753,-0.0987012286685422,"McIlroy, Rory",150,2.80685265917652,0.164813808040185,-0.119306472056441,0.0640764953568906,0.10524933583496782,-0.0651314467414492,The Renaissance Club,Genesis Scottish Open,2026-07-07 17:28:26 UTC,All values/adjustments are in strokes-gained vs average PGA Tour field per round.
2026-07-13T05:31:47+00:00,35,-0.0123719776509068,0,1.83569862109989,-0.0498747528585905,-0.06705383425666,ENG,0.158855600646606,0.0929416705050229,0.0542108565360969,12294,-0.171485881297745,-0.0044990359579745,1.84157067910694,-0.116928587115251,"Fleetwood, Tommy",150,2.68570755149325,0.0556541803422,-0.014088381201856,0.14715252704112,-0.2929135043709705,-0.0364163867991492,The Renaissance Club,Genesis Scottish Open,2026-07-07 17:28:26 UTC,All values/adjustments are in strokes-gained vs average PGA Tour field per round.
2026-07-13T05:31:47+00:00,32,-0.0003215814940671,0,1.59893089692838,-0.0575223416822997,-0.0360458559994039,USA,-0.0228419109872761,0.0714935926961714,0.0241530933927708,19895,-0.0111315187596862,0.0859443152071072,1.82980291392185,-0.0935681976817035,"Schauffele, Xander",150,2.76617528165068,0.2751152469271,-0.0836777216526561,0.0956466860889423,-0.0187554012342825,-0.0142933006542909,The Renaissance Club,Genesis Scottish Open,2026-07-07 17:28:26 UTC,All values/adjustments are in strokes-gained vs average PGA Tour field per round.
2026-07-13T05:31:47+00:00,31,0.0040603807447838,0,1.92942161215892,-0.0620854300812053,-0.0472016705595801,ESP,-0.0347689783152857,0.0071493592696171,-0.0260652645444955,19195,-0.0287175407940107,0.0864099896541211,1.81832562949983,-0.109287100640785,"Rahm, Jon",150,2.72408508747934,0.126571099533517,-0.11462969942859,-0.0189159052748784,-0.051594651780674614,-0.0218182281379571,The Renaissance Club,Genesis Scottish Open,2026-07-07 17:28:26 UTC,All values/adjustments are in strokes-gained vs average PGA Tour field per round.
2026-07-13T05:31:47+00:00,31,0.0033300537049751,0,1.90792434406532,-0.0719385875164034,-0.0719313568390193,ENG,-0.0090779034210627,0.103665709409449,0.0384571746021551,17646,-0.1062317537349,-0.000116474865,1.7195849773328,-0.143869944355423,"Fitzpatrick, Matt",150,2.66636686865703,0.0007557507268026,-0.075341712514212,0.142122884011604,-0.250218172955323,8.97337146954502e-05,The Renaissance Club,Genesis Scottish Open,2026-07-07 17:28:26 UTC,All values/adjustments are in strokes-gained vs average PGA Tour field per round.
2026-07-13T05:31:47+00:00,26,0.025970191939038,0,1.55295846846559,-0.0636663023992951,-0.035400053687265,SWE,0.0149455359604271,0.0178733981740429,0.0256880961431026,23950,-0.0365277096012327,0.0816093734865947,1.70456320389866,-0.0990663560865601,"Aberg, Ludvig",150,2.8010650300122,0.109517439164012,-0.0867881122669891,0.0435614943171455,-0.05398469220119811,0.0983828785206371,The Renaissance Club,Genesis Scottish Open,2026-07-07 17:28:26 UTC,All values/adjustments are in strokes-gained vs average PGA Tour field per round.
2026-07-13T05:31:47+00:00,26,0.0248747013793253,0,1.43446202204628,-0.0424552602595804,-0.0466529420549609,USA,-0.0980528932090877,-0.0035746796348085,0.0195308756157046,27774,0.0937529241192029,0.113625411162226,1.6179433608028,-0.0891082023145413,"Gotterup, Chris",150,2.81242935952793,-0.048611520256602,0.0453503690550912,0.015956195980896,0.11827013296688761,0.125694352840001,The Renaissance Club,Genesis Scottish Open,2026-07-07 17:28:26 UTC,All values/adjustments are in strokes-gained vs average PGA Tour field per round.
2026-07-13T05:31:47+00:00,34,-0.0090855059717687,0,1.11801416712984,-0.049988368704112,-0.0316098758718943,ENG,0.233271598859297,0.05004551488732,0.0267890125368227,14796,0.0358995027841694,0.028246604033481,1.40232973907578,-0.0815982445760063,"Hatton, Tyrrell",150,2.76000874084957,-0.0539533443422643,0.068221010278017,0.0768345274241427,-0.0174521377583559,-0.0135205765431261,The Renaissance Club,Genesis Scottish Open,2026-07-07 17:28:26 UTC,All values/adjustments are in strokes-gained vs average PGA Tour field per round.
2026-07-13T05:31:47+00:00,29,0.011728814662773,0,1.22127931461884,-0.0117145601951092,-0.0625031414653648,SCO,0.147919505346306,0.0929416705050229,0.0768498092930488,23323,-0.023802784956209,0.020558540504414,1.36088019185596,-0.074217701660474,"MacIntyre, Robert",150,2.70424161646015,-0.0910309554653064,-0.0816945527999855,0.169791479798072,-0.077461946112269,0.0603485318075268,The Renaissance Club,Genesis Scottish Open,2026-07-07 17:28:26 UTC,All values/adjustments are in strokes-gained vs average PGA Tour field per round.
2026-07-13T05:31:47+00:00,32,4.35820258373187e-05,0,1.63478466186573,-0.0337613172180784,-0.0966527254043578,USA,-0.15211434892257,0.05004551488732,0.0517491508265172,23604,0.0679536753543618,0.0445141074394301,1.34060638756692,-0.130414042622436,"Clark, Wyndham",150,2.7886076703251,-0.270370329515929,0.0314708156345491,0.101794665713837,-0.017946259828644104,0.0129436005941064,The Renaissance Club,Genesis Scottish Open,2026-07-07 17:28:26 UTC,All values/adjustments are in strokes-gained vs average PGA Tour field per round.
2026-07-13T05:31:47+00:00,28,0.0168411039414322,0,1.38017148248663,-0.0633045193405652,-0.0381573965624679,NOR,-0.0137291630150919,0.0393214759828943,-0.0136003687991469,18841,-0.106496212971748,0.008851793542483,1.30209424187225,-0.101461915903033,"Hovland, Viktor",150,2.73208548398054,0.0377964141944088,0.0405317763921866,0.0257211071837474,-0.199106335332298,0.0138678560212344,The Renaissance Club,Genesis Scottish Open,2026-07-07 17:28:26 UTC,All values/adjustments are in strokes-gained vs average PGA Tour field per round.
2026-07-13T05:31:47+00:00,27,0.0204927391404746,0,0.865401725581692,-0.03293467303976,-0.032417535931151,AUS,-0.0741879814542296,0.0607695537917457,-0.0200374935793231,16841,0.0103262609346232,0.0974944476317579,1.28563632624587,-0.065352208970911,"Lee, Min Woo",150,2.78173820913716,0.393373132753896,-0.0871184618167963,0.0407320602124227,0.0424684995954701,0.084474612232936,The Renaissance Club,Genesis Scottish Open,2026-07-07 17:28:26 UTC,All values/adjustments are in strokes-gained vs average PGA Tour field per round.
2026-07-13T05:31:47+00:00,27,0.0223185567399957,0,1.20448587238155,-0.0560858497096684,-0.017622976725415,ENG,0.193797410463284,-0.0142987185392343,-0.0151698022343924,25362,-0.136862972967969,-0.0017613310792344,1.26627653523517,-0.0737088264350835,"Fitzpatrick, Alex",150,2.71531593449985,0.112317575952394,-0.0161632596643153,-0.0294685207736267,-0.2123331304822869,-0.0086779693818306,The Renaissance Club,Genesis Scottish Open,2026-07-07 17:28:26 UTC,All values/adjustments are in strokes-gained vs average PGA Tour field per round.
2026-07-13T05:31:47+00:00,33,-0.0025125626134925,0,1.36189704437349,-0.0405212221898751,-0.076119111582537,USA,-0.199046563428608,0.0822176316005972,-0.0546765062642183,14139,0.0121182361983189,0.0310686052306605,1.25993866398036,-0.116640333772412,"Thomas, Justin",150,2.79351447654536,0.125482138262383,0.0021509284924654,0.0275411253363788,-0.0734534923434326,0.0178800459011772,The Renaissance Club,Genesis Scottish Open,2026-07-07 17:28:26 UTC,All values/adjustments are in strokes-gained vs average PGA Tour field per round.
2026-07-13T05:31:47+00:00,25,0.0318128082575059,0,0.920408931142687,-0.0374703040078664,-0.0202526039686533,DEN,0.0295213208001924,0.0393214759828943,0.0656954639111305,23602,0.131062937479689,0.115747443017337,1.24136650631409,-0.0577229079765197,"Hojgaard, Nicolai",150,2.79372587824539,0.0320423120352046,-0.0872951650529551,0.105016939894025,0.18908747252050628,0.020771886716919,The Renaissance Club,Genesis Scottish Open,2026-07-07 17:28:26 UTC,All values/adjustments are in strokes-gained vs average PGA Tour field per round.
2026-07-13T05:31:47+00:00,34,-0.0072596883722473,0,1.49798353919442,-0.0653296463969361,-0.0317028153931982,USA,-0.142022276688976,-0.0035746796348085,-0.0018440979348277,15466,-0.0335469390713911,0.0245225670158179,1.22804846983607,-0.0970324617901343,"Cantlay, Patrick",150,2.68776384121725,0.0352179251408577,-0.0276544373304124,-0.0054187775696363,-0.10605683384570751,-0.0167409806922341,The Renaissance Club,Genesis Scottish Open,2026-07-07 17:28:26 UTC,All values/adjustments are in strokes-gained vs average PGA Tour field per round.
2026-07-13T05:31:47+00:00,33,-0.003608053173205,0,1.13408273981984,-0.0666406383343202,0.0131088505711783,USA,-0.152195341699057,0.0661315732439586,0.0460085631105897,21891,-0.0206464487003838,0.0712264428002635,1.17707438271886,-0.0535317877631419,"Kitayama, Kurt",150,2.79583396809906,0.100895164550432,-0.0620722158033968,0.112140136354548,-0.00295179366326221,0.0507837463329623,The Renaissance Club,Genesis Scottish Open,2026-07-07 17:28:26 UTC,All values/adjustments are in strokes-gained vs average PGA Tour field per round.
2026-07-13T05:31:47+00:00,28,0.0186669215409536,0,0.998653425019447,-0.0209800970467716,-0.0176678892534704,NOR,0.0696406065276346,-0.0035746796348085,0.0102190282231314,21407,-0.0108514542046331,0.0605275908220466,1.07567922150598,-0.038647986300242,"Reitan, Kristoffer",150,2.82832047991398,0.0583244649608274,-0.133649793545837,0.0066443485883228,0.011028150317171498,0.0463710980974582,The Renaissance Club,Genesis Scottish Open,2026-07-07 17:28:26 UTC,All values/adjustments are in strokes-gained vs average PGA Tour field per round.
2026-07-13T05:31:47+00:00,31,0.0069816889040179,0,1.48757879299314,-0.0611863202328677,-0.0236950041081356,KOR,-0.128577374756454,0.0285974370784686,-0.0110340067950322,14609,-0.186288115581677,-0.0227890522153854,1.0565951378525,-0.0848813243410033,"Kim, Si Woo",150,2.68575742433167,0.132574907423339,-0.0926634143714531,0.0175634302834364,-0.2939584921380657,-0.0729044004854558,The Renaissance Club,Genesis Scottish Open,2026-07-07 17:28:26 UTC,All values/adjustments are in strokes-gained vs average PGA Tour field per round.
2026-07-13T05:31:47+00:00,39,-0.0291694995665015,0,1.13880071998795,-0.0623809838736264,0.000655392064666,IRL,0.152298491701811,-0.0142987185392343,0.0112541981144105,13900,-0.0900795903327253,-0.007582951132399,1.04849009797562,-0.0617255918089603,"Lowry, Shane",150,2.69865873401863,-0.0022670461849152,0.0036605801798255,-0.0030445204248237,-0.1593881332740846,-0.0524004944436365,The Renaissance Club,Genesis Scottish Open,2026-07-07 17:28:26 UTC,All values/adjustments are in strokes-gained vs average PGA Tour field per round.
2026-07-13T05:31:47+00:00,35,-0.014197795250428,0,1.43685436448765,-0.0701519403701423,-0.0081889656990898,USA,-0.120530202812148,-0.0035746796348085,-0.0127883363972369,17536,-0.113697407532514,-0.0002707652119189,0.979663485229804,-0.0783409060692321,"Spaun, J.J.",150,2.69053513656718,-0.0250627685760358,-0.071608045340344,-0.0163630160320455,-0.192309078813665,-0.0171199724331808,The Renaissance Club,Genesis Scottish Open,2026-07-07 17:28:26 UTC,All values/adjustments are in strokes-gained vs average PGA Tour field per round.
2026-07-13T05:31:47+00:00,45,-0.0583825811588408,0,0.942101192901443,-0.0514138794991936,0.0138039139887337,AUS,0.0611602494310763,0.0178733981740429,0.0420213525238037,6430,0.0228197337198893,0.0504771085044314,0.960141539872104,-0.0376099655104598,"Scott, Adam",150,2.74954187129275,0.0531060853159974,-0.0778772961668197,0.0598947506978465,0.0356868767138609,-0.0555477378624601,The Renaissance Club,Genesis Scottish Open,2026-07-07 17:28:26 UTC,All values/adjustments are in strokes-gained vs average PGA Tour field per round.
2026-07-13T05:31:47+00:00,31,0.0055210348244008,0,1.07638953303018,-0.0488717241532629,-0.0172748068884419,ENG,0.0818693660985359,0.0822176316005972,0.0370544995482559,18554,-0.244956777360932,-0.0719708698956971,0.89971581945784,-0.0661465310417048,"Rai, Aaron",150,2.64079537846636,0.0535284328891957,-0.0084280334556701,0.119272131148853,-0.3830741782983339,-0.04536246677932,The Renaissance Club,Genesis Scottish Open,2026-07-07 17:28:26 UTC,All values/adjustments are in strokes-gained vs average PGA Tour field per round.
2026-07-13T05:31:47+00:00,24,0.0376554245759737,0,0.551927386228584,-0.0474764339752958,-0.0266085628704055,KOR,0.05,0.05004551488732,0.099274898608137,24766,-0.0631540654662209,-0.0191740784307822,0.895292573773514,-0.0740849968457013,"Kim, Tom",150,2.71225710555242,0.116085831797173,0.13918338054217,0.149320413495457,-0.1564131407427044,0.0075332778768606,The Renaissance Club,Genesis Scottish Open,2026-07-07 17:28:26 UTC,All values/adjustments are in strokes-gained vs average PGA Tour field per round.
2026-07-13T05:31:47+00:00,36,-0.018944921009183,0,1.21589026700663,-0.0091849347889083,-0.06768288602673,USA,-0.102699205187452,0.0285974370784686,0.0322873256750762,14577,-0.0657864800698241,0.0065632293574116,0.872114764902242,-0.0768678208156383,"English, Harris",150,2.64915369595182,-0.0800376357998991,-0.0243713000054961,0.0608847627535448,-0.1360910715280508,-0.042516131327851,The Renaissance Club,Genesis Scottish Open,2026-07-07 17:28:26 UTC,All values/adjustments are in strokes-gained vs average PGA Tour field per round.
2026-07-13T05:31:47+00:00,26,0.0277960095385593,0,0.796413600681658,-0.031767933516762,-0.0149882461008484,ESP,-0.0999183553293904,-0.02502275744366,-0.0085107292054831,26745,-0.0272656841483067,0.0511474895128854,0.857559646957919,-0.0467561796176104,"Chacarra, Eugenio",150,2.71620347234855,0.092405385543704,0.0303692617337883,-0.0335334866491432,-0.022874374253031703,0.0669016056917745,The Renaissance Club,Genesis Scottish Open,2026-07-07 17:28:26 UTC,All values/adjustments are in strokes-gained vs average PGA Tour field per round.
2026-07-13T05:31:47+00:00,36,-0.0160236128499492,0,1.0078859232117,-0.0447496115332969,-0.0238454962301771,USA,-0.128028881050954,-0.0142987185392343,-0.0057366475978697,14502,-0.0516807095519551,0.0046424399119099,0.821685374037473,-0.0685951077634741,"Cauley, Bud",150,2.71767320017104,0.10886818713902,-0.0125067075539115,-0.020035366137104,-0.11563337740351931,-0.0028407913178122,The Renaissance Club,Genesis Scottish Open,2026-07-07 17:28:26 UTC,All values/adjustments are in strokes-gained vs average PGA Tour field per round.
2026-07-13T05:31:47+00:00,36,-0.0160236128499491,0,0.655910405211481,-0.0405743670835631,-0.0247364483122051,ENG,0.0744488144352341,0.0929416705050229,0.0012898043688373,20706,0.0003101014521069,-0.0066457352450244,0.79458249905157,-0.0653108153957683,"Wallace, Matt",150,2.69210738124812,-0.0402638631196074,0.0864701040174074,0.0942314748738603,-0.0716464491886858,0.0114556256718291,The Renaissance Club,Genesis Scottish Open,2026-07-07 17:28:26 UTC,All values/adjustments are in strokes-gained vs average PGA Tour field per round.
2026-07-13T05:31:47+00:00,28,0.0197624121006661,0,0.114748196974081,-0.0029218955293205,0.0208121137937342,ENG,0.0921510819179894,-0.0142987185392343,0.0412925082822326,22465,0.131666404999033,0.131913600334811,0.778498693565531,0.0178902182644136,"Penge, Marco",150,2.85429622114516,0.183927536168055,0.0114268964600206,0.0269937897429983,0.28147022359825763,0.0480185566034629,The Renaissance Club,Genesis Scottish Open,2026-07-07 17:28:26 UTC,All values/adjustments are in strokes-gained vs average PGA Tour field per round.
2026-07-13T05:31:47+00:00,24,0.035099279936644,0,0.678040338792976,0.0176760136179314,-0.0402973413089739,ESP,-0.0969176003419419,-0.0449605453601703,0.0,28984,0.0829461132804056,0.106654575872489,0.751057094566528,-0.0226213276910424,"Puig, David",150,2.81873172774496,0.0826555320225073,-0.0819725134728327,-0.0449605453601703,0.16697936146185222,0.0121332415274928,The Renaissance Club,Genesis Scottish Open,2026-07-07 17:28:26 UTC,All values/adjustments are in strokes-gained vs average PGA Tour field per round.
2026-07-13T05:31:47+00:00,33,-0.0054338707727262,0,0.372265677734315,-0.0132598427308207,-0.002911856604857,FRA,0.0428455252736096,0.103665709409449,0.0601349407438315,20730,-0.080730641919156,0.0072299160616963,0.723730054986161,-0.0161716993356777,"Perez, Victor",150,2.6781501141321,0.132280727097598,0.110870278381373,0.16380065015328,-0.0896724251931374,-0.0032265076881503,The Renaissance Club,Genesis Scottish Open,2026-07-07 17:28:26 UTC,All values/adjustments are in strokes-gained vs average PGA Tour field per round.
2026-07-13T05:31:47+00:00,32,0.0022345631452627,0,1.00384214283795,-0.013969831008099,-0.0342838108565815,USA,-0.168385778292548,-0.0142987185392343,0.0102144727261325,19396,0.0821675803613512,0.0894780369364845,0.71109485814023,-0.0482536418646805,"Knapp, Jake",150,2.82719278129106,-0.148164965567081,-0.184331573924241,-0.0040842458131017,0.1233919754331552,0.0865927403208306,The Renaissance Club,Genesis Scottish Open,2026-07-07 17:28:26 UTC,All values/adjustments are in strokes-gained vs average PGA Tour field per round.
2026-07-13T05:31:47+00:00,39,-0.0298998266063101,0,0.644487328217632,-0.022868116750716,-0.0134186301909274,NZL,0.0559870098849133,0.0929416705050229,-0.0210795700370406,11889,0.113805564251198,0.0434914594493182,0.682779921748954,-0.0362867469416434,"Fox, Ryan",150,2.70409944790567,-0.164823466941112,-0.0561729712528288,0.0718621004679823,0.12101027675887281,0.040329471219805,The Renaissance Club,Genesis Scottish Open,2026-07-07 17:28:26 UTC,All values/adjustments are in strokes-gained vs average PGA Tour field per round.
2026-07-13T05:31:47+00:00,30,0.0106333241030603,0,0.612866657241159,-0.0332659664019108,-0.0009891986353237,USA,-0.12796008416557,0.0071493592696171,-0.0002685094579283,24550,-0.0976916163196669,0.0138008589753664,0.677733400214801,-0.0342551650372346,"Ghim, Doug",150,2.69099312430501,0.183755566128232,0.126352982882644,0.0068808498116888,-0.1181459223815351,-0.0166499734048774,The Renaissance Club,Genesis Scottish Open,2026-07-07 17:28:26 UTC,All values/adjustments are in strokes-gained vs average PGA Tour field per round.
2026-07-13T05:31:47+00:00,38,-0.0240572102878424,0,0.903608332662119,-0.0290455862009467,-0.0760030522050532,USA,-0.11881192458843,0.0071493592696171,-0.0033757330896444,21756,0.0848100428149181,-0.019541263332197,0.660842347579332,-0.105048638406,"Cole, Eric",150,2.74225898425171,-0.16358178283867,0.0791449937608892,0.0037736261799727,-0.0397798589232789,0.020546171614573,The Renaissance Club,Genesis Scottish Open,2026-07-07 17:28:26 UTC,All values/adjustments are in strokes-gained vs average PGA Tour field per round.
2026-07-13T05:31:47+00:00,21,0.0475148396133882,0,0.540271133588939,-0.0162824316250569,0.0029503265291612,ESP,-0.0747006034431657,-0.0449605453601703,0.0,30445,0.0340131315764769,0.0780339161575915,0.643964891428507,-0.0133321050958956,"Ayora, Angel",150,2.79375704740004,0.115177255236076,-0.0282663560145888,-0.0449605453601703,0.09871494263817279,-0.0097857748301439,The Renaissance Club,Genesis Scottish Open,2026-07-07 17:28:26 UTC,All values/adjustments are in strokes-gained vs average PGA Tour field per round.
2026-07-13T05:31:47+00:00,27,0.0226837202599,0,0.772557994717498,-0.0233994751743919,-0.0584197685472531,USA,-0.129411112848803,-0.0449605453601703,0.0,28159,0.0330698873697014,0.0099174105739887,0.632487068449973,-0.081819243721645,"Meissner, Mac",150,2.65455734800039,-0.110234583395647,0.0618281356649047,-0.0449605453601703,-0.038831945777954895,0.0988554051902452,The Renaissance Club,Genesis Scottish Open,2026-07-07 17:28:26 UTC,All values/adjustments are in strokes-gained vs average PGA Tour field per round.
2026-07-13T05:31:47+00:00,44,-0.0499838202010434,0,0.957645004525866,-0.0033653222314671,-0.0570678862615895,SWE,0.163659877757296,0.0285974370784686,0.0108510801103667,10419,-0.11092973069185,-0.0577054926459821,0.631590114915053,-0.0604332084930567,"Noren, Alex",150,2.6741807715446,-0.066487678938035,-0.0924450149326393,0.0394485171888353,-0.2290684318308888,-0.0911783386543368,The Renaissance Club,Genesis Scottish Open,2026-07-07 17:28:26 UTC,All values/adjustments are in strokes-gained vs average PGA Tour field per round.
2026-07-13T05:31:47+00:00,26,0.0248747013793251,0,1.06475913298438,-0.0419131305679858,-0.0240153945303742,USA,-0.168385778292548,-0.0142987185392343,-0.0229926532142146,29767,-0.062551308950044,0.0025806557400928,0.630001648530133,-0.06592852509836,"Gerard, Ryan",150,2.73420550516073,-0.061508554572576,-0.0717777613356758,-0.0372913717534489,-0.1258991783083112,0.005230458428991,The Renaissance Club,Genesis Scottish Open,2026-07-07 17:28:26 UTC,All values/adjustments are in strokes-gained vs average PGA Tour field per round.
2026-07-13T05:31:47+00:00,26,0.0267005189788466,0,0.615774495159512,-0.0170047148337609,-0.0076855064282602,USA,-0.168385778292548,-0.0449605453601703,0.0,28309,0.029348318260765,0.0801603725087421,0.624104784300693,-0.0246902212620212,"Coody, Pierceson",150,2.75466169395505,-0.0067202023022691,0.0459206114513568,-0.0449605453601703,0.0848184695074859,0.0709572151584783,The Renaissance Club,Genesis Scottish Open,2026-07-07 17:28:26 UTC,All values/adjustments are in strokes-gained vs average PGA Tour field per round.
2026-07-13T05:31:47+00:00,27,0.0204927391404746,0,0.441204119511066,-0.0186197988336334,0.0196710429702303,NZL,0.0558543494374925,0.0178733981740429,0.0222336704738548,21362,-0.0485755907601384,0.0526723815027799,0.621264381850653,0.0010512441365969,"Hillier, Daniel",150,2.74130441298161,0.145886097580997,-0.087911690290859,0.0401070686478977,0.0051480348792384,0.000483662944346,The Renaissance Club,Genesis Scottish Open,2026-07-07 17:28:26 UTC,All values/adjustments are in strokes-gained vs average PGA Tour field per round.
2026-07-13T05:31:47+00:00,24,0.0358296069764525,0,0.344522629485344,-0.0175695347868681,0.0398410785503023,USA,-0.168385778292548,-0.0449605453601703,0.0,29197,0.008580106360953,0.123762715214423,0.61601130744241,0.0222715437634342,"Brennan, Michael",150,2.83366046508426,0.172373510717724,0.0288337703820835,-0.0449605453601703,0.1546143653388102,0.0931837481947153,The Renaissance Club,Genesis Scottish Open,2026-07-07 17:28:26 UTC,All values/adjustments are in strokes-gained vs average PGA Tour field per round.
2026-07-13T05:31:47+00:00,28,0.0161107769016237,0,0.62567747539833,-0.007775500962895,-0.0758425629489497,ENG,0.0590146252065781,0.0071493592696171,0.0156014703131813,27194,0.0614614309584457,-0.0134210430238768,0.563336524593724,-0.0836180639118448,"Hall, Harry",150,2.66054725890186,-0.0216783256282202,-0.1140051126574,0.0227508295827985,-0.0355776759772759,0.0110439317672901,The Renaissance Club,Genesis Scottish Open,2026-07-07 17:28:26 UTC,All values/adjustments are in strokes-gained vs average PGA Tour field per round.
2026-07-13T05:31:47+00:00,28,0.0175714309812407,0,0.66325088399907,-0.0268456722748867,-0.0355805081293006,USA,-0.178598283081157,-0.0035746796348085,0.0110555534340834,23014,0.0753213045010458,0.0308614132549064,0.560907726528349,-0.0624261804041873,"Theegala, Sahith",150,2.77230111069404,0.0128619293759104,-0.0121186636261852,0.0074808737992748,0.0437565373517649,0.0067030177284312,The Renaissance Club,Genesis Scottish Open,2026-07-07 17:28:26 UTC,All values/adjustments are in strokes-gained vs average PGA Tour field per round.
2026-07-13T05:31:47+00:00,35,-0.0145629587703321,0,0.79171513311578,-0.0448776877959997,-0.0313240092851333,USA,-0.0628192708902189,-0.0449605453601703,0.0,14838,-0.0036143223723588,-0.0275493087874238,0.550738817921349,-0.0762016970811329,"Reed, Patrick",150,2.642860501389,-0.0677419010319755,0.0738158927321658,-0.0449605453601703,-0.1073653282409155,-0.0173422036329842,The Renaissance Club,Genesis Scottish Open,2026-07-07 17:28:26 UTC,All values/adjustments are in strokes-gained vs average PGA Tour field per round.
2026-07-13T05:31:47+00:00,29,0.0128243052224857,0,0.838994350125737,-0.0305356971338159,-0.0215341622698175,USA,-0.168385778292548,0.0178733981740429,0.014156255899124,18474,-0.0319020935654707,0.0137008089153216,0.52860405247167,-0.0520698594036334,"Smalley, Alex",150,2.75206450443856,-0.0868959335641265,-0.081603058845593,0.0320296540731668,-0.0702711440537825,0.0519116578063303,The Renaissance Club,Genesis Scottish Open,2026-07-07 17:28:26 UTC,All values/adjustments are in strokes-gained vs average PGA Tour field per round.
2026-07-13T05:31:47+00:00,23,0.0398464056953992,0,0.149083498432881,-0.0066180228290612,0.0159547038334559,NIR,0.066079474804152,-0.0035746796348085,0.0125633370694632,22322,-0.0980263237248081,0.0291598622147747,0.508623651417389,0.0093366810043946,"McKibbin, Tom",150,2.69679675887206,0.354224135186519,-0.0503984487858332,0.0089886574346546,-0.05952978050563879,0.0003297091552553,The Renaissance Club,Genesis Scottish Open,2026-07-07 17:28:26 UTC,All values/adjustments are in strokes-gained vs average PGA Tour field per round.
2026-07-13T05:31:47+00:00,24,0.0343689528968356,0,0.421427629378222,-0.0188443785558353,-0.0049264659453001,USA,-0.168385778292548,-0.0449605453601703,0.0,26649,-0.0113672143019142,0.0623767609010936,0.501273987438912,-0.0237708445011355,"Thorbjornsen, Michael",150,2.78511111339204,0.206346646422658,-0.014178814082787,-0.0449605453601703,0.027238702098043896,0.0394171943786584,The Renaissance Club,Genesis Scottish Open,2026-07-07 17:28:26 UTC,All values/adjustments are in strokes-gained vs average PGA Tour field per round.
2026-07-13T05:31:47+00:00,31,0.0058861983443051,0,0.356349310093949,-0.0349663596714396,0.0022358193370764,USA,-0.155959155889797,0.0178733981740429,-0.0175679059379806,23475,-0.0118078053883661,0.0070245395736875,0.479702946736531,-0.0327305403343632,"Novak, Andrew",150,2.78117770665548,0.231901854065349,0.0307312517863097,0.0003054922360622,-0.0375138061490418,0.0480018022493946,The Renaissance Club,Genesis Scottish Open,2026-07-07 17:28:26 UTC,All values/adjustments are in strokes-gained vs average PGA Tour field per round.
2026-07-13T05:31:47+00:00,34,-0.0083551789319601,0,0.693027445760849,-0.0446720052769182,0.0064327741654563,CAN,-0.0930462532116884,0.0607695537917457,-0.0089903024300046,17576,-0.13228342158568,-0.015223114278265,0.473526818821144,-0.0382392311114618,"Conners, Corey",150,2.72486278809601,0.0408615761334247,0.0194839851721916,0.0517792513617411,-0.1857457669754068,-0.0444782404880065,The Renaissance Club,Genesis Scottish Open,2026-07-07 17:28:26 UTC,All values/adjustments are in strokes-gained vs average PGA Tour field per round.
2026-07-13T05:31:47+00:00,30,0.007346852423922,0,-0.00354184061905,-0.0209496998767663,0.0400393078173113,CHN,0.124076549439203,0.0714935926961714,0.0232210266454371,15310,0.0056791219817749,0.039253847155618,0.473134432109654,0.019089607940545,"Li, Haotong",150,2.80046567110227,0.159914752223529,-0.0474710063364909,0.0947146193416085,0.0640225770779379,0.0740719285589942,The Renaissance Club,Genesis Scottish Open,2026-07-07 17:28:26 UTC,All values/adjustments are in strokes-gained vs average PGA Tour field per round.
2026-07-13T05:31:47+00:00,31,0.0066165253841135,0,0.310029137532643,-0.0071640922299546,-0.0284814145078131,USA,-0.141586965837406,-0.0035746796348085,0.0095128020982047,23465,0.0862943083099224,0.052901898035844,0.473110307788353,-0.0356455067377678,"Greyserman, Max",150,2.8087439389919,0.129609178665275,0.0097731108885154,0.0059381224633961,0.1035506996079986,0.0491804990838172,The Renaissance Club,Genesis Scottish Open,2026-07-07 17:28:26 UTC,All values/adjustments are in strokes-gained vs average PGA Tour field per round.
2026-07-13T05:31:47+00:00,32,-0.0014170720537796,0,0.54321628152826,-0.0234950863597509,-0.0479091148982658,USA,-0.120186852982917,-0.0035746796348085,0.0045017647577834,17543,0.0602901064246945,-0.0137882079403595,0.472889355349128,-0.0714042012580167,"Kim, Michael",150,2.72330122294408,0.0401119709721437,0.0301281600719292,0.0009270851229748,-0.02490230277368171,0.0050120854641979,The Renaissance Club,Genesis Scottish Open,2026-07-07 17:28:26 UTC,All values/adjustments are in strokes-gained vs average PGA Tour field per round.
2026-07-13T05:31:47+00:00,30,0.0113636511428687,0,0.438440247450055,-0.026811104750676,0.0034321618294496,USA,-0.168385778292548,0.0071493592696171,-0.0350313548249172,25569,-0.011964894820439,0.0431023446010189,0.465621786497659,-0.0233789429212264,"Stevens, Sam",150,2.71839130417192,0.209784813351522,-0.0331802980682548,-0.0278819955553001,0.007758506859353503,0.0277226396099623,The Renaissance Club,Genesis Scottish Open,2026-07-07 17:28:26 UTC,All values/adjustments are in strokes-gained vs average PGA Tour field per round.
2026-07-13T05:31:47+00:00,21,0.0475148396133881,0,0.127821444009377,-0.0021116598286498,0.0230200687102447,RSA,-0.173870016905693,-0.02502275744366,-0.0116464247164235,27900,0.14419555863223,0.162330142836813,0.454183881836382,0.0209084088815948,"Potgieter, Aldrich",150,2.87233145660234,0.0200799379390891,0.0660137485760281,-0.0366691821600835,0.3274341103506378,0.0758590004136383,The Renaissance Club,Genesis Scottish Open,2026-07-07 17:28:26 UTC,All values/adjustments are in strokes-gained vs average PGA Tour field per round.
2026-07-13T05:31:47+00:00,36,-0.0156584493300449,0,0.509882591868696,-0.0260680127602002,0.0022860904886826,USA,-0.10083814273866,-0.0449605453601703,0.0,16243,0.0515397890032155,0.0462215439130953,0.453345166318334,-0.0237819222715176,"Koepka, Brooks",150,2.80311013742216,-0.0090464813835021,0.0745653551882138,-0.0449605453601703,0.0739794106447932,-0.0345785725709923,The Renaissance Club,Genesis Scottish Open,2026-07-07 17:28:26 UTC,All values/adjustments are in strokes-gained vs average PGA Tour field per round.
2026-07-13T05:31:47+00:00,27,0.0212230661802831,0,0.679091328368215,-0.0423651461633103,-0.0300356351023999,FIN,0.0588115001604967,-0.0449605453601703,0.0,20085,-0.0004330116901327,-0.0308016383724991,0.450620914210502,-0.0724007812657103,"Lindell, Oliver",150,2.69380021773966,-0.189055820844554,0.0206473870048625,-0.0449605453601703,-0.1036354313283421,0.0084994300297109,The Renaissance Club,Genesis Scottish Open,2026-07-07 17:28:26 UTC,All values/adjustments are in strokes-gained vs average PGA Tour field per round.
2026-07-13T05:31:47+00:00,39,-0.0298998266063102,0,0.721388164913292,-0.0305197012011285,-0.0290408320603483,USA,-0.0354585337812755,0.0393214759828943,-0.0031111219027893,8825,-0.0929852947512991,-0.045134482231383,0.432685814108944,-0.0595605332614768,"Harman, Brian",150,2.6974183604101,0.0673412376922485,-0.0397976018590691,0.036210354080105,-0.19768031024415889,-0.0894176700858871,The Renaissance Club,Genesis Scottish Open,2026-07-07 17:28:26 UTC,All values/adjustments are in strokes-gained vs average PGA Tour field per round.
2026-07-13T05:31:47+00:00,29,0.0128243052224856,0,0.123804746995396,-0.0343450678881179,0.0450895559713285,RSA,-0.0077969107130201,-0.0449605453601703,0.0,19421,0.001047145184775,0.0598595033236155,0.425356194776939,0.0107444880832106,"Du Plessis, Hennie",150,2.7633401873081,0.189625735291019,0.0796728353209019,-0.0449605453601703,0.07165113659160109,0.000534891428726,The Renaissance Club,Genesis Scottish Open,2026-07-07 17:28:26 UTC,All values/adjustments are in strokes-gained vs average PGA Tour field per round.
2026-07-13T05:31:47+00:00,33,-0.0047035437329177,0,0.321138901185616,-0.0228171884871892,0.0347850734688817,ENG,0.0589338393265957,0.0822176316005972,0.0024954285870332,18586,-0.0709261279227442,0.0265270541201263,0.421851300312035,0.0119678849816924,"Smith, Jordan",150,2.74992725875293,0.134656886410337,-0.182345101135675,0.0847130601876305,-0.03243118882092551,0.0418884468913744,The Renaissance Club,Genesis Scottish Open,2026-07-07 17:28:26 UTC,All values/adjustments are in strokes-gained vs average PGA Tour field per round.
2026-07-13T05:31:47+00:00,38,-0.0244223738077467,0,0.788139638784984,-0.0180355705765424,-0.0425074403933986,CAN,-0.139198889058443,0.05004551488732,0.0394556021130002,13126,-0.080234566155675,-0.0442182209262631,0.369770971465226,-0.0605430109699411,"Taylor, Nick",150,2.66130383855642,-0.0542682655724881,-0.0613674153901363,0.0895011170003202,-0.1849957980518792,-0.0436170424393854,The Renaissance Club,Genesis Scottish Open,2026-07-07 17:28:26 UTC,All values/adjustments are in strokes-gained vs average PGA Tour field per round.
2026-07-13T05:31:47+00:00,31,0.0040603807447839,0,0.129881919913682,0.0125714643895132,-0.0429213282935708,SCO,0.22688423852542,0.0661315732439586,-0.0036154263752622,25131,0.0258885968132871,-0.0097858428180011,0.367332645876447,-0.0303498639040576,"Hill, Calum",150,2.77538753341548,-0.058938745195437,0.0767956846025864,0.0625161468686963,-0.0142471099087716,-0.059619869674513,The Renaissance Club,Genesis Scottish Open,2026-07-07 17:28:26 UTC,All values/adjustments are in strokes-gained vs average PGA Tour field per round.
2026-07-13T05:31:47+00:00,32,-0.0014170720537796,0,0.178243708222546,0.0044495541436908,-0.0256283047115321,USA,-0.145629605737519,-0.0142987185392343,-0.0417457807463228,21944,0.0686420751454572,0.0491332993974339,0.359370121349363,-0.0211787505678413,"Moore, Taylor",150,2.76911619022338,0.197168756171077,0.0666770863331284,-0.056044499285557,0.0965966239750498,0.0237751237244185,The Renaissance Club,Genesis Scottish Open,2026-07-07 17:28:26 UTC,All values/adjustments are in strokes-gained vs average PGA Tour field per round.
2026-07-13T05:31:47+00:00,27,0.0245095378594212,0,0.156286145465995,-0.010957186074797,0.0190252233607563,DEN,0.0466084992186001,-0.02502275744366,-0.0059739640855842,23841,-0.0587049938427984,0.0240778844712805,0.34350877020241,0.0080680372859592,"Neergaard-Petersen, Rasmus",150,2.76019767274392,0.132840643140564,0.03870151560332,-0.0309967215292442,-0.026559072085558695,0.0021182225293134,The Renaissance Club,Genesis Scottish Open,2026-07-07 17:28:26 UTC,All values/adjustments are in strokes-gained vs average PGA Tour field per round.
2026-07-13T05:31:47+00:00,27,0.0204927391404746,0,0.271345622693337,-0.0138356353342398,0.0046118753949345,TPE,-0.126732416786227,0.0071493592696171,-0.0284992751166146,17881,0.0022971727783351,0.0488282744333604,0.337682779183823,-0.0092237599393052,"Yu, Kevin",150,2.73521651227595,0.0249948332700625,0.0782811208597494,-0.0213499158469974,0.0419016872723903,0.0487491085810339,The Renaissance Club,Genesis Scottish Open,2026-07-07 17:28:26 UTC,All values/adjustments are in strokes-gained vs average PGA Tour field per round.
2026-07-13T05:31:47+00:00,25,0.031812808257506,0,0.209612083257604,0.0146685837837808,-0.001404449028887,DEN,0.0717587041381823,0.0607695537917457,-0.0281745312329007,23838,0.145076687399313,0.101974559479714,0.331293664775307,0.0132641347548938,"Hojgaard, Rasmus",150,2.83316994615503,-0.0055114252818514,-0.264950329025366,0.032595022558845,0.2603153816339208,-0.0043385807635325,The Renaissance Club,Genesis Scottish Open,2026-07-07 17:28:26 UTC,All values/adjustments are in strokes-gained vs average PGA Tour field per round.
2026-07-13T05:31:47+00:00,28,0.0190320850608576,0,0.280483055619127,0.0220423356146519,-0.064145633388306,KOR,-0.149729391697395,0.0178733981740429,-0.0180159521359988,17488,-0.0440015640871928,-0.0053963135573458,0.328564674902572,-0.0421032977736541,"Im, Sungjae",150,2.75715446181645,0.145696803960559,0.10667077511413,-0.0001425539619559,-0.09150117541819269,0.0180550762254417,The Renaissance Club,Genesis Scottish Open,2026-07-07 17:28:26 UTC,All values/adjustments are in strokes-gained vs average PGA Tour field per round.
2026-07-13T05:31:47+00:00,25,0.0310824812176975,0,0.172360806035299,-0.0353735943062958,0.056691754403005,USA,-0.168385778292548,-0.0449605453601703,0.0,32457,0.0214319563083652,0.0800296818845242,0.32349718587588,0.0213181600967092,"Keefer, Johnny",150,2.80902178333535,0.146776609861667,0.0202527969357817,-0.0449605453601703,0.12277979828959859,0.0435910171885537,The Renaissance Club,Genesis Scottish Open,2026-07-07 17:28:26 UTC,All values/adjustments are in strokes-gained vs average PGA Tour field per round.
2026-07-13T05:31:47+00:00,36,-0.0171191034096619,0,0.0793094417917319,-0.0161152299253018,0.0142719912376676,DEN,0.0505099235268327,0.0822176316005972,0.0278677855997391,13412,0.0062472022667755,0.0052459279677919,0.313150284400135,-0.0018432386876342,"Olesen, Thorbjorn",150,2.72876300599962,0.097393315030308,-0.0626885339828236,0.110085417200336,0.009649891546933199,0.0460099326964791,The Renaissance Club,Genesis Scottish Open,2026-07-07 17:28:26 UTC,All values/adjustments are in strokes-gained vs average PGA Tour field per round.
2026-07-13T05:31:47+00:00,25,0.0332734623371229,0,0.409521827175937,-0.0027368818443357,-0.012052131097037,CAN,-0.15,-0.0449605453601703,0.0,29925,-0.0185312293983737,0.0451301980657556,0.307244795125629,-0.0147890129413727,"Yellamaraju, Sudarshan",150,2.77006158629687,0.0008697764562719,-0.0171063703406221,-0.0449605453601703,0.011809955726009201,0.06383668913108,The Renaissance Club,Genesis Scottish Open,2026-07-07 17:28:26 UTC,All values/adjustments are in strokes-gained vs average PGA Tour field per round.
2026-07-13T05:31:47+00:00,30,0.0113636511428686,0,0.149738425445539,-0.0156916524375173,0.0132910724413005,SCO,0.146261599195856,0.05004551488732,0.0388807205733738,21646,-0.132286168792883,-0.036437954936788,0.214760624233717,-0.0024005799962167,"Ferguson, Ewen",150,2.66847971200048,0.0270496259345743,0.0300223414741721,0.0889262354606938,-0.1711247037258877,-0.0674765506940989,The Renaissance Club,Genesis Scottish Open,2026-07-07 17:28:26 UTC,All values/adjustments are in strokes-gained vs average PGA Tour field per round.
2026-07-13T05:31:47+00:00,33,-0.0039732166931093,0,-0.0500507459500391,0.0394415197915261,0.0082287748396782,SWE,0.0714905452904795,-0.0449605453601703,0.0,20084,0.091487302424246,0.113480518274944,0.1984053467194,0.0476702946312043,"Lindberg, Mikael",150,2.86409177051127,0.0930422427155543,-0.136928185272114,-0.0449605453601703,0.2526381153303943,0.0171471366584049,The Renaissance Club,Genesis Scottish Open,2026-07-07 17:28:26 UTC,All values/adjustments are in strokes-gained vs average PGA Tour field per round.
2026-07-13T05:31:47+00:00,39,-0.0306301536461187,0,0.210556620680025,-0.0271447021886457,0.0117416927258717,ENG,0.248975043818686,-0.0142987185392343,0.0090266622494424,13764,-0.0593942888867414,-0.0489720991787702,0.186498767299718,-0.015403009462774,"Parry, John",150,2.66395552190012,-0.0037204159768641,-0.136887394950706,-0.0052720562897918,-0.1237693975282856,0.0272465211927737,The Renaissance Club,Genesis Scottish Open,2026-07-07 17:28:26 UTC,All values/adjustments are in strokes-gained vs average PGA Tour field per round.
2026-07-13T05:31:47+00:00,28,0.0186669215409534,0,-0.324354847956118,0.0369870111453741,-0.0022260944952035,ESP,-0.0366876486104736,0.0071493592696171,0.0333259449053669,22259,0.141758659916406,0.0969091179255182,0.18121988220926,0.0347609166501706,"Del Rey, Alejandro",150,2.85132337405542,0.129166722341131,0.0588863797078193,0.0404753041749841,0.2734286944920948,0.0216383565188694,The Renaissance Club,Genesis Scottish Open,2026-07-07 17:28:26 UTC,All values/adjustments are in strokes-gained vs average PGA Tour field per round.
2026-07-13T05:31:47+00:00,28,0.0175714309812407,0,0.499696522432989,-0.024345614648241,-0.0153314465920109,USA,-0.139220866237618,-0.0142987185392343,0.0202704021489465,28635,-0.0429279820245598,-0.0322055124640766,0.165285885418495,-0.0396770612402519,"McCarty, Matt",150,2.73549667499749,-0.0690888038709954,-0.0828741733396163,0.0059716836097122,-0.1148105557288883,0.0480406475716714,The Renaissance Club,Genesis Scottish Open,2026-07-07 17:28:26 UTC,All values/adjustments are in strokes-gained vs average PGA Tour field per round.
2026-07-13T05:31:47+00:00,22,0.0424025503347288,0,0.204243071205028,-0.0294220948066201,0.0301609672220171,RSA,0.0226181699293508,-0.0449605453601703,0.0,26947,-0.0909909860661885,-0.0247928425885206,0.133598025323615,0.000738872415397,"Jarvis, Casey",150,2.76715798762575,0.101843100927202,-0.038896529092202,-0.0449605453601703,-0.1150449562393121,-0.0386068363810101,The Renaissance Club,Genesis Scottish Open,2026-07-07 17:28:26 UTC,All values/adjustments are in strokes-gained vs average PGA Tour field per round.
2026-07-13T05:31:47+00:00,28,0.0175714309812407,0,0.0110839361209496,0.0079495265451098,-0.0069892011520781,GER,-0.114148574116818,-0.0035746796348085,0.0093530565372989,20722,0.108994889624558,0.0546795281221329,0.127949365991234,0.0009603253930317,"Schmid, Matti",150,2.82368294338849,0.0131672740619819,0.0362075054356674,0.0057783769024903,0.1646347431397226,-0.0063453265340005,The Renaissance Club,Genesis Scottish Open,2026-07-07 17:28:26 UTC,All values/adjustments are in strokes-gained vs average PGA Tour field per round.
2026-07-13T05:31:47+00:00,30,0.0102681605831559,0,-0.0801790717594811,0.0254295764297259,0.0227424619615929,SWE,0.0409834557181947,0.0071493592696171,0.0199071798985868,26850,0.0572378031793559,0.0942231639522369,0.126599325735074,0.0481720383913187,"Svensson, Jesper",150,2.84728760620166,0.03483901417405,-0.0909749440271339,0.027056539168204,0.1996330055229115,-0.0150268336448269,The Renaissance Club,Genesis Scottish Open,2026-07-07 17:28:26 UTC,All values/adjustments are in strokes-gained vs average PGA Tour field per round.
2026-07-13T05:31:47+00:00,25,0.0318128082575059,0,0.265066740643312,-0.0021927500095568,-0.0156860091259435,USA,-0.168385778292548,-0.0449605453601703,0.0,27819,0.0046208840119678,0.0265384435084451,0.118397826252258,-0.0178787591355003,"Castillo, Ricky",150,2.72137589204712,0.1661998791427,-0.186718306865664,-0.0449605453601703,0.013280568384912601,0.0421024603422101,The Renaissance Club,Genesis Scottish Open,2026-07-07 17:28:26 UTC,All values/adjustments are in strokes-gained vs average PGA Tour field per round.
2026-07-13T05:31:47+00:00,33,-0.0025125626134923,0,0.300185444351994,-0.0278328182927501,0.013237708520214,AUT,-0.103242142417097,0.0071493592696171,0.0135749871048964,17511,-0.0533502463546574,-0.0104162373384824,0.105007324754933,-0.0145951097725361,"Straka, Sepp",150,2.77289642791582,0.119614835154692,-0.11748201374355,0.0207243463745136,-0.0783615934656759,-0.033918988886451,The Renaissance Club,Genesis Scottish Open,2026-07-07 17:28:26 UTC,All values/adjustments are in strokes-gained vs average PGA Tour field per round.
2026-07-13T05:31:47+00:00,33,-0.0017822355736839,0,-0.447003919222668,0.0279043344310086,0.0138016083331144,SCO,0.326650040059588,0.103665709409449,0.0947424135100741,16475,0.124920025672741,0.0415596679579788,0.0853357490369014,0.041705942764123,"Forrest, Grant",150,2.82343670391916,-0.0065470998270551,-0.139743045035534,0.198408122919523,0.20818563639484278,-0.052831750678112,The Renaissance Club,Genesis Scottish Open,2026-07-07 17:28:26 UTC,All values/adjustments are in strokes-gained vs average PGA Tour field per round.
2026-07-13T05:31:47+00:00,25,0.0321779717774102,0,0.250164385965512,0.0013285816862831,-0.0110726088581412,RSA,-0.0200070236547783,-0.0449605453601703,0.0,26991,-0.140522049056614,-0.0433291307199809,0.0604979351396494,-0.009744027171858,"Schaper, Jayden",150,2.68942587682158,0.143208217736322,-0.0757649006023802,-0.0449605453601703,-0.1935952069484529,-0.030724963773813,The Renaissance Club,Genesis Scottish Open,2026-07-07 17:28:26 UTC,All values/adjustments are in strokes-gained vs average PGA Tour field per round.
2026-07-13T05:31:47+00:00,31,0.0062513618642093,0,0.352946507860289,-0.0332617921028868,0.0115244892440261,USA,-0.168385778292548,-0.02502275744366,-0.0039497254297454,23505,-0.123309214040632,-0.0420733245531975,0.0433971187351365,-0.0217373028588606,"McGreevy, Max",150,2.67380602971747,0.0531501515036078,0.0425422081841104,-0.0289724828734055,-0.18711984145269012,-0.0270150080584367,The Renaissance Club,Genesis Scottish Open,2026-07-07 17:28:26 UTC,All values/adjustments are in strokes-gained vs average PGA Tour field per round.
2026-07-13T05:31:47+00:00,38,-0.0277088454868848,0,-0.0379435038935457,0.0002648051026608,-0.0120585898460187,ENG,0.173358017447013,0.0285974370784686,0.0004824627279284,17813,-0.0006398482184066,-0.0338973667369677,0.0347652074427697,-0.0117937847433579,"Armitage, Marcus",150,2.73556298159033,-0.0961454255118178,0.0282260386930642,0.0290798998063971,-0.046330999698732195,0.0122300260872759,The Renaissance Club,Genesis Scottish Open,2026-07-07 17:28:26 UTC,All values/adjustments are in strokes-gained vs average PGA Tour field per round.
2026-07-13T05:31:47+00:00,30,0.0091726700234432,0,0.231019299737749,-0.0273236980386103,0.0043036451779001,USA,-0.168385778292548,-0.0449605453601703,0.0,19846,-0.0034350756817118,-0.0199693176188341,0.0230255151434409,-0.0230200528607101,"Bauchou, Zach",150,2.69760694937211,-0.0316542305411384,0.0456273379623475,-0.0449605453601703,-0.046424446161256,0.0286312077750136,The Renaissance Club,Genesis Scottish Open,2026-07-07 17:28:26 UTC,All values/adjustments are in strokes-gained vs average PGA Tour field per round.
2026-07-13T05:31:47+00:00,40,-0.035742442924778,0,0.180005445141744,-0.0248241668333752,0.0174311712702724,AUT,-0.117754139138399,0.05004551488732,0.007488053207965,9531,-0.098602857849908,-0.0474732821268497,0.0137932461637804,-0.0073929955631028,"Wiesberger, Bernd",150,2.6933312714078,0.0101134617743931,0.129250478484056,0.057533568095285,-0.1534691355398605,-0.0561439897286594,The Renaissance Club,Genesis Scottish Open,2026-07-07 17:28:26 UTC,All values/adjustments are in strokes-gained vs average PGA Tour field per round.
2026-07-13T05:31:47+00:00,34,-0.0065293613324389,0,-0.464174184725949,0.0198122190884692,0.032924450460427,DEN,0.0405601052593597,-0.0035746796348085,0.0150919817614982,15676,0.0731975816982065,0.0772374559590681,-0.0165242597760254,0.0527366695488961,"Norgaard, Niklas",150,2.81150537536487,0.0573775968348793,0.115984088055773,0.0115173021266897,0.20317170720617073,0.0255684867994901,The Renaissance Club,Genesis Scottish Open,2026-07-07 17:28:26 UTC,All values/adjustments are in strokes-gained vs average PGA Tour field per round.
2026-07-13T05:31:47+00:00,33,-0.0047035437329177,0,-0.142109718131715,0.0164294973976838,0.0064944688861204,FRA,0.0591371840256597,0.0714935926961714,-0.0120570732872918,19960,-0.0263253720331659,0.0010672388435705,-0.0185311589804902,0.0229239662838043,"Pavon, Matthieu",150,2.73440502030422,-0.0654608421747596,0.0846413570656602,0.0594365194088796,-0.0023341669057911005,-0.0071379485355062,The Renaissance Club,Genesis Scottish Open,2026-07-07 17:28:26 UTC,All values/adjustments are in strokes-gained vs average PGA Tour field per round.
2026-07-13T05:31:47+00:00,31,0.0029648901850712,0,0.292574004615098,-0.0081128333813432,-0.0126116955773644,COL,-0.127812426829268,-0.0035746796348085,0.0123332003092519,22833,-0.0474852388873743,-0.0367870960013026,-0.0659841650971433,-0.0207245289587077,"Echavarria, Nico",150,2.77256441212636,-0.0810261183500474,-0.0563885588964954,0.0087585206744433,-0.1049968638473846,-5.76126485604955e-05,The Renaissance Club,Genesis Scottish Open,2026-07-07 17:28:26 UTC,All values/adjustments are in strokes-gained vs average PGA Tour field per round.
2026-07-13T05:31:47+00:00,36,-0.0178494304494703,0,-0.281209588638533,-0.006328912638579,0.0615379820589984,ENG,0.109401915333535,0.0285974370784686,-0.0393807719773933,14795,-0.0959665509718274,0.0057112060240837,-0.0789632960127242,0.0552090694204194,"Canter, Laurie",150,2.76894475430906,0.247393494806739,-0.0998126289211481,-0.0107833348989247,-0.03504627552732429,0.008942552282402,The Renaissance Club,Genesis Scottish Open,2026-07-07 17:28:26 UTC,All values/adjustments are in strokes-gained vs average PGA Tour field per round.
2026-07-13T05:31:47+00:00,32,0.0022345631452627,0,0.0195434916066259,-0.0357508805632983,0.057002041278309,USA,-0.168385778292548,-0.0449605453601703,0.0,22985,-0.132926314577899,-0.0139497359718469,-0.0930558914619327,0.0212511607150107,"Smotherman, Austin",150,2.7699518376434,0.199149847357286,0.0566691411790585,-0.0449605453601703,-0.1256248898347352,-0.0316817212627123,The Renaissance Club,Genesis Scottish Open,2026-07-07 17:28:26 UTC,All values/adjustments are in strokes-gained vs average PGA Tour field per round.
2026-07-13T05:31:47+00:00,31,0.0036952172248796,0,-0.215502467010419,-0.0146755349356598,0.0407490610561851,ENG,0.16123383688791,0.0071493592696171,0.0151326231422604,20766,-0.0548564378514377,-0.0382710385138785,-0.110372896130367,0.0260735261205253,"Brown, Dan",150,2.77592224753791,-0.0010792930672401,-0.0507065017679887,0.0222819824118776,-0.06705395024479091,0.0367582794354042,The Renaissance Club,Genesis Scottish Open,2026-07-07 17:28:26 UTC,All values/adjustments are in strokes-gained vs average PGA Tour field per round.
2026-07-13T05:31:47+00:00,33,-0.003608053173205,0,-0.0750317365590245,-0.0155636552246267,0.0215662225038482,FRA,-0.0263699160683267,0.0607695537917457,-0.0031050246271254,18770,0.0086715090674617,0.0023456609993472,-0.116361551731165,0.0060025672792215,"Rozner, Antoine",150,2.72949312240451,-0.0242437087653267,-0.0562819145311944,0.0576645291646203,0.0170197373460304,-0.0055104891447382,The Renaissance Club,Genesis Scottish Open,2026-07-07 17:28:26 UTC,All values/adjustments are in strokes-gained vs average PGA Tour field per round.
2026-07-13T05:31:47+00:00,26,0.0288915000982721,0,0.0145922397017561,-0.0015510448591549,-0.0055795727005503,JPN,-0.167986267653339,-0.0035746796348085,-0.0102123423135064,21074,0.0016598994233435,0.0039981757171423,-0.126277194248603,-0.0071306175597052,"Nakajima, Keita",150,2.74267591354797,-0.189876858302239,0.137432719397178,-0.013787021948315,-0.0014725424192194,0.0659290368773032,The Renaissance Club,Genesis Scottish Open,2026-07-07 17:28:26 UTC,All values/adjustments are in strokes-gained vs average PGA Tour field per round.
2026-07-13T05:31:47+00:00,41,-0.0386637510840119,0,-0.495107788537657,-0.0157659468162982,0.0545764330267525,ENG,0.140358291380362,0.0178733981740429,-0.0362939627537679,12426,0.0073249745772804,0.0030466714533685,-0.134601732781761,0.0388104862104543,"Waring, Paul",150,2.81944508781804,0.0856538271152557,0.162428345823426,-0.018420564579725,0.049182132241103196,-0.0200322251405141,The Renaissance Club,Genesis Scottish Open,2026-07-07 17:28:26 UTC,All values/adjustments are in strokes-gained vs average PGA Tour field per round.
2026-07-13T05:31:47+00:00,25,0.0329082988172187,0,-0.648154501828018,0.0319639724179587,0.0211533649314847,GER,0.0771067780953068,-0.0449605453601703,0.0,27588,0.0879637814947968,0.0765788234354755,-0.134832093308412,0.0531173373494434,"Schott, Freddy",150,2.91035066763624,0.115969885225123,0.105375639221641,-0.0449605453601703,0.2176599422797157,0.0092624102407715,The Renaissance Club,Genesis Scottish Open,2026-07-07 17:28:26 UTC,All values/adjustments are in strokes-gained vs average PGA Tour field per round.
2026-07-13T05:31:47+00:00,36,-0.0163887763698534,0,-0.0947894460414262,0.032464939708186,-0.0287790048294903,RSA,-0.0554740529740086,0.0714935926961714,0.0199749291099575,17550,0.0541152007851219,0.0063807148193069,-0.171920190360251,0.0036859348786956,"Van Rooyen, Erik",150,2.75414560324578,-0.264427661640273,0.160611745406007,0.091468521806129,0.0641818504831244,-0.057102371029951,The Renaissance Club,Genesis Scottish Open,2026-07-07 17:28:26 UTC,All values/adjustments are in strokes-gained vs average PGA Tour field per round.
2026-07-13T05:31:47+00:00,23,0.0402115692153034,0,-0.228131720748633,0.000195020867729,0.0136226075124812,FRA,-0.0398212665189579,-0.0142987185392343,-0.0098780892738737,27811,-0.0392346848082407,-0.020139578205892,-0.190020006739983,0.0138176283802102,"Couvra, Martin",150,2.74749350790974,0.108447467900184,-0.018810103999311,-0.024176807813108,-0.0455566346339225,0.0178174898584625,The Renaissance Club,Genesis Scottish Open,2026-07-07 17:28:26 UTC,All values/adjustments are in strokes-gained vs average PGA Tour field per round.
2026-07-13T05:31:47+00:00,39,-0.0284391725266932,0,-0.388596206934032,0.0114411292404967,0.0119222400376833,ENG,0.073027260764195,0.05004551488732,0.0382857573721256,15326,-0.0727139346406038,-0.0570455874357708,-0.221532988075406,0.0233633692781801,"Sullivan, Andy",150,2.74326272106077,0.0961907330914017,0.0347047391965076,0.0883312722594456,-0.10639615279819449,0.0096445388719639,The Renaissance Club,Genesis Scottish Open,2026-07-07 17:28:26 UTC,All values/adjustments are in strokes-gained vs average PGA Tour field per round.
2026-07-13T05:31:47+00:00,24,0.0340037893769314,0,-0.262406691194062,0.0084406229596319,-0.019757936762264,AUS,-0.0375,-0.02502275744366,-0.016388197361445,24304,0.125272573672136,0.0080331795384301,-0.233584016205027,-0.0113173138026321,"Vilips, Karl",150,2.77207734441485,-0.150168946431168,0.0634109418114441,-0.041410954805105,0.12198843940793402,0.0384994056289978,The Renaissance Club,Genesis Scottish Open,2026-07-07 17:28:26 UTC,All values/adjustments are in strokes-gained vs average PGA Tour field per round.
2026-07-13T05:31:47+00:00,41,-0.0368379334844907,0,-0.154915835176827,0.0171373478563269,-0.0056147412769088,FRA,-0.0326261395380356,0.0339594565306814,-0.0498978044026473,10201,-0.0145969735327359,-0.0153102240618535,-0.245615007747628,0.0115226065794181,"Guerrier, Julien",150,2.75722481244704,-0.0248083013792069,0.0232160249367633,-0.0159383478719658,-0.0183845910151713,0.0146801157813058,The Renaissance Club,Genesis Scottish Open,2026-07-07 17:28:26 UTC,All values/adjustments are in strokes-gained vs average PGA Tour field per round.
2026-07-13T05:31:47+00:00,37,-0.0211359021286084,0,0.404929978870329,-0.0115220733289072,-0.0662158847848045,USA,-0.105356636679761,0.0285974370784686,0.0239116890076987,14704,-0.181578312444112,-0.154403945098563,-0.257300639326998,-0.0777379581137117,"Putnam, Andrew",150,2.58970152882821,-0.115068075453017,0.0559861106431381,0.0525091260861673,-0.41372021565638667,-0.11544502500886,The Renaissance Club,Genesis Scottish Open,2026-07-07 17:28:26 UTC,All values/adjustments are in strokes-gained vs average PGA Tour field per round.
2026-07-13T05:31:47+00:00,26,0.0248747013793254,0,-0.216500769134159,-0.0222050112582108,0.0566964952103677,ENG,0.0181133166790527,0.0071493592696171,-0.0540322922808341,29971,-0.10234936799366,-0.009574480229818,-0.273871156199833,0.0344914839521569,"Bradbury, Dan",150,2.76890198280572,0.109904117594255,-0.0218469319804298,-0.046882933011217,-0.0774323642713211,-0.0641002934553393,The Renaissance Club,Genesis Scottish Open,2026-07-07 17:28:26 UTC,All values/adjustments are in strokes-gained vs average PGA Tour field per round.
2026-07-13T05:31:47+00:00,34,-0.0087203424518644,0,-0.737931288783584,0.0430974521867568,0.0041944636561922,SWE,0.1692533744269,0.05004551488732,0.0151632787634981,14780,0.125419430961082,0.0280961818498359,-0.28055905906121,0.0472919158429491,"Lagergren, Joakim",150,2.90137592951613,-0.0109853091758456,0.02325244399577,0.0652087936508181,0.20080752865386697,0.0185557406227294,The Renaissance Club,Genesis Scottish Open,2026-07-07 17:28:26 UTC,All values/adjustments are in strokes-gained vs average PGA Tour field per round.
2026-07-13T05:31:47+00:00,27,0.0223185567399958,0,-0.0317565340213496,-0.0130441132380668,0.0177062792830129,USA,-0.145648931096454,-0.0035746796348085,-0.0102812264459126,26653,0.0095178728352267,-0.0107075234245746,-0.282570740682811,0.004662166044946,"Eckroat, Austin",150,2.73003147983632,-0.21350387194826,0.0347346698979908,-0.0138559060807211,0.0034725154555981007,0.0616687603703891,The Renaissance Club,Genesis Scottish Open,2026-07-07 17:28:26 UTC,All values/adjustments are in strokes-gained vs average PGA Tour field per round.
2026-07-13T05:31:47+00:00,31,0.0062513618642092,0,-0.674996827012829,0.0247990005190328,0.0458302633706509,ENG,0.143617771035935,0.0178733981740429,0.0381776009217259,24185,0.0570626342390937,0.0379977651068411,-0.299181581479483,0.0706292638896837,"Mansell, Richard",150,2.88479156781871,0.126903504924785,-0.118305489352486,0.0560509990957687,0.1656896632356185,-0.0043925652704837,The Renaissance Club,Genesis Scottish Open,2026-07-07 17:28:26 UTC,All values/adjustments are in strokes-gained vs average PGA Tour field per round.
2026-07-13T05:31:47+00:00,34,-0.0065293613324389,0,-0.35519787199944,0.0092763648660086,0.0172659889435719,FRA,-0.0444944019606115,-0.02502275744366,-0.0181795783189388,14792,-0.0501546305448063,-0.0142585127407953,-0.338531432125697,0.0265423538095806,"Saddier, Adrien",150,2.78595282782587,0.225518592742944,-0.123484329569479,-0.0432023357625988,-0.037870789476021,0.0467290652319489,The Renaissance Club,Genesis Scottish Open,2026-07-07 17:28:26 UTC,All values/adjustments are in strokes-gained vs average PGA Tour field per round.
2026-07-13T05:31:47+00:00,31,0.0055210348244008,0,-0.438711283763244,0.0015092944338941,0.0367252083961591,FRA,-0.0172941466996236,-0.02502275744366,-0.0173157534651413,23733,-0.0633904159857286,0.0005107465934877,-0.340531808142044,0.0382345028300532,"LaCroix, Frederic",150,2.77744745523234,0.103367432959502,0.0782636876080937,-0.0423385109088013,-0.024645166562187702,-0.0046948556001835,The Renaissance Club,Genesis Scottish Open,2026-07-07 17:28:26 UTC,All values/adjustments are in strokes-gained vs average PGA Tour field per round.
2026-07-13T05:31:47+00:00,29,0.0139197957821983,0,-0.501137055874761,0.0191042114984334,-0.0183202890801935,ITA,-0.034987222715282,0.0822176316005972,0.0026505644044638,17357,0.0407218685627992,-0.0366960787774291,-0.36336924457653,0.0007839224182399,"Migliozzi, Guido",150,2.7529162873413,-0.0304785123761864,0.0970304143067335,0.084868196005061,0.004809712203609998,0.002605428092097,The Renaissance Club,Genesis Scottish Open,2026-07-07 17:28:26 UTC,All values/adjustments are in strokes-gained vs average PGA Tour field per round.
2026-07-13T05:31:47+00:00,41,-0.0375682605242992,0,0.120119602358189,-0.0145870459094498,0.0313783503644345,USA,-0.121265481683715,-0.0142987185392343,-0.0285590319171408,12423,-0.0185282609946315,-0.0115945184251446,-0.365173693130832,0.0167913044549847,"Kirk, Chris",150,2.72812275812074,0.0532171589685633,-0.23480850239933,-0.0428577504563751,-0.013331474964791399,-0.0886789844290742,The Renaissance Club,Genesis Scottish Open,2026-07-07 17:28:26 UTC,All values/adjustments are in strokes-gained vs average PGA Tour field per round.
2026-07-13T05:31:47+00:00,23,0.0383857516157823,0,0.212872811256696,-0.0190460789123337,-0.0151008780058572,JPN,-0.11411061422684,-0.0449605453601703,0.0,28268,-0.172856235326037,-0.121155825448845,-0.367779798506364,-0.0341469569181908,"Kaneko, Kota",150,2.63346525229331,-0.0905398745328538,-0.0173991650954015,-0.0449605453601703,-0.3281590176930728,-0.0238691444705034,The Renaissance Club,Genesis Scottish Open,2026-07-07 17:28:26 UTC,All values/adjustments are in strokes-gained vs average PGA Tour field per round.
2026-07-13T05:31:47+00:00,29,0.0157456133817195,0,-0.61382863615632,0.0256373015783012,0.0358352063370372,FRA,-0.0543446145283265,-0.02502275744366,0.0023626270806032,23416,-0.0364660478578112,0.0229710081202053,-0.379668626829069,0.0614725079153384,"Ravetto, David",150,2.7867057749282,0.216991809062145,0.0233538582662892,-0.0226601303630568,0.047977468177732505,0.0070960053307485,The Renaissance Club,Genesis Scottish Open,2026-07-07 17:28:26 UTC,All values/adjustments are in strokes-gained vs average PGA Tour field per round.
2026-07-13T05:31:47+00:00,36,-0.0160236128499492,0,-0.296817960293618,0.0262215653162862,-0.0127752030628356,USA,-0.168385778292548,-0.0449605453601703,0.0,18424,0.0047070381976125,0.00906176222728,-0.405214818006101,0.0134463622534506,"Roy, Kevin",150,2.78761288591206,0.134689188808234,-0.0284743566406807,-0.0449605453601703,0.0272151626783431,-0.0124569160557116,The Renaissance Club,Genesis Scottish Open,2026-07-07 17:28:26 UTC,All values/adjustments are in strokes-gained vs average PGA Tour field per round.
2026-07-13T05:31:47+00:00,54,-0.0974550777885941,0,-0.751659638914078,-0.0020963475199496,0.0289647478690529,IRL,0.15153664611302,0.0822176316005972,0.0398563875607782,5716,0.0699760613788315,-0.0307732641845167,-0.407867347566056,0.0268684003491033,"Harrington, Padraig",150,2.77334426653877,-0.108613945403483,0.218941761209053,0.122074019161375,0.0660711975434181,-0.0087623094867661,The Renaissance Club,Genesis Scottish Open,2026-07-07 17:28:26 UTC,All values/adjustments are in strokes-gained vs average PGA Tour field per round.
2026-07-13T05:31:47+00:00,39,-0.0306301536461187,0,0.0969912458813002,-0.0026907417745716,0.0064123220135464,USA,-0.124464699678652,0.0285974370784686,-0.0221433309379145,11276,0.0425226757499395,-0.0212036114653336,-0.415003131198186,0.0037215802389748,"Horschel, Billy",150,2.74882373678874,-0.175257571292184,-0.146399471297484,0.0064541061405541,0.025040644523580704,-0.0667372318291823,The Renaissance Club,Genesis Scottish Open,2026-07-07 17:28:26 UTC,All values/adjustments are in strokes-gained vs average PGA Tour field per round.
2026-07-13T05:31:47+00:00,36,-0.0152932858101408,0,-0.624299044866459,0.0259596202772149,0.0073541177881702,RSA,-0.0725959440019533,0.0178733981740429,-0.0309996331217686,11955,0.155972292374847,0.0439810005071084,-0.415734350559076,0.0333137380653852,"Frittelli, Dylan",150,2.82341391260927,-0.0072990730433929,0.0388193098218662,-0.0131262349477257,0.2332670309473406,0.0447928913413891,The Renaissance Club,Genesis Scottish Open,2026-07-07 17:28:26 UTC,All values/adjustments are in strokes-gained vs average PGA Tour field per round.
2026-07-13T05:31:47+00:00,29,0.0131894687423899,0,-0.641038858081806,-0.0030534328046099,0.0541588086149176,RSA,0.0264525461331484,0.0178733981740429,0.0162025933517935,18105,-0.0242098376264131,-0.0275701399855265,-0.476890835110351,0.0511053758103076,"Lawrence, Thriston",150,2.80150410917308,0.12398078578487,-0.025802071211265,0.0340759915258364,-0.0006746018016320007,-0.0070740962018922,The Renaissance Club,Genesis Scottish Open,2026-07-07 17:28:26 UTC,All values/adjustments are in strokes-gained vs average PGA Tour field per round.
2026-07-13T05:31:47+00:00,37,-0.0196752480489915,0,-0.224166877394543,-0.0154671830866142,0.028814098392752,USA,-0.168385778292548,-0.02502275744366,-0.017647056619781,16333,-0.0051408676730845,-0.0344878161411168,-0.48302670333654,0.0133469153061378,"Hubbard, Mark",150,2.7288625604473,0.0023918285350902,0.0830106092592752,-0.042669814063441,-0.0262817685080635,-0.0872496548233185,The Renaissance Club,Genesis Scottish Open,2026-07-07 17:28:26 UTC,All values/adjustments are in strokes-gained vs average PGA Tour field per round.
2026-07-13T05:31:47+00:00,39,-0.029534663086406,0,-0.220235637193338,-0.0048600382688369,0.0009340853510075,ESP,-0.0317444435086145,0.05004551488732,-0.011005027312298,12988,0.0135779540344495,-0.0598504301106224,-0.484158711517963,-0.0039259529178294,"Elvira Mijares, Ignacio",150,2.71533826575801,-0.161236451579615,0.0581263975614628,0.039040487575022,-0.0501984289940023,-0.0883759722924719,The Renaissance Club,Genesis Scottish Open,2026-07-07 17:28:26 UTC,All values/adjustments are in strokes-gained vs average PGA Tour field per round.
2026-07-13T05:31:47+00:00,33,-0.003608053173205,0,-0.891725212083705,0.0433426098760053,0.0142202101581746,GER,0.0223630446914633,-0.0142987185392343,-0.0072489930383526,22231,0.017774490081496,0.0057693561002025,-0.579533312407413,0.0575628200341798,"Von Dellingshausen, Nicolai",150,2.81353765737694,0.114682954358817,0.113086305449356,-0.021547711577587,0.0811066662158783,0.0061086937115686,The Renaissance Club,Genesis Scottish Open,2026-07-07 17:28:26 UTC,All values/adjustments are in strokes-gained vs average PGA Tour field per round.
2026-07-13T05:31:47+00:00,33,-0.0025125626134924,0,-0.579273637724447,-0.0206284053972197,0.0183552078929373,ITA,-0.0143707074737989,-0.0035746796348085,0.0187642803503729,11460,-0.0305657385330086,-0.0965896335340592,-0.626057636681182,-0.0022731975042823,"Manassero, Matteo",150,2.7149128566319,0.0732374222705822,0.0249021188943442,0.0151896007155643,-0.12942856957135007,-0.0138013011785848,The Renaissance Club,Genesis Scottish Open,2026-07-07 17:28:26 UTC,All values/adjustments are in strokes-gained vs average PGA Tour field per round.
2026-07-13T05:31:47+00:00,45,-0.0569219270792238,0,0.202040914423935,-0.0021695766946778,-0.0303801046124785,USA,-0.103694658879026,-0.02502275744366,-0.0065210280964445,8820,-0.15179798511789,-0.138525126249516,-0.630867919397084,-0.0325496813071563,"Snedeker, Brandt",150,2.62376163622719,-0.204127405507803,0.0292016111199931,-0.0315437855401046,-0.32287279267456226,-0.142949875260293,The Renaissance Club,Genesis Scottish Open,2026-07-07 17:28:26 UTC,All values/adjustments are in strokes-gained vs average PGA Tour field per round.
2026-07-13T05:31:47+00:00,43,-0.0485231661214263,0,-0.447919020783275,-0.001891607912711,0.0594197307944652,ITA,0.0228658514083384,0.0339594565306814,-0.0238017667587809,7655,-0.102585037091482,-0.0446570266417585,-0.654545751478847,0.0575281228817542,"Molinari, Francesco",150,2.7457232573977,0.0877233147970343,-0.122375976494997,0.0101576897719005,-0.0897139408514863,-0.0667605032049361,The Renaissance Club,Genesis Scottish Open,2026-07-07 17:28:26 UTC,All values/adjustments are in strokes-gained vs average PGA Tour field per round.
2026-07-13T05:31:47+00:00,33,-0.002147399093588,0,-0.863197008419927,0.0313159877749629,0.0137206976356606,POL,-0.0800123006671836,0.0071493592696171,-0.0286314655631163,14196,0.124688341822162,0.0247484740260128,-0.688525385192438,0.0450366854106235,"Meronk, Adrian",150,2.83532460582429,0.012249232683446,0.0536492997577331,-0.0214821062934992,0.1944735012587983,0.0179413955817835,The Renaissance Club,Genesis Scottish Open,2026-07-07 17:28:26 UTC,All values/adjustments are in strokes-gained vs average PGA Tour field per round.
2026-07-13T05:31:47+00:00,44,-0.0503489837209475,0,-0.540421444820217,0.0347066093512106,-0.0221308590928444,RSA,-0.0116736488953547,-0.0142987185392343,-0.0218938896228688,7677,-0.0208529060635449,-0.0559107456209707,-0.706552583088322,0.0125757502583662,"Norris, Shaun",150,2.77004992827578,-0.15448617182482,0.172686958590553,-0.0361926081621031,-0.0641879014261494,-0.0219287828292827,The Renaissance Club,Genesis Scottish Open,2026-07-07 17:28:26 UTC,All values/adjustments are in strokes-gained vs average PGA Tour field per round.
2026-07-13T05:31:47+00:00,23,0.0387509151356866,0,-0.654184387634213,0.0232976848570475,0.0075365347291671,POR,-0.0696540165682444,-0.0449605453601703,0.0,27149,-0.0129534985957001,-0.0338558389439059,-0.762463391250284,0.0308342195862147,"Da Costa Rodrigues, Daniel",150,2.78031350273511,-0.0610191565162848,0.0501207295759697,-0.0449605453601703,-0.015975117953391297,-0.0055418119296359,The Renaissance Club,Genesis Scottish Open,2026-07-07 17:28:26 UTC,All values/adjustments are in strokes-gained vs average PGA Tour field per round.
2026-07-13T05:31:47+00:00,37,-0.0196752480489915,0,-0.578576334666106,0.0229393751599129,0.0147032532365917,NED,-0.0216679052987315,0.0071493592696171,-0.0090221857809594,13374,-0.0978994068607691,-0.0687183969622906,-0.80322539548398,0.0376426283965045,"Van Driel, Darius",150,2.76616158746329,-0.0525789365466933,0.0390335217545694,-0.0018728265113423,-0.12897517542655518,-0.038912490740129,The Renaissance Club,Genesis Scottish Open,2026-07-07 17:28:26 UTC,All values/adjustments are in strokes-gained vs average PGA Tour field per round.
2026-07-13T05:31:47+00:00,41,-0.0368379334844906,0,-0.639674108255,0.0300840285124725,-0.0171490669333187,CHN,-0.11261942338001,0.0714935926961714,0.0220603481070382,11763,-0.0273510387084289,-0.0787476671477296,-0.807652094889109,0.0129349615791538,"Wu, Ashun",150,2.72779389590448,-0.175539451603902,0.173070683094305,0.0935539408032096,-0.09316374427700469,-0.0164420577862163,The Renaissance Club,Genesis Scottish Open,2026-07-07 17:28:26 UTC,All values/adjustments are in strokes-gained vs average PGA Tour field per round.
2026-07-13T05:31:47+00:00,28,0.0193972485807619,0,-0.930186522253543,0.026644108781913,0.0417205448038692,ESP,-0.104063165470474,-0.02502275744366,-0.0196091357244243,24127,-0.0910455443309966,-0.033138480776464,-0.893460050964924,0.0683646535857822,"Hidalgo Portillo, Angel",150,2.82679513300464,0.130039527441606,0.0976984552853492,-0.0446318931680843,-0.0558193715216784,-0.0058943298588609,The Renaissance Club,Genesis Scottish Open,2026-07-07 17:28:26 UTC,All values/adjustments are in strokes-gained vs average PGA Tour field per round.
2026-07-13T05:31:47+00:00,33,-0.0043383802130135,0,-0.718039611830307,0.0178052344619292,0.0122975334847919,UAE,0.0133643408365548,0.0822176316005972,-0.0038375541297016,14975,-0.110476903882584,-0.104133780413616,-0.911362731868954,0.0301027679467211,"Otaegui, Adrian",150,2.75205083336826,-0.102003361387192,0.007333519448096,0.0783800774708955,-0.1845079163494789,-0.0015513998445088,The Renaissance Club,Genesis Scottish Open,2026-07-07 17:28:26 UTC,All values/adjustments are in strokes-gained vs average PGA Tour field per round.
2026-07-13T05:31:47+00:00,27,0.021223066180283,0,-0.957449338584153,0.0406620795027976,0.0265993634779964,JPN,-0.0696051651084988,-0.0142987185392343,-0.0576109622510409,20448,-0.0325700586698641,-0.0219668290752516,-0.925185579152537,0.067261442980794,"Katsuragawa, Yuto",150,2.83946220043721,0.107443132541974,0.0226899564373455,-0.0719096807902752,0.012724555235678309,0.0096978949351083,The Renaissance Club,Genesis Scottish Open,2026-07-07 17:28:26 UTC,All values/adjustments are in strokes-gained vs average PGA Tour field per round.
2026-07-13T05:31:47+00:00,25,0.0329082988172187,0,-1.18699799652975,0.0336732836546085,0.0539142939599657,KOR,0.0337952216232158,-0.0449605453601703,0.0,26580,0.103637532622065,0.0263573356272555,-0.949527902751401,0.0875875776145741,"Choi, Seungbin",150,2.90278223493263,-0.0258801477789231,0.0228903869125383,-0.0449605453601703,0.21758244586389458,0.0011344337005754,The Renaissance Club,Genesis Scottish Open,2026-07-07 17:28:26 UTC,All values/adjustments are in strokes-gained vs average PGA Tour field per round.
2026-07-13T05:31:47+00:00,33,-0.0047035437329177,0,-0.792083876961407,0.0326851377304714,0.0044505154021968,RSA,-0.0177149958152092,-0.0035746796348085,0.0005682282073249,16896,-0.006928451310224,-0.0565236381537747,-0.95846369908229,0.0371356531326682,"Kruyswijk, Jacques",150,2.72632177088847,-0.0702336089197866,-0.0164282770225832,-0.0030064514274836,-0.026316436331330503,-0.0279765088715727,The Renaissance Club,Genesis Scottish Open,2026-07-07 17:28:26 UTC,All values/adjustments are in strokes-gained vs average PGA Tour field per round.
2026-07-13T05:31:47+00:00,29,0.0135546322622941,0,-1.05747965627339,0.0471170183476345,-0.0275745088545504,USA,-0.162012889761148,0.0071493592696171,-0.009896082835618,19872,0.202748564192488,0.0044003311271577,-0.980057279641735,0.0195425094930841,"Riley, Davis",150,2.94388754944862,-0.0529507724429454,0.0758442065241191,-0.0027467235660008,0.2266914048127298,-0.0209574811973943,The Renaissance Club,Genesis Scottish Open,2026-07-07 17:28:26 UTC,All values/adjustments are in strokes-gained vs average PGA Tour field per round.
2026-07-13T05:31:47+00:00,44,-0.0536354554000857,0,-0.633040869289535,0.0259481394833337,0.0366243813215411,RSA,0.0958787756665345,-0.02502275744366,-0.008836113961647,7049,-0.0937662145255927,-0.0611913085414711,-0.986813327749733,0.0625725208048748,"Sterne, Richard",150,2.77801968447461,-0.0825994955166641,-0.147056400419351,-0.033858871405307,-0.09238500226218899,-0.0401160091231354,The Renaissance Club,Genesis Scottish Open,2026-07-07 17:28:26 UTC,All values/adjustments are in strokes-gained vs average PGA Tour field per round.
2026-07-13T05:31:47+00:00,40,-0.0346469523650653,0,-0.618223535592261,0.0307741093799783,0.028436965634522,NED,-0.231465653592772,0.05004551488732,-0.0050377987309388,10158,-0.0491954998511058,-0.0287830585190183,-0.987581308141883,0.0592110750145003,"Luiten, Joost",150,2.78436310684756,-0.03959161313547,0.0127524168603539,0.0450077161563812,-0.018767483355623803,-0.102646203117426,The Renaissance Club,Genesis Scottish Open,2026-07-07 17:28:26 UTC,All values/adjustments are in strokes-gained vs average PGA Tour field per round.
2026-07-13T05:31:47+00:00,30,0.0106333241030603,0,-0.871055569186151,0.0487733700246783,-0.0040110556476066,JPN,-0.0993150819281614,-0.02502275744366,-0.0008481965319939,19190,-0.0176368628715596,-0.0313936357078079,-1.00650706628601,0.0447623143770716,"Hoshino, Rikuya",150,2.7863076857684,-0.0524972520010909,0.0333348035202079,-0.025870953975654,-0.004268184202295897,0.0025318473840774,The Renaissance Club,Genesis Scottish Open,2026-07-07 17:28:26 UTC,All values/adjustments are in strokes-gained vs average PGA Tour field per round.
2026-07-13T05:31:47+00:00,26,0.0281611730584637,0,-1.14545453306784,0.0266086842210685,0.0268033336137947,USA,-0.168385778292548,-0.02502275744366,-0.0255191153213206,28469,0.0688006332426821,0.0013541932482828,-1.02897176057242,0.0534120178348632,"Highsmith, Joe",150,2.86590666072051,0.0926172059392858,0.0424430127603015,-0.0505418727649806,0.1235668443258281,0.0486221874690675,The Renaissance Club,Genesis Scottish Open,2026-07-07 17:28:26 UTC,All values/adjustments are in strokes-gained vs average PGA Tour field per round.
2026-07-13T05:31:47+00:00,42,-0.0437760403626712,0,-1.13442001802624,0.0589905837293862,0.0279435989872088,SCO,0.0532547415289422,0.0393214759828943,0.0064237202117077,11397,-0.0069912668786426,-0.0345025272365007,-1.02899968633032,0.086934182716595,"Jamieson, Scott",150,2.85393124241783,-0.0181234608348311,0.0708083258279948,0.0457451961946021,0.045440388601451706,-0.0479288192595626,The Renaissance Club,Genesis Scottish Open,2026-07-07 17:28:26 UTC,All values/adjustments are in strokes-gained vs average PGA Tour field per round.
2026-07-13T05:31:47+00:00,38,-0.0269785184470765,0,-1.05287700191782,0.0538199395318184,-0.0134864132912409,ENG,0.140206964055062,0.0178733981740429,-0.102707796114036,12920,0.0648398434455464,-0.0575485260859205,-1.03348010557321,0.0403335262405775,"Willett, Danny",150,2.79959752547487,-0.0839758156626909,0.0127440935265766,-0.0848343979399933,0.047624843600203394,0.0146097272125238,The Renaissance Club,Genesis Scottish Open,2026-07-07 17:28:26 UTC,All values/adjustments are in strokes-gained vs average PGA Tour field per round.
2026-07-13T05:31:47+00:00,31,0.0055210348244008,0,-1.35768793069779,0.0544645629818325,0.0168816477594953,AUS,0.0036422695156763,-0.0035746796348085,0.001710786308152,17786,0.123003175095557,0.0066876564009108,-1.10584736470492,0.0713462107413278,"Davis, Cam",150,2.97197146333108,0.248409663532323,-0.232221004145695,-0.0018638933266565,0.2010370422377956,0.0273154533550226,The Renaissance Club,Genesis Scottish Open,2026-07-07 17:28:26 UTC,All values/adjustments are in strokes-gained vs average PGA Tour field per round.
2026-07-13T05:31:47+00:00,34,-0.0098158330115771,0,-1.15357591989626,0.0618983889181966,0.0014135416524495,KOR,0.0337952216232158,-0.0035746796348085,-0.0039728166569923,13498,-0.0039178871123959,-0.0703985698034864,-1.18927289551674,0.0633119305706461,"Lee, Junghwan",150,2.81835204241829,-0.088620855578326,0.0083068240070276,-0.0075474962918009,-0.011004526345236187,0.0391896899762205,The Renaissance Club,Genesis Scottish Open,2026-07-07 17:28:26 UTC,All values/adjustments are in strokes-gained vs average PGA Tour field per round.
2026-07-13T05:31:47+00:00,23,0.0420373868148247,0,-1.16820448364333,0.0150290193016696,0.0343542633408027,RSA,0.0038188146768651,-0.0449605453601703,0.0,25890,0.0015478385460624,-0.0723670196301031,-1.21211387086041,0.0493832826424723,"Premlall, Yurav",150,2.7954824787617,-0.0759133711695912,0.0174036341429791,-0.0449605453601703,-0.021435898441568402,0.0351405921195853,The Renaissance Club,Genesis Scottish Open,2026-07-07 17:28:26 UTC,All values/adjustments are in strokes-gained vs average PGA Tour field per round.
2026-07-13T05:31:47+00:00,31,0.0062513618642094,0,-1.26219335590796,0.0470891556999736,0.0874500945378323,USA,-0.115239967309244,-0.0142987185392343,0.013775755069139,23892,-0.185905042352299,-0.0247821605372612,-1.21213229264649,0.134539250237806,"Gumberg, Jordan",150,2.88715072961391,0.289976454408306,0.014246040360977,-0.0005229634700953,-0.0761479526517542,-0.0685019099409288,The Renaissance Club,Genesis Scottish Open,2026-07-07 17:28:26 UTC,All values/adjustments are in strokes-gained vs average PGA Tour field per round.
2026-07-13T05:31:47+00:00,31,0.0069816889040177,0,-1.67741073287229,0.0356230797052961,0.0887275288750402,SCO,0.156876305547213,0.0929416705050229,0.0317941155545978,22089,0.0227459496279973,-0.0226354521287637,-1.2148323573644,0.124350608580336,"Syme, Connor",150,2.9238225381218,0.166625670735531,-0.101644034917197,0.124735786059621,0.1244611060795696,-0.0154581469008723,The Renaissance Club,Genesis Scottish Open,2026-07-07 17:28:26 UTC,All values/adjustments are in strokes-gained vs average PGA Tour field per round.
2026-07-13T05:31:47+00:00,33,-0.0032428896533007,0,-0.734310599200527,0.0294146527950033,-0.0128435949876069,USA,-0.131700941296139,-0.02502275744366,-0.0142236394106088,18628,-0.110283912085063,-0.139485320455427,-1.24906006803128,0.0165710578073964,"Campbell, Brian",150,2.74468156925935,-0.0711569403453375,0.0252612629725881,-0.0392463968542688,-0.2331981747330936,-0.0614653889212057,The Renaissance Club,Genesis Scottish Open,2026-07-07 17:28:26 UTC,All values/adjustments are in strokes-gained vs average PGA Tour field per round.
2026-07-13T05:31:47+00:00,27,0.0215882297001873,0,-1.08140517401046,0.0482273777640649,0.0183121756620266,KOR,0.0337952216232158,-0.0449605453601703,0.0,21072,-0.0417787539152067,-0.0796933875947434,-1.2835315807062,0.0665395534260915,"Ok, Taehoon",150,2.81024128936391,-0.0242142412714565,-0.15448298493623,-0.0449605453601703,-0.05493258808385859,0.0210805016325657,The Renaissance Club,Genesis Scottish Open,2026-07-07 17:28:26 UTC,All values/adjustments are in strokes-gained vs average PGA Tour field per round.
2026-07-13T05:31:47+00:00,34,-0.006529361332439,0,-1.15173296326137,0.0627429206676782,0.0097261097297757,USA,-0.073707338022338,0.0071493592696171,0.0083058992112427,20522,0.107273655267955,-0.0144972912687638,-1.36631838585501,0.072469030397454,"Veerman, Johannes",150,2.87251666365369,-0.178947640070233,-0.136696789780671,0.0154552584808599,0.1652453943966452,0.000595053734528,The Renaissance Club,Genesis Scottish Open,2026-07-07 17:28:26 UTC,All values/adjustments are in strokes-gained vs average PGA Tour field per round.
2026-07-13T05:31:47+00:00,45,-0.0583825811588405,0,-1.41942616936699,0.0615774502877976,0.0526159902439006,GER,0.0274008660415204,0.0285974370784686,0.0434835040725363,6950,-0.0121369873852327,-0.0399784391825869,-1.3845940487483,0.114193440531698,"Siem, Marcel",150,2.96022612409584,-0.012735893581446,-0.0157272218261522,0.0720809411510049,0.062078013963878395,-0.0398820039712788,The Renaissance Club,Genesis Scottish Open,2026-07-07 17:28:26 UTC,All values/adjustments are in strokes-gained vs average PGA Tour field per round.
2026-07-13T05:31:47+00:00,26,0.0285263365783677,0,-1.87707771171364,0.0739121953343935,0.0389294834140142,USA,-0.121939786100288,-0.02502275744366,-0.0114841008624412,32449,0.142661722442399,0.0214808111116585,-1.60004797960791,0.112841678748408,"Johnston, Ryggs",150,2.98079496496552,-0.0034417273168369,0.0542500492980036,-0.0365068583061012,0.2769842123024655,0.079157505650127,The Renaissance Club,Genesis Scottish Open,2026-07-07 17:28:26 UTC,All values/adjustments are in strokes-gained vs average PGA Tour field per round.
2026-07-13T05:31:47+00:00,28,0.0186669215409534,0,-1.82905243540924,0.0767868617548036,0.0374257535128284,RSA,-0.0234879786815859,-0.02502275744366,-0.0109087966102036,19429,0.0327526207445123,-0.0363965055454975,-1.6185307970098,0.114212615267632,"Naidoo, Dylan",150,2.90139677348674,0.0164357040768474,0.105184445389346,-0.0359315540538636,0.11056873046664681,0.0190853696610951,The Renaissance Club,Genesis Scottish Open,2026-07-07 17:28:26 UTC,All values/adjustments are in strokes-gained vs average PGA Tour field per round.
2026-07-13T05:31:47+00:00,49,-0.074084612514723,0,-1.23891561028018,0.042863364511519,0.0762683715036531,USA,-0.170791826949437,0.0178733981740429,-0.0080250457108178,5768,0.0746273334958264,-0.0151280449225699,-1.64665845016567,0.119131736015172,"Hoffman, Charley",150,2.92231804698175,0.071545698750755,-0.383379205968727,0.0098483524632249,0.1786310245884285,-0.0395122702550197,The Renaissance Club,Genesis Scottish Open,2026-07-07 17:28:26 UTC,All values/adjustments are in strokes-gained vs average PGA Tour field per round.
2026-07-13T05:31:47+00:00,43,-0.0459670214820966,0,-1.58027105770045,0.0600533148578647,0.0369500711413875,ESP,-0.199169866275017,0.05004551488732,-0.0884319632180695,9133,0.0562629397781609,-0.0628962179638156,-1.80558685688684,0.0970033859992522,"Larrazabal, Pablo",150,2.85055814493787,0.0151013860996369,0.0176846226879732,-0.0383864483307495,0.0903701078135975,-0.0649485796997356,The Renaissance Club,Genesis Scottish Open,2026-07-07 17:28:26 UTC,All values/adjustments are in strokes-gained vs average PGA Tour field per round.
2026-07-13T05:31:47+00:00,25,0.0329082988172185,0,-2.00656406858421,0.0714479634510364,0.0994394900702507,KOR,0.0337952216232158,-0.0449605453601703,0.0,27759,0.0781075148425914,0.0065770525771139,-2.0006724754244,0.170887453521287,"Kim, Baekjun",150,3.03259680698856,-0.0132912209543558,-0.259038744777533,-0.0449605453601703,0.2555720209409923,0.0009065628704467,The Renaissance Club,Genesis Scottish Open,2026-07-07 17:28:26 UTC,All values/adjustments are in strokes-gained vs average PGA Tour field per round.
2026-07-13T05:31:47+00:00,41,-0.0390289146039158,0,-2.33745862513727,0.0966313243941594,0.0672652421300384,RSA,-0.0098297737391954,-0.0035746796348085,-0.0166553929324136,13731,0.12107995753539,-0.0295641967123985,-2.26854325767192,0.163896566524198,"Strydom, Ockie",150,3.04060113428197,-0.0945478746879567,0.0083855202114202,-0.0202300725672222,0.2554123273471895,-0.0312458444949661,The Renaissance Club,Genesis Scottish Open,2026-07-07 17:28:26 UTC,All values/adjustments are in strokes-gained vs average PGA Tour field per round.
