am,country,datagolf_rank,dg_id,dg_skill_estimate,owgr_rank,player_name,primary_tour,updated_at
0,USA,1,18417,2.83475824136167,1,"Scheffler, Scottie",PGA,2026-10-05T18:55:11+00:00
0,USA,2,19483,1.71854668627886,9,"Burns, Sam",PGA,2026-10-05T18:55:11+00:00
0,ENG,3,17646,1.71474233708891,3,"Fitzpatrick, Matt",PGA,2026-10-05T18:55:11+00:00
0,NIR,4,10091,1.69812468595815,2,"McIlroy, Rory",PGA,2026-10-05T18:55:11+00:00
0,USA,5,14578,1.60481145032092,6,"Henley, Russell",PGA,2026-10-05T18:55:11+00:00
0,USA,6,15466,1.59049279150172,28,"Cantlay, Patrick",PGA,2026-10-05T18:55:11+00:00
0,USA,7,19895,1.58629249423411,10,"Schauffele, Xander",PGA,2026-10-05T18:55:11+00:00
0,USA,8,22085,1.57193322355155,11,"Morikawa, Collin",PGA,2026-10-05T18:55:11+00:00
0,ENG,9,12294,1.56835334904901,7,"Fleetwood, Tommy",PGA,2026-10-05T18:55:11+00:00
0,KOR,10,14609,1.5665097283017,14,"Kim, Si Woo",PGA,2026-10-05T18:55:11+00:00
0,USA,11,23604,1.55726654672347,5,"Clark, Wyndham",PGA,2026-10-05T18:55:11+00:00
0,USA,12,27774,1.53883455448043,8,"Gotterup, Chris",PGA,2026-10-05T18:55:11+00:00
0,SWE,13,23950,1.52976437531543,18,"Aberg, Ludvig",PGA,2026-10-05T18:55:11+00:00
0,USA,14,26651,1.42872537383795,4,"Young, Cameron",PGA,2026-10-05T18:55:11+00:00
0,USA,15,29433,1.42189526926827,20,"Bridgeman, Jacob",PGA,2026-10-05T18:55:11+00:00
0,JPN,16,13562,1.35516058347021,26,"Matsuyama, Hideki",PGA,2026-10-05T18:55:11+00:00
0,IRL,17,13900,1.3471048190384,39,"Lowry, Shane",PGA,2026-10-05T18:55:11+00:00
0,USA,18,17536,1.32307512698037,12,"Spaun, J.J.",PGA,2026-10-05T18:55:11+00:00
0,USA,19,19841,1.23734872412979,37,"DeChambeau, Bryson",LIV,2026-10-05T18:55:11+00:00
0,NOR,20,18841,1.2176267422533,13,"Hovland, Viktor",PGA,2026-10-05T18:55:11+00:00
0,AUS,21,6430,1.21298852028887,45,"Scott, Adam",PGA,2026-10-05T18:55:11+00:00
0,CHI,22,18079,1.18174446728093,35,"Niemann, Joaquin",LIV,2026-10-05T18:55:11+00:00
0,USA,23,29767,1.18160034064409,23,"Gerard, Ryan",PGA,2026-10-05T18:55:11+00:00
0,SCO,24,23323,1.17954603384492,19,"MacIntyre, Robert",PGA,2026-10-05T18:55:11+00:00
0,USA,25,18634,1.17466663917723,49,"McNealy, Maverick",PGA,2026-10-05T18:55:11+00:00
0,USA,26,14139,1.14965244408964,27,"Thomas, Justin",PGA,2026-10-05T18:55:11+00:00
0,USA,27,21891,1.13741294022926,41,"Kitayama, Kurt",PGA,2026-10-05T18:55:11+00:00
0,KOR,28,24766,1.12916237075982,32,"Kim, Tom",PGA,2026-10-05T18:55:11+00:00
0,SWE,29,10419,1.07485525136044,21,"Noren, Alex",PGA,2026-10-05T18:55:11+00:00
0,USA,30,29197,1.01665722656712,33,"Brennan, Michael",PGA,2026-10-05T18:55:11+00:00
0,USA,31,32319,1.01603269105506,57,"Koivun, Jackson",PGA,2026-10-05T18:55:11+00:00
0,ENG,32,20706,1.0006756349582,54,"Wallace, Matt",PGA,2026-10-05T18:55:11+00:00
0,USA,33,14838,0.975980982274777,29,"Reed, Patrick",EURO,2026-10-05T18:55:11+00:00
0,USA,34,29827,0.973655518318336,84,"James, Ben",PGA,2026-10-05T18:55:11+00:00
0,USA,35,24550,0.952388180983611,103,"Ghim, Doug",PGA,2026-10-05T18:55:11+00:00
0,USA,36,12965,0.939300887176236,48,"Fowler, Rickie",PGA,2026-10-05T18:55:11+00:00
0,ENG,37,18554,0.934709662963303,16,"Rai, Aaron",PGA,2026-10-05T18:55:11+00:00
0,USA,38,24968,0.934649001349331,25,"Griffin, Ben",PGA,2026-10-05T18:55:11+00:00
0,USA,39,19396,0.90687258050915,50,"Knapp, Jake",PGA,2026-10-05T18:55:11+00:00
0,USA,40,13872,0.90327448856721,51,"Bradley, Keegan",PGA,2026-10-05T18:55:11+00:00
0,ESP,41,19195,0.902216604141348,15,"Rahm, Jon",LIV,2026-10-05T18:55:11+00:00
0,AUS,42,16841,0.902183159010139,31,"Lee, Min Woo",PGA,2026-10-05T18:55:11+00:00
0,NOR,43,21407,0.884289211392456,30,"Reitan, Kristoffer",PGA,2026-10-05T18:55:11+00:00
0,USA,44,21554,0.881019130017383,38,"Poston, J.T.",PGA,2026-10-05T18:55:11+00:00
0,ENG,45,25362,0.849555748491372,56,"Fitzpatrick, Alex",EURO,2026-10-05T18:55:11+00:00
0,USA,46,26649,0.826566518746527,40,"Thorbjornsen, Michael",PGA,2026-10-05T18:55:11+00:00
0,KOR,47,17488,0.82505574835396,61,"Im, Sungjae",PGA,2026-10-05T18:55:11+00:00
0,ENG,48,6093,0.823177129992654,17,"Rose, Justin",PGA,2026-10-05T18:55:11+00:00
0,ESP,49,26745,0.821183559648013,55,"Chacarra, Eugenio",EURO,2026-10-05T18:55:11+00:00
0,USA,50,26096,0.803706105265069,34,"Bhatia, Akshay",PGA,2026-10-05T18:55:11+00:00
0,USA,51,17365,0.773061751083751,76,"Mitchell, Keith",PGA,2026-10-05T18:55:11+00:00
0,USA,52,18474,0.771761750332698,46,"Smalley, Alex",PGA,2026-10-05T18:55:11+00:00
0,USA,53,14577,0.738989007101167,44,"English, Harris",PGA,2026-10-05T18:55:11+00:00
0,NZL,54,11889,0.738597527763239,22,"Fox, Ryan",PGA,2026-10-05T18:55:11+00:00
0,USA,55,8825,0.714375769218834,68,"Harman, Brian",PGA,2026-10-05T18:55:11+00:00
0,USA,56,17543,0.701760497362638,64,"Kim, Michael",PGA,2026-10-05T18:55:11+00:00
0,CAN,57,17576,0.694944226867782,59,"Conners, Corey",PGA,2026-10-05T18:55:11+00:00
0,USA,58,14636,0.651685907510816,60,"Spieth, Jordan",PGA,2026-10-05T18:55:11+00:00
0,USA,59,16395,0.645187755019842,93,"Kohles, Ben",PGA,2026-10-05T18:55:11+00:00
0,TPE,60,17881,0.618509370137789,107,"Yu, Kevin",PGA,2026-10-05T18:55:11+00:00
0,USA,61,12577,0.614989757965207,42,"Woodland, Gary",PGA,2026-10-05T18:55:11+00:00
0,USA,62,14502,0.580757219034838,47,"Cauley, Bud",PGA,2026-10-05T18:55:11+00:00
0,AUS,63,17064,0.574571643441694,52,"Herbert, Lucas",LIV,2026-10-05T18:55:11+00:00
0,ENG,64,14796,0.560432148625771,24,"Hatton, Tyrrell",LIV,2026-10-05T18:55:11+00:00
0,ENG,65,27194,0.56023261376945,69,"Hall, Harry",PGA,2026-10-05T18:55:11+00:00
0,SCO,66,23708,0.548878775043708,87,"Scott, Sandy",KFT,2026-10-05T18:55:11+00:00
0,USA,67,17538,0.548549163776447,78,"Homa, Max",PGA,2026-10-05T18:55:11+00:00
0,USA,68,32457,0.540348165027135,62,"Keefer, Johnny",PGA,2026-10-05T18:55:11+00:00
0,NIR,69,22322,0.524128023580072,119,"McKibbin, Tom",LIV,2026-10-05T18:55:11+00:00
0,USA,70,27819,0.520224999854044,83,"Castillo, Ricky",PGA,2026-10-05T18:55:11+00:00
0,USA,71,19846,0.517656405510038,151,"Bauchou, Zach",PGA,2026-10-05T18:55:11+00:00
0,ENG,72,18586,0.51575627340348,73,"Smith, Jordan",PGA,2026-10-05T18:55:11+00:00
0,USA,73,29279,0.514088956436444,96,"Suber, Jackson",PGA,2026-10-05T18:55:11+00:00
0,RSA,74,18103,0.504685497469954,109,"Bezuidenhout, Christiaan",PGA,2026-10-05T18:55:11+00:00
0,BEL,75,14181,0.492851130088199,89,"Detry, Thomas",EURO,2026-10-05T18:55:11+00:00
0,USA,76,31192,0.484441965661092,72,"Steelman, Ross",KFT,2026-10-05T18:55:11+00:00
0,USA,77,27364,0.453732494654729,130,"Thompson, Davis",PGA,2026-10-05T18:55:11+00:00
0,DEN,78,25611,0.451464216436821,100,"Olesen, Jacob Skov",EURO,2026-10-05T18:55:11+00:00
0,USA,79,21756,0.443760196073733,81,"Cole, Eric",PGA,2026-10-05T18:55:11+00:00
0,USA,80,12423,0.441689286192283,111,"Kirk, Chris",PGA,2026-10-05T18:55:11+00:00
0,USA,81,16243,0.423768380567592,108,"Koepka, Brooks",PGA,2026-10-05T18:55:11+00:00
0,USA,82,32152,0.420822913247598,105,"Brown, Blades",KFT,2026-10-05T18:55:11+00:00
0,USA,83,11276,0.418125067202924,157,"Horschel, Billy",PGA,2026-10-05T18:55:11+00:00
0,USA,84,28159,0.415095282009326,91,"Meissner, Mac",PGA,2026-10-05T18:55:11+00:00
0,CAN,85,13126,0.413059400568455,88,"Taylor, Nick",PGA,2026-10-05T18:55:11+00:00
0,SCO,86,21646,0.412779470248748,173,"Ferguson, Ewen",EURO,2026-10-05T18:55:11+00:00
0,USA,87,17639,0.406646287439413,142,"Blair, Zac",PGA,2026-10-05T18:55:11+00:00
0,FIN,88,20085,0.402054785589228,114,"Lindell, Oliver",EURO,2026-10-05T18:55:11+00:00
0,JPN,89,22760,0.397731634193514,70,"Hisatsune, Ryo",PGA,2026-10-05T18:55:11+00:00
0,RSA,90,11952,0.382672107931672,261,"Grace, Branden",LIV,2026-10-05T18:55:11+00:00
0,AUS,91,7649,0.376085736386574,269,"Leishman, Marc",LIV,2026-10-05T18:55:11+00:00
0,USA,92,23475,0.363225060095308,86,"Novak, Andrew",PGA,2026-10-05T18:55:11+00:00
0,ENG,93,22465,0.356947306800447,53,"Penge, Marco",PGA,2026-10-05T18:55:11+00:00
0,PHI,94,23504,0.352922836420564,102,"Hoey, Rico",PGA,2026-10-05T18:55:11+00:00
0,JPN,95,21074,0.350177283935652,99,"Nakajima, Keita",PGA,2026-10-05T18:55:11+00:00
0,ESP,96,30445,0.34763966417912,123,"Ayora, Angel",EURO,2026-10-05T18:55:11+00:00
0,NZL,97,21362,0.339785335988729,101,"Hillier, Daniel",EURO,2026-10-05T18:55:11+00:00
0,FRA,98,20730,0.323259256669177,171,"Perez, Victor",LIV,2026-10-05T18:55:11+00:00
0,USA,99,18424,0.322271958566163,113,"Roy, Kevin",PGA,2026-10-05T18:55:11+00:00
0,MEX,100,18238,0.312702737673244,218,"Ancer, Abraham",LIV,2026-10-05T18:55:11+00:00
0,DEN,101,23841,0.312487788814933,77,"Neergaard-Petersen, Rasmus",PGA,2026-10-05T18:55:11+00:00
0,ARG,102,12808,0.30272468326476,112,"Grillo, Emiliano",PGA,2026-10-05T18:55:11+00:00
0,USA,103,28635,0.297347846153234,80,"McCarty, Matt",PGA,2026-10-05T18:55:11+00:00
0,USA,104,23465,0.295764159306747,95,"Greyserman, Max",PGA,2026-10-05T18:55:11+00:00
0,RSA,105,14424,0.286863267494007,203,"Burmester, Dean",LIV,2026-10-05T18:55:11+00:00
0,USA,106,19870,0.284905701725562,104,"McCarthy, Denny",PGA,2026-10-05T18:55:11+00:00
0,USA,107,15470,0.280876151908928,98,"Hossler, Beau",PGA,2026-10-05T18:55:11+00:00
0,USA,108,23014,0.28059969572563,90,"Theegala, Sahith",PGA,2026-10-05T18:55:11+00:00
0,AUT,109,17511,0.278024123853862,36,"Straka, Sepp",PGA,2026-10-05T18:55:11+00:00
0,USA,110,17606,0.269902998429792,65,"Berger, Daniel",PGA,2026-10-05T18:55:11+00:00
0,RSA,111,26947,0.267359660108105,58,"Jarvis, Casey",EURO,2026-10-05T18:55:11+00:00
0,AUS,112,9771,0.264559803144841,74,"Day, Jason",PGA,2026-10-05T18:55:11+00:00
0,USA,113,25157,0.253554505824769,137,"Hodges, Lee",PGA,2026-10-05T18:55:11+00:00
0,USA,114,6986,0.252263786455976,429,"Johnson, Zach",CHAMP,2026-10-05T18:55:11+00:00
0,ZIM,115,14559,0.249952589481209,154,"Vincent, Scott",LIV,2026-10-05T18:55:11+00:00
0,AUT,116,9531,0.217517164900311,147,"Wiesberger, Bernd",EURO,2026-10-05T18:55:11+00:00
0,ENG,117,13764,0.216060541940599,106,"Parry, John",PGA,2026-10-05T18:55:11+00:00
0,DEN,118,23602,0.215496844136866,43,"Hojgaard, Nicolai",PGA,2026-10-05T18:55:11+00:00
0,USA,119,29347,0.209574105966187,210,"Dossey, Cooper",KFT,2026-10-05T18:55:11+00:00
0,AUS,120,15856,0.209145197306584,150,"Smith, Cameron",LIV,2026-10-05T18:55:11+00:00
0,ESP,121,5689,0.200140624381981,141,"Garcia, Sergio",LIV,2026-10-05T18:55:11+00:00
0,NOR,122,15651,0.195789838034439,194,"Ventura, Kristoffer",PGA,2026-10-05T18:55:11+00:00
0,USA,123,16602,0.187717814802742,245,"Varner III, Harold",LIV,2026-10-05T18:55:11+00:00
0,IRL,124,10104,0.17481446680947,189,"Power, Seamus",PGA,2026-10-05T18:55:11+00:00
0,CAN,125,15556,0.173900589308635,167,"Hughes, Mackenzie",PGA,2026-10-05T18:55:11+00:00
0,COL,126,22833,0.172406853157256,63,"Echavarria, Nico",PGA,2026-10-05T18:55:11+00:00
0,USA,127,26657,0.167942869040697,75,"Fisk, Steven",PGA,2026-10-05T18:55:11+00:00
0,ESP,128,28984,0.164714039887931,82,"Puig, David",EURO,2026-10-05T18:55:11+00:00
0,FIN,129,23816,0.158960164901157,85,"Valimaki, Sami",PGA,2026-10-05T18:55:11+00:00
0,USA,130,6892,0.156686021681437,501,"Howell III, Charles",LIV,2026-10-05T18:55:11+00:00
0,USA,131,26653,0.150785490692178,216,"Eckroat, Austin",PGA,2026-10-05T18:55:11+00:00
0,USA,132,22985,0.133339813452211,67,"Smotherman, Austin",PGA,2026-10-05T18:55:11+00:00
0,DEN,133,23838,0.122377307618248,79,"Hojgaard, Rasmus",PGA,2026-10-05T18:55:11+00:00
0,KOR,134,14459,0.119735856266104,237,"An, Byeong Hun",LIV,2026-10-05T18:55:11+00:00
0,USA,135,28309,0.104170412746139,71,"Coody, Pierceson",PGA,2026-10-05T18:55:11+00:00
0,USA,136,25569,0.0912812825859183,66,"Stevens, Sam",PGA,2026-10-05T18:55:11+00:00
0,ENG,137,7108,0.0892851040264812,315,"Casey, Paul",LIV,2026-10-05T18:55:11+00:00
0,USA,138,32055,0.0879255435165034,159,"Shipley, Neal",PGA,2026-10-05T18:55:11+00:00
0,GER,139,16394,0.0774530817291479,127,"Jaeger, Stephan",PGA,2026-10-05T18:55:11+00:00
0,FRA,140,18770,0.0637513824208128,250,"Rozner, Antoine",EURO,2026-10-05T18:55:11+00:00
0,USA,141,23505,0.0621055063913323,131,"McGreevy, Max",PGA,2026-10-05T18:55:11+00:00
0,RSA,142,26991,0.0594276021253905,97,"Schaper, Jayden",EURO,2026-10-05T18:55:11+00:00
0,CHN,143,16757,0.0565330754336307,181,"Dou, Zecheng",PGA,2026-10-05T18:55:11+00:00
0,ENG,144,25601,0.0482674304704304,205,"Jordan, Matthew",EURO,2026-10-05T18:55:11+00:00
0,USA,145,23656,0.0440633523816081,192,"Young, Carson",KFT,2026-10-05T18:55:11+00:00
0,USA,146,29770,0.0430660153144397,146,"Mouw, William",PGA,2026-10-05T18:55:11+00:00
0,USA,147,30767,0.0372786545491416,295,"Gabrelcik, Nick",KFT,2026-10-05T18:55:11+00:00
0,DEN,148,13412,0.036611662164859,182,"Olesen, Thorbjorn",PGA,2026-10-05T18:55:11+00:00
0,SCO,149,25131,0.0276145268231248,155,"Hill, Calum",EURO,2026-10-05T18:55:11+00:00
0,CAN,150,29925,0.0275083612876471,115,"Yellamaraju, Sudarshan",PGA,2026-10-05T18:55:11+00:00
0,USA,151,6169,0.0244080267559812,223,"Kuchar, Matt",PGA,2026-10-05T18:55:11+00:00
0,ENG,152,16497,0.0239580191211106,140,"Dean, Joe",EURO,2026-10-05T18:55:11+00:00
0,USA,153,14704,0.0232432308081562,116,"Putnam, Andrew",PGA,2026-10-05T18:55:11+00:00
0,USA,154,16715,0.0217400865588986,283,"Ryder, Sam",PGA,2026-10-05T18:55:11+00:00
0,ENG,155,15326,0.0176073430829386,121,"Sullivan, Andy",EURO,2026-10-05T18:55:11+00:00
0,USA,156,28471,0.0169098438610877,235,"Shore, Davis",KFT,2026-10-05T18:55:11+00:00
0,USA,157,12422,0.0153379044599915,255,"Johnson, Dustin",LIV,2026-10-05T18:55:11+00:00
0,ESP,158,28473,0.0145502308304823,135,"Ballester, Jose Luis",LIV,2026-10-05T18:55:11+00:00
0,USA,159,25094,0.0031885496158086,251,"Fishburn, Patrick",PGA,2026-10-05T18:55:11+00:00
0,USA,160,27780,0.0009932591782065,176,"Crowe, Trace",PGA,2026-10-05T18:55:11+00:00
0,CAN,161,17780,4.39954386262445e-05,110,"Pendrith, Taylor",PGA,2026-10-05T18:55:11+00:00
0,GER,162,20722,-3.98263570268384e-05,92,"Schmid, Matti",PGA,2026-10-05T18:55:11+00:00
0,USA,163,5665,-0.0064959443282364,501,"Cink, Stewart",CHAMP,2026-10-05T18:55:11+00:00
0,ENG,164,14795,-0.0117381501053123,169,"Canter, Laurie",LIV,2026-10-05T18:55:11+00:00
0,CAN,165,21883,-0.0296339609634576,190,"Ewart, A.J.",PGA,2026-10-05T18:55:11+00:00
0,USA,166,27164,-0.0331737136472718,143,"Phillips, Chandler",PGA,2026-10-05T18:55:11+00:00
0,ENG,167,17813,-0.0345966263221456,164,"Armitage, Marcus",EURO,2026-10-05T18:55:11+00:00
0,ENG,168,28615,-0.044818315218294,326,"Bairstow, Sam",EURO,2026-10-05T18:55:11+00:00
0,USA,169,15120,-0.0522644931048383,230,"Johnson, Michael",KFT,2026-10-05T18:55:11+00:00
0,USA,170,31343,-0.0530516638955943,233,"Ford, David",PGA,2026-10-05T18:55:11+00:00
0,ENG,171,20766,-0.0572866825573849,138,"Brown, Dan",EURO,2026-10-05T18:55:11+00:00
0,DEN,172,15680,-0.0708907214095648,153,"Winther, Jeff",EURO,2026-10-05T18:55:11+00:00
0,JPN,173,19729,-0.0722918017462919,187,"Kanaya, Takumi",PGA,2026-10-05T18:55:11+00:00
1,USA,174,32064,-0.0728600965781951,501,"Russell, Miles",AM,2026-10-05T18:55:11+00:00
0,ITA,175,14987,-0.094687243039291,228,"Laporta, Francesco",EURO,2026-10-05T18:55:11+00:00
0,MEX,176,14735,-0.095862572156742,195,"Ortiz, Carlos",LIV,2026-10-05T18:55:11+00:00
0,BEL,177,13944,-0.0978150721333743,299,"Pieters, Thomas",LIV,2026-10-05T18:55:11+00:00
0,USA,178,31392,-0.10384690182612,272,"VanArragon, Caleb",KFT,2026-10-05T18:55:11+00:00
0,SWE,179,14780,-0.106527887540624,149,"Lagergren, Joakim",EURO,2026-10-05T18:55:11+00:00
1,USA,180,32089,-0.107384000684597,501,"Stout, Preston",AM,2026-10-05T18:55:11+00:00
0,USA,181,32550,-0.11369810360182,174,"Bryant, Davis",EURO,2026-10-05T18:55:11+00:00
0,GER,182,22736,-0.117334342090128,256,"Rosenmueller, Thomas",KFT,2026-10-05T18:55:11+00:00
0,USA,183,8820,-0.121906828500365,132,"Snedeker, Brandt",PGA,2026-10-05T18:55:11+00:00
0,USA,184,32593,-0.122339273464737,156,"Morrison, Tommy",KFT,2026-10-05T18:55:11+00:00
0,MEX,185,26190,-0.131917585178773,144,"Ortiz, Alvaro",KFT,2026-10-05T18:55:11+00:00
0,ITA,186,17357,-0.13466307388296,219,"Migliozzi, Guido",EURO,2026-10-05T18:55:11+00:00
0,USA,187,35308,-0.135393994784048,384,"Sides, William",KFT,2026-10-05T18:55:11+00:00
0,ESP,188,12988,-0.136920204152164,128,"Elvira Mijares, Ignacio",EURO,2026-10-05T18:55:11+00:00
0,CHN,189,15310,-0.137471382196986,122,"Li, Haotong",PGA,2026-10-05T18:55:11+00:00
0,USA,190,32312,-0.145342878299458,165,"Sherwood, Cole",KFT,2026-10-05T18:55:11+00:00
0,USA,191,11049,-0.147988343184078,488,"Simpson, Webb",PGA,2026-10-05T18:55:11+00:00
0,USA,192,21944,-0.151363411264094,188,"Moore, Taylor",PGA,2026-10-05T18:55:11+00:00
0,USA,193,21995,-0.158992008465005,285,"Springer, Hayden",PGA,2026-10-05T18:55:11+00:00
0,USA,194,15575,-0.160574833388588,148,"Hoge, Tom",PGA,2026-10-05T18:55:11+00:00
0,USA,195,28542,-0.163928850580976,224,"Hitt, Austin",KFT,2026-10-05T18:55:11+00:00
0,SWE,196,20084,-0.165285842307219,152,"Lindberg, Mikael",EURO,2026-10-05T18:55:11+00:00
0,KOR,197,21688,-0.170274309007024,193,"Kim, S.H.",KOR,2026-10-05T18:55:11+00:00
0,USA,198,16283,-0.175924608541232,125,"Rodgers, Patrick",PGA,2026-10-05T18:55:11+00:00
0,FRA,199,20727,-0.17876485671261,242,"Coussaud, Ugo",EURO,2026-10-05T18:55:11+00:00
0,USA,200,14698,-0.181473333801952,345,"Bramlett, Joseph",KFT,2026-10-05T18:55:11+00:00
0,USA,201,29970,-0.185960574125459,178,"Menante, Dylan",KFT,2026-10-05T18:55:11+00:00
0,USA,202,8480,-0.187592563408501,320,"Streelman, Kevin",PGA,2026-10-05T18:55:11+00:00
0,USA,203,11082,-0.190176179091154,421,"Burgoon, Bronson",KFT,2026-10-05T18:55:11+00:00
0,NED,204,10158,-0.191812644610344,196,"Luiten, Joost",EURO,2026-10-05T18:55:11+00:00
0,POL,205,14196,-0.192978214664802,145,"Meronk, Adrian",EURO,2026-10-05T18:55:11+00:00
0,USA,206,19840,-0.200297415180107,204,"Ramey, Chad",PGA,2026-10-05T18:55:11+00:00
0,USA,207,14509,-0.200324730357616,247,"Dahmen, Joel",PGA,2026-10-05T18:55:11+00:00
0,FRA,208,28157,-0.210947507228377,271,"Vaillant, Tom",EURO,2026-10-05T18:55:11+00:00
0,DEN,209,15676,-0.215740414912465,166,"Norgaard, Niklas",EURO,2026-10-05T18:55:11+00:00
0,AUS,210,24304,-0.220069532043634,211,"Vilips, Karl",PGA,2026-10-05T18:55:11+00:00
0,BEL,211,22002,-0.223982765022558,214,"Dumont De Chassart, Adrien",PGA,2026-10-05T18:55:11+00:00
0,NZL,212,24369,-0.224976328281389,202,"Kobori, Kazuma",EURO,2026-10-05T18:55:11+00:00
0,USA,213,18580,-0.229537883073908,400,"Gooch, Talor",LIV,2026-10-05T18:55:11+00:00
0,USA,214,24481,-0.235915970219779,120,"Redman, Doc",KFT,2026-10-05T18:55:11+00:00
0,USA,215,26953,-0.236573863951274,215,"Gilligan, Ian",KFT,2026-10-05T18:55:11+00:00
0,USA,216,15980,-0.238186569531535,136,"Lipsky, David",PGA,2026-10-05T18:55:11+00:00
0,FRA,217,10201,-0.238763405563454,238,"Guerrier, Julien",EURO,2026-10-05T18:55:11+00:00
0,USA,218,32330,-0.246293453542479,273,"Clanton, Luke",PGA,2026-10-05T18:55:11+00:00
0,FRA,219,19960,-0.249887261519283,262,"Pavon, Matthieu",PGA,2026-10-05T18:55:11+00:00
0,USA,220,7334,-0.260474980503149,415,"Watson, Bubba",LIV,2026-10-05T18:55:11+00:00
0,RSA,221,15229,-0.260713403058543,362,"Stone, Brandon",EURO,2026-10-05T18:55:11+00:00
0,RSA,222,7672,-0.264706489471819,501,"Oosthuizen, Louis",LIV,2026-10-05T18:55:11+00:00
0,USA,223,18635,-0.26796386903822,244,"Shelton, Robby",KFT,2026-10-05T18:55:11+00:00
0,ITA,224,26506,-0.26807909650195,222,"De Leo, Gregorio",EURO,2026-10-05T18:55:11+00:00
0,USA,225,19864,-0.287984370995589,264,"Hammer, Cole",KFT,2026-10-05T18:55:11+00:00
0,USA,226,7399,-0.289897747796158,129,"Glover, Lucas",PGA,2026-10-05T18:55:11+00:00
0,RSA,227,7677,-0.29338983352659,117,"Norris, Shaun",EURO,2026-10-05T18:55:11+00:00
0,USA,228,11676,-0.303408787369834,158,"Finau, Tony",PGA,2026-10-05T18:55:11+00:00
0,RSA,229,19421,-0.303686030378978,124,"Du Plessis, Hennie",EURO,2026-10-05T18:55:11+00:00
0,FRA,230,16652,-0.304525699986538,334,"Langasque, Romain",EURO,2026-10-05T18:55:11+00:00
0,USA,231,30856,-0.309573382029321,200,"Eichhorn, Hunter",KFT,2026-10-05T18:55:11+00:00
0,JPN,232,28268,-0.31953753175124,126,"Kaneko, Kota",EURO,2026-10-05T18:55:11+00:00
0,RSA,233,32473,-0.320331666589746,294,"Botha, Barend",KFT,2026-10-05T18:55:11+00:00
0,USA,234,16333,-0.323206907974087,163,"Hubbard, Mark",PGA,2026-10-05T18:55:11+00:00
0,USA,235,30620,-0.325787458271015,253,"Chatfield, Davis",PGA,2026-10-05T18:55:11+00:00
0,ESP,236,22259,-0.326908879484205,224,"Del Rey, Alejandro",EURO,2026-10-05T18:55:11+00:00
0,USA,237,16341,-0.332688054734335,306,"Peterson, Paul",PGA,2026-10-05T18:55:11+00:00
0,ENG,238,18027,-0.334775442342849,288,"Kimsey, Nathan",EURO,2026-10-05T18:55:11+00:00
0,USA,239,25036,-0.343980615591701,160,"Holt, Ian",KFT,2026-10-05T18:55:11+00:00
0,CAN,240,12413,-0.348047274882519,236,"Lee, Richard",LIV,2026-10-05T18:55:11+00:00
0,ITA,241,7655,-0.351153893510111,248,"Molinari, Francesco",EURO,2026-10-05T18:55:11+00:00
0,RSA,242,17550,-0.357136324474366,231,"Van Rooyen, Erik",PGA,2026-10-05T18:55:11+00:00
0,ENG,243,22608,-0.35758148499995,212,"Clements, Todd",EURO,2026-10-05T18:55:11+00:00
0,FRA,244,27811,-0.362087064140633,201,"Couvra, Martin",EURO,2026-10-05T18:55:11+00:00
1,USA,245,34445,-0.379311141215983,501,"Watts, Tyler",AM,2026-10-05T18:55:11+00:00
0,ESP,246,24127,-0.379718851030877,199,"Hidalgo, Angel",EURO,2026-10-05T18:55:11+00:00
0,JPN,247,24223,-0.380558750605557,177,"Sugiura, Yuta",KFT,2026-10-05T18:55:11+00:00
0,USA,248,15330,-0.381645639509203,246,"Griffin, Lanto",PGA,2026-10-05T18:55:11+00:00
0,COL,249,20770,-0.388772248007435,501,"Munoz, Sebastian",LIV,2026-10-05T18:55:11+00:00
0,VEN,250,13508,-0.396849788076579,209,"Vegas, Jhonattan",PGA,2026-10-05T18:55:11+00:00
0,USA,251,24837,-0.397993242993507,325,"Goodwin, Noah",KFT,2026-10-05T18:55:11+00:00
0,ITA,252,11460,-0.399750612228572,382,"Manassero, Matteo",EURO,2026-10-05T18:55:11+00:00
0,USA,253,32462,-0.403280758025881,240,"Butler, John Marshall",KFT,2026-10-05T18:55:11+00:00
0,ENG,254,12426,-0.405080298841317,366,"Waring, Paul",EURO,2026-10-05T18:55:11+00:00
0,USA,255,15004,-0.405366418691264,300,"Kim, Chan",KFT,2026-10-05T18:55:11+00:00
0,USA,256,31214,-0.407403981154868,412,"Francoeur, Chris",KFT,2026-10-05T18:55:11+00:00
0,USA,257,30463,-0.407675122978693,270,"Surratt, Caleb",LIV,2026-10-05T18:55:11+00:00
0,AUT,258,21677,-0.40800739651961,249,"Steinlechner, Maximilian",EURO,2026-10-05T18:55:11+00:00
0,RSA,259,27900,-0.412884633425817,94,"Potgieter, Aldrich",PGA,2026-10-05T18:55:11+00:00
1,USA,260,35481,-0.41388241512329,501,"Cowan, Ryder",AM,2026-10-05T18:55:11+00:00
0,USA,261,17723,-0.413931896732793,347,"Lower, Justin",PGA,2026-10-05T18:55:11+00:00
0,RSA,262,18174,-0.426497986114796,161,"Ritchie, JC",EURO,2026-10-05T18:55:11+00:00
0,RSA,263,17068,-0.431201609754364,220,"Daffue, MJ",EURO,2026-10-05T18:55:11+00:00
0,ESP,264,14016,-0.433334710863034,221,"Campillo, Jorge",EURO,2026-10-05T18:55:11+00:00
0,USA,265,24956,-0.440436575720932,133,"Blanchet, Chandler",PGA,2026-10-05T18:55:11+00:00
0,USA,266,21880,-0.440664120826621,309,"Cone, Trevor",KFT,2026-10-05T18:55:11+00:00
0,ENG,267,29971,-0.440799823308015,191,"Bradbury, Dan",EURO,2026-10-05T18:55:11+00:00
0,CAN,268,17381,-0.441034869311283,279,"Silverman, Ben",PGA,2026-10-05T18:55:11+00:00
0,USA,269,26913,-0.451833697253573,343,"Phillips, Trent",KFT,2026-10-05T18:55:11+00:00
0,USA,270,25319,-0.452452830671875,284,"VanDerLaan, John",PGA,2026-10-05T18:55:11+00:00
0,FRA,271,28239,-0.455928337705076,254,"Guillamoundeguy, Oihan",EURO,2026-10-05T18:55:11+00:00
0,USA,272,27820,-0.458715534933525,243,"Pak, John",KFT,2026-10-05T18:55:11+00:00
0,KOR,273,13923,-0.463572968659647,260,"Lee, Sang-hee",JPN,2026-10-05T18:55:11+00:00
0,RSA,274,7398,-0.467837572139569,501,"Schwartzel, Charl",LIV,2026-10-05T18:55:11+00:00
0,USA,275,11357,-0.483685895173375,241,"Uihlein, Peter",LIV,2026-10-05T18:55:11+00:00
0,JPN,276,14904,-0.488082442604788,327,"Kinoshita, Ryosuke",JPN,2026-10-05T18:55:11+00:00
0,SUI,277,15592,-0.489905775979434,293,"Girrbach, Joel",EURO,2026-10-05T18:55:11+00:00
0,SCO,278,14784,-0.495853115920431,275,"Law, David",EURO,2026-10-05T18:55:11+00:00
0,USA,279,23482,-0.505253425375308,498,"Sigg, Greyson",PGA,2026-10-05T18:55:11+00:00
0,SWE,280,26850,-0.50640944024987,197,"Svensson, Jesper",PGA,2026-10-05T18:55:11+00:00
0,USA,281,21943,-0.507304702793939,289,"Lebioda, Hank",PGA,2026-10-05T18:55:11+00:00
0,FRA,282,14792,-0.511531970350663,162,"Saddier, Adrien",EURO,2026-10-05T18:55:11+00:00
0,USA,283,18187,-0.51534957832193,404,"Duncan, Tyler",KFT,2026-10-05T18:55:11+00:00
0,NED,284,13374,-0.51576056530842,265,"Van Driel, Darius",EURO,2026-10-05T18:55:11+00:00
0,USA,285,32333,-0.51682738555794,356,"Buchanan, Jackson",KFT,2026-10-05T18:55:11+00:00
0,USA,286,22919,-0.534965565851932,389,"Cannon, Will",KFT,2026-10-05T18:55:11+00:00
0,USA,287,11019,-0.535792450096399,501,"Steele, Brendan",LIV,2026-10-05T18:55:11+00:00
0,USA,288,25442,-0.535955383293768,276,"Montgomery, Taylor",KFT,2026-10-05T18:55:11+00:00
0,ENG,289,10873,-0.540139016192625,308,"Skinns, David",PGA,2026-10-05T18:55:11+00:00
0,JPN,290,15756,-0.540260354620692,172,"Higa, Kazuki",JPN,2026-10-05T18:55:11+00:00
1,USA,291,32652,-0.541768760038832,501,"Akina, Kihei",AM,2026-10-05T18:55:11+00:00
0,FRA,292,23733,-0.542554882746334,310,"LaCroix, Frederic",EURO,2026-10-05T18:55:11+00:00
0,USA,293,25002,-0.54780490406493,428,"Wu, Dylan",PGA,2026-10-05T18:55:11+00:00
0,FRA,294,28465,-0.55149488346574,277,"Sale, Julien",CHA,2026-10-05T18:55:11+00:00
0,RSA,295,24342,-0.554120146358906,139,"Higgo, Garrick",PGA,2026-10-05T18:55:11+00:00
0,JPN,296,25797,-0.559391184064515,266,"Hosono, Yusaku",JPN,2026-10-05T18:55:11+00:00
0,USA,297,22050,-0.562491811130461,438,"Suh, Justin",KFT,2026-10-05T18:55:11+00:00
0,ITA,298,23549,-0.566131272667672,278,"Celli, Filippo",EURO,2026-10-05T18:55:11+00:00
0,ESP,299,26008,-0.569278802055133,183,"Elvira, Manuel",EURO,2026-10-05T18:55:11+00:00
0,USA,300,11451,-0.576189230044979,313,"Garnett, Brice",PGA,2026-10-05T18:55:11+00:00
0,USA,301,34995,-0.577659929656578,490,"Chirravuri, Mahanth",KFT,2026-10-05T18:55:11+00:00
0,FRA,302,18933,-0.578125156160625,186,"Gandon, Jeremy",KFT,2026-10-05T18:55:11+00:00
0,NZL,303,4871,-0.585240765247681,501,"Alker, Steven",CHAMP,2026-10-05T18:55:11+00:00
0,USA,304,33914,-0.587220647692402,501,"Goodman, Drew",PTA,2026-10-05T18:55:11+00:00
0,KOR,305,16160,-0.588087209749264,365,"Song, Younghan",JPN,2026-10-05T18:55:11+00:00
0,USA,306,24962,-0.590360954784833,170,"Docherty, Alistair",KFT,2026-10-05T18:55:11+00:00
0,JPN,307,12232,-0.59622390960437,350,"Ishikawa, Ryo",KFT,2026-10-05T18:55:11+00:00
0,ENG,308,24185,-0.597996520804462,292,"Mansell, Richard",EURO,2026-10-05T18:55:11+00:00
0,RSA,309,27947,-0.598925266774421,501,"Maas, Christiaan",KFT,2026-10-05T18:55:11+00:00
0,USA,310,20522,-0.599521907274083,332,"Veerman, Johannes",EURO,2026-10-05T18:55:11+00:00
0,JPN,311,14209,-0.600416619167459,440,"Kozuma, Jinichiro",JPN,2026-10-05T18:55:11+00:00
0,UAE,312,14975,-0.610036532318099,305,"Otaegui, Adrian",EURO,2026-10-05T18:55:11+00:00
0,TPE,313,19697,-0.614120637286041,335,"Wang, Wei-Hsuan",ASA,2026-10-05T18:55:11+00:00
0,USA,314,31257,-0.621788282982167,206,"Hitchner, Derek",KFT,2026-10-05T18:55:11+00:00
0,FRA,315,23416,-0.623986268403473,397,"Ravetto, David",EURO,2026-10-05T18:55:11+00:00
0,KOR,316,15366,-0.6241197121745,311,"Wang, Jeunghun",KOR,2026-10-05T18:55:11+00:00
0,USA,317,27996,-0.625101113789174,501,"Cummins, Quade",PGA,2026-10-05T18:55:11+00:00
0,ENG,318,4052,-0.629838101734076,378,"Westwood, Lee",LIV,2026-10-05T18:55:11+00:00
0,USA,319,24490,-0.641885837715192,373,"Galletti, Nicolo",KFT,2026-10-05T18:55:11+00:00
0,ENG,320,14666,-0.654884867257476,501,"Johnston, Andrew",EURO,2026-10-05T18:55:11+00:00
0,ENG,321,6516,-0.657463611191916,501,"Bland, Richard",LIV,2026-10-05T18:55:11+00:00
0,USA,322,19955,-0.659544376329548,348,"Pereira, Corey",PTA,2026-10-05T18:55:11+00:00
0,JPN,323,20448,-0.660833010932406,396,"Katsuragawa, Yuto",EURO,2026-10-05T18:55:11+00:00
0,SWE,324,25475,-0.661355192429677,290,"Nyholm, Pontus",PGA,2026-10-05T18:55:11+00:00
0,USA,325,25908,-0.665510818627074,234,"Whaley, Vince",PGA,2026-10-05T18:55:11+00:00
0,RSA,326,18105,-0.666345379515968,117,"Lawrence, Thriston",EURO,2026-10-05T18:55:11+00:00
0,ENG,327,19948,-0.674315249044274,391,"Taylor, Ben",KFT,2026-10-05T18:55:11+00:00
0,CHN,328,11763,-0.674659276781392,353,"Wu, Ashun",EURO,2026-10-05T18:55:11+00:00
0,JPN,329,22844,-0.674971925750972,370,"Kawamoto, Riki",JPN,2026-10-05T18:55:11+00:00
0,ENG,330,1435,-0.678553137573661,501,"Poulter, Ian",LIV,2026-10-05T18:55:11+00:00
0,SWE,331,20167,-0.681671458707667,198,"Blomstrand, Christofer",CHA,2026-10-05T18:55:11+00:00
0,KOR,332,11117,-0.682395558570115,375,"Noh, S.Y.",KFT,2026-10-05T18:55:11+00:00
0,USA,333,30814,-0.684357442749849,317,"Sargent, Gordon",PGA,2026-10-05T18:55:11+00:00
0,CAN,334,13997,-0.686050365895451,501,"Svensson, Adam",PGA,2026-10-05T18:55:11+00:00
0,ENG,335,15113,-0.689138059686813,411,"Pepperell, Eddie",EURO,2026-10-05T18:55:11+00:00
0,USA,336,23540,-0.691499977278155,351,"Andersen, Mason",KFT,2026-10-05T18:55:11+00:00
0,ENG,337,25588,-0.691904212600332,386,"Wilson, Andrew",CHA,2026-10-05T18:55:11+00:00
0,RSA,338,15193,-0.697712408135782,323,"Van Tonder, Daniel",EURO,2026-10-05T18:55:11+00:00
0,USA,339,26602,-0.698336996375649,339,"Trace, Travis",KFT,2026-10-05T18:55:11+00:00
0,CZE,340,26482,-0.703606653917496,501,"Jakubcik, Filip",KFT,2026-10-05T18:55:11+00:00
0,AUS,341,24200,-0.710288616278338,175,"Smylie, Elvis",EURO,2026-10-05T18:55:11+00:00
0,AUS,342,12734,-0.718994514971406,430,"Scrivener, Jason",EURO,2026-10-05T18:55:11+00:00
0,RSA,343,26000,-0.723373158896978,357,"Snyman, Ian",ASA,2026-10-05T18:55:11+00:00
0,CAN,344,13965,-0.725158436691098,342,"Hadwin, Adam",PGA,2026-10-05T18:55:11+00:00
0,USA,345,26124,-0.727648921440874,427,"Korte, Chris",KFT,2026-10-05T18:55:11+00:00
0,GER,346,27588,-0.735682979291217,229,"Schott, Freddy",EURO,2026-10-05T18:55:11+00:00
0,USA,347,14140,-0.736526099101935,381,"Higgs, Harry",PGA,2026-10-05T18:55:11+00:00
0,USA,348,32456,-0.737998668963305,267,"Ponder, Thomas",PTA,2026-10-05T18:55:11+00:00
0,SWE,349,18514,-0.741020476866382,376,"Kinhult, Marcus",EURO,2026-10-05T18:55:11+00:00
0,USA,350,31955,-0.743489820036686,462,"Van Paris, Jackson",KFT,2026-10-05T18:55:11+00:00
0,USA,351,29163,-0.743784359703337,217,"Card III, Jay",KFT,2026-10-05T18:55:11+00:00
0,ENG,352,9396,-0.750778607110304,501,"Fisher, Ross",EURO,2026-10-05T18:55:11+00:00
0,JPN,353,9099,-0.754153943879741,280,"Iwata, Hiroshi",JPN,2026-10-05T18:55:11+00:00
0,USA,354,18869,-0.75471577877105,478,"Lamb, Rick",KFT,2026-10-05T18:55:11+00:00
0,USA,355,35424,-0.754929694580196,501,"Potter, Luke",KFT,2026-10-05T18:55:11+00:00
0,NOR,356,17747,-0.756542232579009,422,"Halvorsen, Andreas",EURO,2026-10-05T18:55:11+00:00
0,USA,357,27420,-0.7626844021718,268,"Dickson, Taylor",KFT,2026-10-05T18:55:11+00:00
0,ESP,358,33839,-0.764865749540463,304,"Ereno Perez, Pablo",CHA,2026-10-05T18:55:11+00:00
0,USA,359,27183,-0.767115498055041,402,"Salinda, Isaiah",PGA,2026-10-05T18:55:11+00:00
0,TPE,360,15475,-0.775883023256698,501,"Pan, C.T.",PGA,2026-10-05T18:55:11+00:00
0,USA,361,28469,-0.776354740062167,258,"Highsmith, Joe",PGA,2026-10-05T18:55:11+00:00
0,JPN,362,10523,-0.778086128062774,451,"Nagano, Ryutaro",JPN,2026-10-05T18:55:11+00:00
0,USA,363,18628,-0.78272895110044,179,"Campbell, Brian",PGA,2026-10-05T18:55:11+00:00
0,USA,364,29324,-0.784225399974941,184,"Lamb, Davis",KFT,2026-10-05T18:55:11+00:00
0,USA,365,30732,-0.784704152669045,322,"Carr, Ben",KFT,2026-10-05T18:55:11+00:00
0,SWE,366,14018,-0.786659829056068,410,"Dantorp, Jens",EURO,2026-10-05T18:55:11+00:00
0,USA,367,14926,-0.787931106742525,501,"Malnati, Peter",PGA,2026-10-05T18:55:11+00:00
0,POR,368,18722,-0.788905752016956,291,"Gouveia, Ricardo",EURO,2026-10-05T18:55:11+00:00
0,USA,369,23610,-0.796901856065449,499,"Crocker, Sean",EURO,2026-10-05T18:55:11+00:00
0,USA,370,33760,-0.801499559655335,501,"Simpson, Lance",AM,2026-10-05T18:55:11+00:00
1,AUS,371,33106,-0.803954808898203,501,"Gilbert, Josiah",AM,2026-10-05T18:55:11+00:00
0,USA,372,19872,-0.805590930706141,134,"Riley, Davis",PGA,2026-10-05T18:55:11+00:00
0,DEN,373,20190,-0.806992428215088,501,"Helligkilde, Marcus",EURO,2026-10-05T18:55:11+00:00
0,KOR,374,27640,-0.811879366654041,333,"Song, Minhyuk",KOR,2026-10-05T18:55:11+00:00
0,CHN,375,29119,-0.815145622058272,252,"Zhou, Yanhan",EURO,2026-10-05T18:55:11+00:00
0,USA,376,13367,-0.818711752830279,423,"Merritt, Troy",PGA,2026-10-05T18:55:11+00:00
0,USA,377,14013,-0.82821883590325,501,"Tringale, Cameron",LIV,2026-10-05T18:55:11+00:00
0,CAN,378,14050,-0.829168608604598,479,"Sloan, Roger",KFT,2026-10-05T18:55:11+00:00
0,SCO,379,11397,-0.829781004920752,274,"Jamieson, Scott",EURO,2026-10-05T18:55:11+00:00
0,USA,380,14007,-0.832001457280109,487,"Martin, Ben",PGA,2026-10-05T18:55:11+00:00
0,GER,381,22087,-0.8337777751537,329,"Paul, Jeremy",KFT,2026-10-05T18:55:11+00:00
0,USA,382,19865,-0.834197040151909,501,"Hardy, Nick",PGA,2026-10-05T18:55:11+00:00
0,USA,383,6931,-0.838050751409072,501,"Byrd, Jonathan",PGA,2026-10-05T18:55:11+00:00
0,RSA,384,16896,-0.838404966945125,330,"Kruyswijk, Jacques",EURO,2026-10-05T18:55:11+00:00
0,USA,385,19430,-0.840004729072909,477,"Kozan, Andrew",KFT,2026-10-05T18:55:11+00:00
0,CZE,386,26710,-0.841453508748234,501,"Hruby, Petr",KFT,2026-10-05T18:55:11+00:00
0,MEX,387,12855,-0.847484863043434,501,"Rodriguez, Jose De Jesus",OWGR,2026-10-05T18:55:11+00:00
0,SWE,388,18517,-0.849050925550853,358,"Soderberg, Sebastian",EURO,2026-10-05T18:55:11+00:00
0,IND,389,12669,-0.850174986137863,501,"Lahiri, Anirban",LIV,2026-10-05T18:55:11+00:00
0,USA,390,11641,-0.851216146578547,259,"Kim, Anthony",LIV,2026-10-05T18:55:11+00:00
0,USA,391,33758,-0.855493451232868,314,"Harris, Frankie",KFT,2026-10-05T18:55:11+00:00
0,USA,392,25363,-0.860526078821556,497,"Buckley, Hayden",KFT,2026-10-05T18:55:11+00:00
0,USA,393,21889,-0.872690234846445,338,"Kang, Jeffrey",PGA,2026-10-05T18:55:11+00:00
0,ENG,394,24497,-0.880855824730627,401,"Robinson Thompson, Brandon",EURO,2026-10-05T18:55:11+00:00
0,FIN,395,13139,-0.883977628116424,341,"Pulkkanen, Tapio",CHA,2026-10-05T18:55:11+00:00
0,RSA,396,15993,-0.887146017433471,168,"Hollick, Michael",EURO,2026-10-05T18:55:11+00:00
0,ENG,397,12920,-0.890612482063298,380,"Willett, Danny",EURO,2026-10-05T18:55:11+00:00
0,ESP,398,7457,-0.894953001794021,257,"Cabrera Bello, Rafa",EURO,2026-10-05T18:55:11+00:00
0,USA,399,29318,-0.899812682945611,286,"McAllister, Logan",KFT,2026-10-05T18:55:11+00:00
0,USA,400,18761,-0.89984516370454,501,"Mullinax, Trey",PGA,2026-10-05T18:55:11+00:00
0,THA,401,23231,-0.902501165192759,476,"Maichon, Phichaksn",KFT,2026-10-05T18:55:11+00:00
0,POR,402,27149,-0.902708593528193,208,"Rodrigues, Daniel",EURO,2026-10-05T18:55:11+00:00
0,JPN,403,19681,-0.903375300515435,390,"Semikawa, Taiga",JPN,2026-10-05T18:55:11+00:00
0,CHN,404,17266,-0.904460296729045,501,"Yuan, Carl",KFT,2026-10-05T18:55:11+00:00
0,ARG,405,8571,-0.905758348140437,457,"Gomez, Fabian",KFT,2026-10-05T18:55:11+00:00
0,CHI,406,17422,-0.912679541742428,501,"Del Solar, Cristobal",KFT,2026-10-05T18:55:11+00:00
0,USA,407,23599,-0.914405171317047,393,"Westmoreland, Kyle",KFT,2026-10-05T18:55:11+00:00
0,AUS,408,19232,-0.917666441577075,185,"Smyth, Trav",LIV,2026-10-05T18:55:11+00:00
0,TPE,409,11738,-0.918156200669504,337,"Hung, Chien-Yao",TPGA,2026-10-05T18:55:11+00:00
0,USA,410,29708,-0.920228036500936,501,"Vrzich, Joey",PTA,2026-10-05T18:55:11+00:00
0,USA,411,29769,-0.92741166322569,475,"Moldovan, Maxwell",KFT,2026-10-05T18:55:11+00:00
0,USA,412,22986,-0.927541570686104,501,"Tuten, Shad",KFT,2026-10-05T18:55:11+00:00
0,JPN,413,13531,-0.929369280046306,360,"Kodaira, Satoshi",JPN,2026-10-05T18:55:11+00:00
0,USA,414,25003,-0.929542973766076,324,"Walker, Danny",PGA,2026-10-05T18:55:11+00:00
0,THA,415,14368,-0.929625654606083,368,"Janewattananond, Jazz",ASA,2026-10-05T18:55:11+00:00
0,USA,416,26126,-0.934893665652988,349,"Meissner, Mitchell",KFT,2026-10-05T18:55:11+00:00
0,SWE,417,10418,-0.935765913951392,501,"Lemke, Niklas",EURO,2026-10-05T18:55:11+00:00
0,SCO,418,11396,-0.937277158803032,466,"Ramsay, Richie",EURO,2026-10-05T18:55:11+00:00
0,KOR,419,28276,-0.937616478230547,232,"Jang, Yubin",KOR,2026-10-05T18:55:11+00:00
0,GER,420,22231,-0.937796995079062,316,"Von Dellingshausen, Nicolai",EURO,2026-10-05T18:55:11+00:00
0,SCO,421,27147,-0.939900163604355,491,"Walker, Euan",EURO,2026-10-05T18:55:11+00:00
0,KOR,422,7024,-0.942102653414521,501,"Choi, Jinho",KOR,2026-10-05T18:55:11+00:00
0,ARG,423,16786,-0.952278935200459,346,"Fernandez Valdes, Jorge",KFT,2026-10-05T18:55:11+00:00
0,THA,424,11958,-0.954610747808754,312,"Tangkamolprasert, Pavit",ATGT,2026-10-05T18:55:11+00:00
1,USA,425,30033515,-0.955273355137453,501,"Turner, Jack",AM,2026-10-05T18:55:11+00:00
0,ENG,426,15191,-0.965220668055785,367,"Southgate, Matthew",CHA,2026-10-05T18:55:11+00:00
0,USA,427,31272,-0.966037332266842,492,"Sewell, Chad",KFT,2026-10-05T18:55:11+00:00
0,USA,428,13127,-0.968920773164945,501,"Tway, Kevin",KFT,2026-10-05T18:55:11+00:00
0,USA,429,32562,-0.969197684113133,467,"Nikitas, Charlie",PTA,2026-10-05T18:55:11+00:00
0,SCO,430,25096,-0.971702531132584,501,"Fyfe, Calum",CHA,2026-10-05T18:55:11+00:00
0,KOR,431,17386,-0.973643359223194,239,"Mun, Doyeob",KOR,2026-10-05T18:55:11+00:00
0,USA,432,19477,-0.974347170545548,226,"Schenk, Adam",PGA,2026-10-05T18:55:11+00:00
0,KOR,433,25628,-0.974388377188243,501,"Bae, Yongjun",KOR,2026-10-05T18:55:11+00:00
0,FRA,434,25089,-0.975829622788711,501,"Mory, Felix",EURO,2026-10-05T18:55:11+00:00
0,JPN,435,28203,-0.976285341988448,377,"Iwasaki, Aguri",JPN,2026-10-05T18:55:11+00:00
0,JPN,436,22777,-0.98290548286532,435,"Katsumata, Ryo",JPN,2026-10-05T18:55:11+00:00
0,USA,437,26122,-0.98651054150449,374,"Flavin, Patrick",PTA,2026-10-05T18:55:11+00:00
0,KOR,438,23248,-0.988263838886689,501,"Jung, Chanmin",KOR,2026-10-05T18:55:11+00:00
0,NZL,439,24091,-0.991846523439128,472,"Voke, Nick",ASA,2026-10-05T18:55:11+00:00
0,JPN,440,19190,-0.992593307035505,501,"Hoshino, Rikuya",EURO,2026-10-05T18:55:11+00:00
0,JPN,441,13485,-0.994746143350361,450,"Imahira, Shugo",JPN,2026-10-05T18:55:11+00:00
0,USA,442,31212,-1.00248405306306,433,"Chandler, Will",KFT,2026-10-05T18:55:11+00:00
1,USA,443,35417,-1.00533458749068,501,"Jennings, William",AM,2026-10-05T18:55:11+00:00
0,KOR,444,23719,-1.00957028599636,465,"Shin, Sanghun",KOR,2026-10-05T18:55:11+00:00
0,JPN,445,20638,-1.01145744319359,496,"Ideriha, Taichiro",JPN,2026-10-05T18:55:11+00:00
0,USA,446,35065,-1.01431804217618,318,"Biwer, Justin",PTA,2026-10-05T18:55:11+00:00
0,ENG,447,11230,-1.01856162733628,459,"Horsey, David",CHA,2026-10-05T18:55:11+00:00
0,THA,448,12321,-1.0214221930108,388,"Aphibarnrat, Kiradech",EURO,2026-10-05T18:55:11+00:00
0,USA,449,18059,-1.02172532376066,352,"Suri, Julian",KFT,2026-10-05T18:55:11+00:00
0,USA,450,26660,-1.03112588966075,406,"Gordon, Will",KFT,2026-10-05T18:55:11+00:00
0,CHN,451,35546,-1.03411606195081,501,"Chang, Paul",PTA,2026-10-05T18:55:11+00:00
0,SWE,452,11657,-1.03994813284412,501,"Norlander, Henrik",PGA,2026-10-05T18:55:11+00:00
0,SCO,453,9586,-1.04040108520074,501,"Laird, Martin",PGA,2026-10-05T18:55:11+00:00
0,USA,454,27598,-1.04201523165434,336,"Nicholas, James",KFT,2026-10-05T18:55:11+00:00
0,USA,455,13470,-1.04282964209826,501,"Kizzire, Patton",PGA,2026-10-05T18:55:11+00:00
0,ARG,456,16796,-1.04581971511978,501,"Nunez, Augusto",KFT,2026-10-05T18:55:11+00:00
0,ITA,457,7033,-1.04644461468948,501,"Molinari, Edoardo",EURO,2026-10-05T18:55:11+00:00
0,KOR,458,26580,-1.04942569559113,420,"Choi, Seungbin",KOR,2026-10-05T18:55:11+00:00
0,DEN,459,22168,-1.04960905468681,399,"Brown, Hamish",CHA,2026-10-05T18:55:11+00:00
0,CAN,460,18571,-1.05065361757574,461,"Macdonald, Stuart",KFT,2026-10-05T18:55:11+00:00
0,RSA,461,25890,-1.05161032834466,298,"Premlall, Yurav",EURO,2026-10-05T18:55:11+00:00
0,CHN,462,26193,-1.05483148559895,297,"Ding, Wenyi",EURO,2026-10-05T18:55:11+00:00
0,COL,463,9171,-1.05546894732028,501,"Villegas, Camilo",PGA,2026-10-05T18:55:11+00:00
0,AUS,464,21152,-1.05567646390764,413,"Bautista, Austin",AFR,2026-10-05T18:55:11+00:00
0,USA,465,22051,-1.05593836598449,485,"Wise, Aaron",PGA,2026-10-05T18:55:11+00:00
0,CAN,466,26617,-1.05755961424634,403,"Anderson, Matthew",KFT,2026-10-05T18:55:11+00:00
0,IRL,467,5716,-1.0581638178511,501,"Harrington, Padraig",CHAMP,2026-10-05T18:55:11+00:00
0,GER,468,23112,-1.05905841428894,501,"De Bruyn, Jannik",CHA,2026-10-05T18:55:11+00:00
0,ITA,469,20844,-1.05934292665653,227,"Mazzoli, Stefano",EURO,2026-10-05T18:55:11+00:00
0,RSA,470,11955,-1.05991130144761,501,"Frittelli, Dylan",EURO,2026-10-05T18:55:11+00:00
1,USA,471,34075,-1.06090013215873,501,"Herendeen, Max",AM,2026-10-05T18:55:11+00:00
0,USA,472,35538,-1.06285236327906,501,"Kress, Matthew",AM,2026-10-05T18:55:11+00:00
0,USA,473,27625,-1.06634865569737,486,"Howe, Connor",PTA,2026-10-05T18:55:11+00:00
0,CHN,474,26764,-1.06956760620193,501,"Zheng, Sampson",ASA,2026-10-05T18:55:11+00:00
0,SCO,475,16475,-1.0711931545983,296,"Forrest, Grant",EURO,2026-10-05T18:55:11+00:00
0,USA,476,17570,-1.07524549796703,501,"Creel, Joshua",KFT,2026-10-05T18:55:11+00:00
0,USA,477,32521,-1.07851339103693,470,"Lewis, Riley",PTA,2026-10-05T18:55:11+00:00
0,SCO,478,34024,-1.08010819793356,501,"Adam, Cameron",EURO,2026-10-05T18:55:11+00:00
0,GER,479,12522,-1.08766985830249,355,"Schneider, Marcel",EURO,2026-10-05T18:55:11+00:00
0,ITA,480,16549,-1.08843237259185,340,"Paratore, Renato",EURO,2026-10-05T18:55:11+00:00
0,USA,481,25919,-1.09056207539789,501,"Wolff, Matthew",LIV,2026-10-05T18:55:11+00:00
1,USA,482,30037223,-1.09340106923177,501,"Leng, Jay",AM,2026-10-05T18:55:11+00:00
0,USA,483,19738,-1.09585396022848,464,"Dougherty, Kevin",KFT,2026-10-05T18:55:11+00:00
0,CAN,484,25567,-1.09739403296194,207,"Papineau, Etienne",PTA,2026-10-05T18:55:11+00:00
0,USA,485,25081,-1.09776812604369,501,"Humphrey, Theo",KFT,2026-10-05T18:55:11+00:00
0,PAR,486,9842,-1.09788153726212,436,"Zanotti, Fabrizio",EURO,2026-10-05T18:55:11+00:00
0,USA,487,23048,-1.10466071060776,372,"Stanger, Jimmy",PGA,2026-10-05T18:55:11+00:00
0,USA,488,29230,-1.10732884671898,501,"Piot, James",PTA,2026-10-05T18:55:11+00:00
0,USA,489,23542,-1.10837161876134,443,"Champ, Cameron",KFT,2026-10-05T18:55:11+00:00
1,USA,490,34966,-1.11142939388354,501,"Bertagnole, Carson",AM,2026-10-05T18:55:11+00:00
0,USA,491,35423,-1.11252323750149,501,"Summy, Jase",KFT,2026-10-05T18:55:11+00:00
0,KOR,492,21072,-1.11391355282601,331,"Ok, Taehoon",KOR,2026-10-05T18:55:11+00:00
0,JPN,493,12637,-1.11560328473806,395,"Asaji, Yosuke",JPN,2026-10-05T18:55:11+00:00
1,MAR,494,26080,-1.12114094427029,501,"Bresnu, Adam",AM,2026-10-05T18:55:11+00:00
1,USA,495,35479,-1.12378555345882,501,"Lee, Eric",AM,2026-10-05T18:55:11+00:00
0,JPN,496,25739,-1.12474045079894,319,"Yonezawa, Ren",JPN,2026-10-05T18:55:11+00:00
0,ARG,497,17032,-1.12718513597185,444,"Tosti, Alejandro",PGA,2026-10-05T18:55:11+00:00
0,RSA,498,15995,-1.14055206415527,501,"Moolman, Pieter",AFR,2026-10-05T18:55:11+00:00
0,ENG,499,34924,-1.14509311824762,501,"Forster, Charlie",CHA,2026-10-05T18:55:11+00:00
0,USA,500,19360,-1.15054927302211,501,"Atkins, Matt",KFT,2026-10-05T18:55:11+00:00
