dg_id,driving_acc,driving_dist,player_name,sg_app,sg_arg,sg_ott,sg_putt,sg_total,updated_at
18417,0.047,7.505,"Scheffler, Scottie",1.189,0.353,0.772,0.559,2.874,2026-09-28T17:51:08+00:00
19895,0.021,13.631,"Schauffele, Xander",0.74,0.079,0.863,0.179,1.862,2026-09-28T17:51:08+00:00
10091,-0.031,20.034,"McIlroy, Rory",0.766,0.107,0.862,0.102,1.837,2026-09-28T17:51:08+00:00
23950,0.0,11.307,"Aberg, Ludvig",0.857,0.112,0.532,0.235,1.737,2026-09-28T17:51:08+00:00
27774,-0.027,15.592,"Gotterup, Chris",0.554,0.111,0.731,0.31,1.705,2026-09-28T17:51:08+00:00
26651,0.003,13.237,"Young, Cameron",0.684,0.188,0.752,0.064,1.688,2026-09-28T17:51:08+00:00
17646,0.037,-1.503,"Fitzpatrick, Matt",0.634,0.391,0.082,0.539,1.646,2026-09-28T17:51:08+00:00
19483,-0.008,8.228,"Burns, Sam",0.641,0.053,0.307,0.587,1.588,2026-09-28T17:51:08+00:00
15466,0.013,3.956,"Cantlay, Patrick",0.959,0.174,0.38,0.026,1.539,2026-09-28T17:51:08+00:00
14609,0.08,-3.302,"Kim, Si Woo",0.802,0.269,0.382,0.066,1.519,2026-09-28T17:51:08+00:00
22085,0.086,-1.188,"Morikawa, Collin",0.7,0.014,0.514,0.284,1.512,2026-09-28T17:51:08+00:00
23604,-0.03,7.577,"Clark, Wyndham",0.478,0.312,0.208,0.476,1.474,2026-09-28T17:51:08+00:00
12294,0.07,-2.281,"Fleetwood, Tommy",0.557,0.296,0.325,0.233,1.41,2026-09-28T17:51:08+00:00
18079,-0.005,12.11,"Niemann, Joaquin",0.833,0.01,0.52,0.036,1.399,2026-09-28T17:51:08+00:00
29767,0.041,4.032,"Gerard, Ryan",0.666,0.02,0.582,0.106,1.375,2026-09-28T17:51:08+00:00
14139,0.008,3.42,"Thomas, Justin",0.367,0.51,0.285,0.212,1.374,2026-09-28T17:51:08+00:00
14578,0.123,-10.258,"Henley, Russell",0.42,0.117,0.389,0.416,1.342,2026-09-28T17:51:08+00:00
32319,0.06,1.288,"Koivun, Jackson",0.488,0.074,0.515,0.233,1.31,2026-09-28T17:51:08+00:00
24766,0.054,-2.63,"Kim, Tom",0.729,0.149,0.218,0.189,1.286,2026-09-28T17:51:08+00:00
13562,0.033,-1.62,"Matsuyama, Hideki",0.603,0.349,0.211,0.083,1.246,2026-09-28T17:51:08+00:00
29433,0.032,0.443,"Bridgeman, Jacob",0.386,0.071,0.22,0.56,1.237,2026-09-28T17:51:08+00:00
18634,-0.026,5.429,"McNealy, Maverick",0.145,0.301,0.116,0.671,1.234,2026-09-28T17:51:08+00:00
17536,0.052,-0.145,"Spaun, J.J.",0.659,0.161,0.397,0.005,1.222,2026-09-28T17:51:08+00:00
19841,-0.045,18.307,"DeChambeau, Bryson",0.416,0.063,0.53,0.202,1.212,2026-09-28T17:51:08+00:00
16841,-0.02,14.734,"Lee, Min Woo",0.286,0.244,0.406,0.265,1.201,2026-09-28T17:51:08+00:00
6430,0.011,5.459,"Scott, Adam",0.729,0.015,0.478,-0.022,1.2,2026-09-28T17:51:08+00:00
24968,0.007,1.522,"Griffin, Ben",0.536,0.279,0.186,0.188,1.189,2026-09-28T17:51:08+00:00
13900,0.028,0.31,"Lowry, Shane",0.7,0.02,0.305,0.142,1.166,2026-09-28T17:51:08+00:00
21891,0.001,9.156,"Kitayama, Kurt",0.688,0.023,0.466,-0.016,1.161,2026-09-28T17:51:08+00:00
18841,0.034,-0.065,"Hovland, Viktor",0.511,0.118,0.118,0.401,1.148,2026-09-28T17:51:08+00:00
26649,0.024,8.818,"Thorbjornsen, Michael",0.412,0.145,0.557,0.006,1.121,2026-09-28T17:51:08+00:00
19195,-0.007,13.841,"Rahm, Jon",0.291,0.05,0.627,0.086,1.054,2026-09-28T17:51:08+00:00
23323,0.007,1.471,"MacIntyre, Robert",0.205,0.128,0.203,0.498,1.034,2026-09-28T17:51:08+00:00
29827,0.048,1.238,"James, Ben",0.45,0.041,0.461,0.075,1.027,2026-09-28T17:51:08+00:00
20706,0.01,0.741,"Wallace, Matt",0.564,0.264,0.116,0.064,1.007,2026-09-28T17:51:08+00:00
29197,-0.023,17.461,"Brennan, Michael",0.338,-0.214,0.709,0.153,0.986,2026-09-28T17:51:08+00:00
24550,0.04,2.462,"Ghim, Doug",0.443,0.137,0.462,-0.065,0.976,2026-09-28T17:51:08+00:00
13872,0.003,6.418,"Bradley, Keegan",0.515,0.181,0.298,-0.031,0.963,2026-09-28T17:51:08+00:00
26745,0.006,7.502,"Chacarra, Eugenio",0.422,0.033,0.406,0.078,0.939,2026-09-28T17:51:08+00:00
25362,0.038,2.426,"Fitzpatrick, Alex",0.354,0.238,0.362,-0.023,0.93,2026-09-28T17:51:08+00:00
19396,-0.023,11.913,"Knapp, Jake",0.417,-0.069,0.444,0.133,0.924,2026-09-28T17:51:08+00:00
17488,0.025,-0.991,"Im, Sungjae",-0.074,0.306,0.23,0.46,0.921,2026-09-28T17:51:08+00:00
18554,0.118,-11.284,"Rai, Aaron",0.493,0.108,0.252,0.023,0.876,2026-09-28T17:51:08+00:00
21407,0.006,7.494,"Reitan, Kristoffer",0.261,-0.014,0.387,0.23,0.864,2026-09-28T17:51:08+00:00
14838,0.003,-4.025,"Reed, Patrick",0.595,0.283,-0.114,0.092,0.857,2026-09-28T17:51:08+00:00
17064,-0.039,6.619,"Herbert, Lucas",0.123,0.096,0.222,0.398,0.839,2026-09-28T17:51:08+00:00
17576,0.054,1.125,"Conners, Corey",0.54,-0.016,0.387,-0.092,0.819,2026-09-28T17:51:08+00:00
22322,0.027,4.028,"McKibbin, Tom",0.3,0.047,0.419,0.024,0.79,2026-09-28T17:51:08+00:00
12965,0.045,-0.514,"Fowler, Rickie",0.367,-0.064,0.309,0.169,0.782,2026-09-28T17:51:08+00:00
10419,0.049,-8.176,"Noren, Alex",0.117,0.186,-0.005,0.481,0.778,2026-09-28T17:51:08+00:00
21554,0.048,-4.793,"Poston, J.T.",0.275,0.061,0.205,0.23,0.772,2026-09-28T17:51:08+00:00
18474,0.021,1.093,"Smalley, Alex",0.589,0.007,0.154,0.02,0.77,2026-09-28T17:51:08+00:00
17365,-0.018,10.965,"Mitchell, Keith",0.236,-0.023,0.574,-0.031,0.755,2026-09-28T17:51:08+00:00
26096,-0.033,-0.486,"Bhatia, Akshay",0.408,0.182,-0.287,0.403,0.705,2026-09-28T17:51:08+00:00
14636,-0.021,5.641,"Spieth, Jordan",0.286,0.083,0.155,0.172,0.695,2026-09-28T17:51:08+00:00
6093,0.007,2.87,"Rose, Justin",0.59,-0.011,0.135,-0.04,0.674,2026-09-28T17:51:08+00:00
8825,0.047,-7.732,"Harman, Brian",0.445,0.155,-0.023,0.086,0.664,2026-09-28T17:51:08+00:00
14577,0.011,1.982,"English, Harris",-0.048,0.24,0.15,0.316,0.658,2026-09-28T17:51:08+00:00
22465,-0.053,17.293,"Penge, Marco",0.129,-0.012,0.464,0.057,0.638,2026-09-28T17:51:08+00:00
17881,-0.004,6.631,"Yu, Kevin",0.188,0.068,0.279,0.1,0.635,2026-09-28T17:51:08+00:00
17543,-0.021,-1.615,"Kim, Michael",0.316,0.063,-0.126,0.379,0.633,2026-09-28T17:51:08+00:00
14796,-0.033,4.287,"Hatton, Tyrrell",0.4,0.204,-0.008,0.019,0.614,2026-09-28T17:51:08+00:00
28159,0.001,0.999,"Meissner, Mac",0.169,0.205,0.042,0.193,0.608,2026-09-28T17:51:08+00:00
29279,-0.007,2.775,"Suber, Jackson",0.418,0.075,0.163,-0.05,0.606,2026-09-28T17:51:08+00:00
22760,0.027,2.538,"Hisatsune, Ryo",0.414,-0.026,0.339,-0.123,0.604,2026-09-28T17:51:08+00:00
21074,0.029,4.246,"Nakajima, Keita",0.07,-0.044,0.415,0.159,0.601,2026-09-28T17:51:08+00:00
27364,0.013,3.599,"Thompson, Davis",0.524,-0.069,0.236,-0.093,0.597,2026-09-28T17:51:08+00:00
21756,-0.026,-2.924,"Cole, Eric",0.098,0.269,-0.275,0.495,0.587,2026-09-28T17:51:08+00:00
12577,0.016,9.498,"Woodland, Gary",0.377,-0.237,0.572,-0.125,0.586,2026-09-28T17:51:08+00:00
23475,-0.0,1.971,"Novak, Andrew",0.394,0.168,0.24,-0.217,0.585,2026-09-28T17:51:08+00:00
27194,-0.03,-1.098,"Hall, Harry",0.221,0.244,-0.171,0.282,0.577,2026-09-28T17:51:08+00:00
18586,0.05,4.484,"Smith, Jordan",0.266,-0.139,0.553,-0.11,0.569,2026-09-28T17:51:08+00:00
14502,0.015,0.229,"Cauley, Bud",0.193,0.231,0.158,-0.028,0.553,2026-09-28T17:51:08+00:00
21646,0.07,-3.244,"Ferguson, Ewen",0.297,-0.14,0.407,-0.043,0.521,2026-09-28T17:51:08+00:00
15470,-0.003,-0.043,"Hossler, Beau",-0.101,0.213,0.079,0.314,0.505,2026-09-28T17:51:08+00:00
11889,-0.053,6.467,"Fox, Ryan",0.256,0.003,0.077,0.16,0.497,2026-09-28T17:51:08+00:00
27819,-0.006,3.709,"Castillo, Ricky",0.014,0.117,0.136,0.205,0.472,2026-09-28T17:51:08+00:00
17538,-0.024,3.525,"Homa, Max",0.072,0.038,0.095,0.265,0.47,2026-09-28T17:51:08+00:00
32457,-0.022,10.859,"Keefer, Johnny",0.259,-0.142,0.325,0.017,0.459,2026-09-28T17:51:08+00:00
7649,0.003,-3.992,"Leishman, Marc",0.307,0.095,0.01,0.042,0.455,2026-09-28T17:51:08+00:00
14424,-0.068,15.149,"Burmester, Dean",0.077,0.054,0.455,-0.143,0.443,2026-09-28T17:51:08+00:00
32152,0.007,6.184,"Brown, Blades",0.184,-0.078,0.289,0.029,0.424,2026-09-28T17:51:08+00:00
16602,-0.033,6.132,"Varner III, Harold",0.255,0.05,0.153,-0.037,0.42,2026-09-28T17:51:08+00:00
20085,-0.011,-4.058,"Lindell, Oliver",0.61,0.059,-0.24,-0.016,0.414,2026-09-28T17:51:08+00:00
12423,0.01,-0.893,"Kirk, Chris",0.531,0.107,0.072,-0.31,0.4,2026-09-28T17:51:08+00:00
18103,0.021,-9.713,"Bezuidenhout, Christiaan",0.233,0.186,-0.293,0.271,0.398,2026-09-28T17:51:08+00:00
23465,-0.061,8.379,"Greyserman, Max",-0.112,0.093,0.07,0.334,0.385,2026-09-28T17:51:08+00:00
18424,0.018,1.398,"Roy, Kevin",0.105,0.08,0.178,0.013,0.375,2026-09-28T17:51:08+00:00
19846,0.0,-2.316,"Bauchou, Zach",0.164,0.03,0.016,0.164,0.374,2026-09-28T17:51:08+00:00
23838,-0.072,15.058,"Hojgaard, Rasmus",-0.05,-0.072,0.101,0.391,0.37,2026-09-28T17:51:08+00:00
25569,-0.013,5.959,"Stevens, Sam",0.262,-0.025,0.197,-0.068,0.366,2026-09-28T17:51:08+00:00
30445,-0.044,10.191,"Ayora, Angel",0.204,-0.059,0.085,0.124,0.354,2026-09-28T17:51:08+00:00
13126,0.028,-7.266,"Taylor, Nick",0.005,0.199,-0.161,0.298,0.341,2026-09-28T17:51:08+00:00
16395,0.106,-11.464,"Kohles, Ben",0.342,-0.031,0.111,-0.085,0.337,2026-09-28T17:51:08+00:00
23014,-0.031,4.265,"Theegala, Sahith",0.286,0.033,-0.034,0.05,0.335,2026-09-28T17:51:08+00:00
15556,-0.046,1.672,"Hughes, Mackenzie",-0.226,0.344,-0.181,0.398,0.335,2026-09-28T17:51:08+00:00
15651,0.005,7.437,"Ventura, Kristoffer",0.038,-0.131,0.461,-0.044,0.323,2026-09-28T17:51:08+00:00
21362,0.014,7.11,"Hillier, Daniel",0.242,-0.298,0.358,0.018,0.32,2026-09-28T17:51:08+00:00
20730,0.013,1.162,"Perez, Victor",-0.009,0.079,0.197,0.043,0.31,2026-09-28T17:51:08+00:00
28984,-0.049,12.198,"Puig, David",-0.254,-0.034,0.179,0.416,0.306,2026-09-28T17:51:08+00:00
16243,-0.028,7.703,"Koepka, Brooks",0.171,-0.044,0.329,-0.159,0.297,2026-09-28T17:51:08+00:00
28309,-0.03,10.428,"Coody, Pierceson",-0.02,-0.065,0.207,0.171,0.294,2026-09-28T17:51:08+00:00
16757,-0.033,5.761,"Dou, Zecheng",0.059,0.061,0.061,0.105,0.287,2026-09-28T17:51:08+00:00
23841,0.026,1.8,"Neergaard-Petersen, Rasmus",0.102,-0.021,0.179,0.026,0.286,2026-09-28T17:51:08+00:00
13764,0.04,-6.519,"Parry, John",0.279,0.121,0.019,-0.133,0.286,2026-09-28T17:51:08+00:00
5689,0.035,-1.547,"Garcia, Sergio",0.131,-0.004,0.26,-0.11,0.277,2026-09-28T17:51:08+00:00
23504,0.009,5.801,"Hoey, Rico",0.18,-0.038,0.37,-0.236,0.276,2026-09-28T17:51:08+00:00
18238,0.082,-13.242,"Ancer, Abraham",0.264,-0.124,-0.029,0.154,0.265,2026-09-28T17:51:08+00:00
18770,0.022,3.6,"Rozner, Antoine",0.361,-0.088,0.308,-0.317,0.263,2026-09-28T17:51:08+00:00
6892,0.008,-0.833,"Howell III, Charles",-0.061,0.166,0.205,-0.048,0.263,2026-09-28T17:51:08+00:00
17511,0.033,-3.862,"Straka, Sepp",0.258,-0.094,0.083,0.015,0.261,2026-09-28T17:51:08+00:00
25611,0.012,-0.271,"Olesen, Jacob Skov",-0.073,0.003,-0.035,0.355,0.251,2026-09-28T17:51:08+00:00
26991,0.069,-5.628,"Schaper, Jayden",-0.188,0.048,0.311,0.079,0.25,2026-09-28T17:51:08+00:00
17606,0.03,2.137,"Berger, Daniel",0.346,-0.134,0.246,-0.221,0.236,2026-09-28T17:51:08+00:00
14181,-0.029,6.427,"Detry, Thomas",-0.047,-0.023,-0.067,0.369,0.233,2026-09-28T17:51:08+00:00
14559,0.005,-1.203,"Vincent, Scott",-0.129,-0.119,-0.038,0.511,0.225,2026-09-28T17:51:08+00:00
12808,0.07,-5.484,"Grillo, Emiliano",0.094,-0.079,0.177,0.027,0.22,2026-09-28T17:51:08+00:00
25601,0.006,0.7,"Jordan, Matthew",0.254,0.188,0.21,-0.446,0.206,2026-09-28T17:51:08+00:00
19428,0.006,2.814,"Zalatoris, Will",0.361,-0.004,0.162,-0.314,0.205,2026-09-28T17:51:08+00:00
14459,-0.079,7.636,"An, Byeong Hun",0.033,0.238,0.027,-0.104,0.195,2026-09-28T17:51:08+00:00
19870,-0.014,-6.877,"McCarthy, Denny",0.04,0.085,-0.378,0.446,0.192,2026-09-28T17:51:08+00:00
9771,0.009,-1.016,"Day, Jason",-0.277,0.375,-0.035,0.125,0.188,2026-09-28T17:51:08+00:00
11952,-0.008,-6.84,"Grace, Branden",0.274,0.084,-0.353,0.178,0.182,2026-09-28T17:51:08+00:00
25157,0.063,-5.076,"Hodges, Lee",0.063,-0.109,0.18,0.034,0.169,2026-09-28T17:51:08+00:00
26653,-0.006,-0.284,"Eckroat, Austin",0.205,-0.112,-0.044,0.115,0.164,2026-09-28T17:51:08+00:00
23602,-0.077,14.866,"Hojgaard, Nicolai",0.216,0.05,-0.073,-0.032,0.161,2026-09-28T17:51:08+00:00
28635,0.015,-5.448,"McCarty, Matt",-0.04,-0.047,-0.208,0.455,0.16,2026-09-28T17:51:08+00:00
26947,0.038,-0.564,"Jarvis, Casey",0.157,-0.134,0.296,-0.167,0.152,2026-09-28T17:51:08+00:00
26657,-0.006,7.062,"Fisk, Steven",-0.142,0.036,0.23,0.022,0.146,2026-09-28T17:51:08+00:00
11276,0.003,-2.095,"Horschel, Billy",0.238,-0.15,0.037,0.02,0.146,2026-09-28T17:51:08+00:00
9531,0.053,-8.308,"Wiesberger, Bernd",0.209,0.14,0.061,-0.279,0.131,2026-09-28T17:51:08+00:00
16497,0.008,1.064,"Dean, Joe",-0.19,0.175,0.09,0.048,0.122,2026-09-28T17:51:08+00:00
32055,0.041,5.135,"Shipley, Neal",-0.103,-0.196,0.581,-0.16,0.122,2026-09-28T17:51:08+00:00
27164,0.014,-3.987,"Phillips, Chandler",-0.232,0.257,-0.124,0.217,0.118,2026-09-28T17:51:08+00:00
15856,-0.059,-5.189,"Smith, Cameron",-0.215,0.412,-0.595,0.507,0.11,2026-09-28T17:51:08+00:00
28157,0.003,-1.3,"Vaillant, Tom",-0.046,0.016,0.025,0.111,0.106,2026-09-28T17:51:08+00:00
17780,-0.034,8.866,"Pendrith, Taylor",0.062,-0.001,0.221,-0.189,0.093,2026-09-28T17:51:08+00:00
20722,-0.039,6.862,"Schmid, Matti",-0.034,0.002,0.082,0.039,0.089,2026-09-28T17:51:08+00:00
7108,0.037,-2.571,"Casey, Paul",0.347,-0.005,-0.038,-0.216,0.087,2026-09-28T17:51:08+00:00
16394,-0.086,5.571,"Jaeger, Stephan",0.004,0.229,-0.387,0.238,0.083,2026-09-28T17:51:08+00:00
23816,0.027,-5.315,"Valimaki, Sami",0.026,-0.151,-0.126,0.333,0.082,2026-09-28T17:51:08+00:00
14987,0.057,-1.973,"Laporta, Francesco",-0.16,-0.013,0.462,-0.214,0.076,2026-09-28T17:51:08+00:00
14735,-0.011,3.91,"Ortiz, Carlos",-0.035,0.049,0.215,-0.157,0.073,2026-09-28T17:51:08+00:00
14795,0.035,0.843,"Canter, Laurie",0.256,-0.129,0.319,-0.375,0.071,2026-09-28T17:51:08+00:00
28473,-0.05,13.507,"Ballester, Jose Luis",-0.066,-0.211,0.418,-0.069,0.071,2026-09-28T17:51:08+00:00
21944,-0.041,6.495,"Moore, Taylor",-0.205,0.116,0.083,0.066,0.06,2026-09-28T17:51:08+00:00
17639,0.064,-18.291,"Blair, Zac",0.309,0.096,-0.407,0.06,0.059,2026-09-28T17:51:08+00:00
29770,-0.001,3.429,"Mouw, William",0.244,-0.121,0.1,-0.172,0.051,2026-09-28T17:51:08+00:00
29925,-0.004,5.967,"Yellamaraju, Sudarshan",0.016,-0.015,0.115,-0.069,0.047,2026-09-28T17:51:08+00:00
17357,-0.0,-3.787,"Migliozzi, Guido",0.132,-0.034,-0.101,0.036,0.033,2026-09-28T17:51:08+00:00
20766,0.037,-6.235,"Brown, Dan",0.384,-0.28,0.088,-0.181,0.012,2026-09-28T17:51:08+00:00
6986,0.086,-18.709,"Johnson, Zach",-0.01,0.078,-0.27,0.208,0.005,2026-09-28T17:51:08+00:00
25094,-0.008,3.709,"Fishburn, Patrick",-0.116,-0.056,0.18,-0.009,-0.0,2026-09-28T17:51:08+00:00
15326,0.035,-7.095,"Sullivan, Andy",-0.003,0.02,-0.006,-0.028,-0.017,2026-09-28T17:51:08+00:00
15310,-0.025,5.499,"Li, Haotong",0.049,-0.239,0.21,-0.039,-0.019,2026-09-28T17:51:08+00:00
13412,-0.021,1.389,"Olesen, Thorbjorn",-0.031,0.046,-0.089,0.047,-0.027,2026-09-28T17:51:08+00:00
23505,0.053,-6.199,"McGreevy, Max",0.128,0.028,0.004,-0.207,-0.047,2026-09-28T17:51:08+00:00
24304,-0.048,3.257,"Vilips, Karl",0.079,-0.037,-0.119,0.025,-0.053,2026-09-28T17:51:08+00:00
10104,0.007,-3.388,"Power, Seamus",-0.153,0.149,-0.249,0.194,-0.058,2026-09-28T17:51:08+00:00
19960,0.027,1.841,"Pavon, Matthieu",-0.218,-0.15,0.34,-0.032,-0.06,2026-09-28T17:51:08+00:00
14780,-0.054,6.033,"Lagergren, Joakim",-0.296,-0.052,0.067,0.214,-0.068,2026-09-28T17:51:08+00:00
13944,-0.032,0.215,"Pieters, Thomas",0.257,-0.051,-0.071,-0.206,-0.071,2026-09-28T17:51:08+00:00
18027,0.08,-1.262,"Kimsey, Nathan",-0.276,-0.037,0.44,-0.207,-0.08,2026-09-28T17:51:08+00:00
22985,0.056,-2.819,"Smotherman, Austin",0.351,-0.277,0.225,-0.384,-0.085,2026-09-28T17:51:08+00:00
27780,-0.028,4.909,"Crowe, Trace",-0.032,-0.104,0.096,-0.054,-0.094,2026-09-28T17:51:08+00:00
22736,0.007,3.235,"Rosenmueller, Thomas",0.107,-0.154,0.097,-0.158,-0.107,2026-09-28T17:51:08+00:00
14704,0.068,-22.036,"Putnam, Andrew",0.056,0.269,-0.689,0.253,-0.111,2026-09-28T17:51:08+00:00
12422,-0.037,6.288,"Johnson, Dustin",-0.209,-0.065,0.004,0.155,-0.115,2026-09-28T17:51:08+00:00
22833,0.002,-5.623,"Echavarria, Nico",-0.067,-0.029,-0.282,0.261,-0.117,2026-09-28T17:51:08+00:00
21995,-0.049,5.793,"Springer, Hayden",-0.248,-0.028,-0.104,0.261,-0.119,2026-09-28T17:51:08+00:00
28615,-0.008,3.655,"Bairstow, Sam",-0.169,-0.091,0.01,0.124,-0.125,2026-09-28T17:51:08+00:00
27811,0.015,-3.275,"Couvra, Martin",-0.126,0.02,0.142,-0.173,-0.137,2026-09-28T17:51:08+00:00
32550,0.045,-9.868,"Bryant, Davis",0.003,-0.052,-0.252,0.159,-0.141,2026-09-28T17:51:08+00:00
16715,-0.01,-3.874,"Ryder, Sam",0.049,-0.119,-0.295,0.218,-0.147,2026-09-28T17:51:08+00:00
19729,0.056,-10.191,"Kanaya, Takumi",-0.432,0.238,-0.186,0.231,-0.149,2026-09-28T17:51:08+00:00
25131,-0.021,-1.33,"Hill, Calum",-0.244,0.035,-0.221,0.276,-0.154,2026-09-28T17:51:08+00:00
27900,-0.076,22.548,"Potgieter, Aldrich",-0.242,-0.321,0.413,-0.007,-0.157,2026-09-28T17:51:08+00:00
20727,-0.045,4.362,"Coussaud, Ugo",0.054,-0.149,-0.014,-0.048,-0.157,2026-09-28T17:51:08+00:00
15680,0.032,-13.914,"Winther, Jeff",0.066,-0.089,-0.425,0.29,-0.157,2026-09-28T17:51:08+00:00
14698,-0.036,11.734,"Bramlett, Joseph",-0.016,0.077,0.276,-0.509,-0.172,2026-09-28T17:51:08+00:00
24369,0.116,-20.912,"Kobori, Kazuma",0.047,-0.024,-0.142,-0.059,-0.177,2026-09-28T17:51:08+00:00
23656,0.064,-6.952,"Young, Carson",-0.041,-0.133,0.088,-0.093,-0.179,2026-09-28T17:51:08+00:00
26506,0.015,-2.513,"De Leo, Gregorio",-0.092,0.0,0.035,-0.123,-0.179,2026-09-28T17:51:08+00:00
11676,-0.065,8.002,"Finau, Tony",-0.046,0.245,-0.182,-0.21,-0.193,2026-09-28T17:51:08+00:00
22259,-0.078,11.186,"Del Rey, Alejandro",-0.318,0.034,0.08,0.011,-0.193,2026-09-28T17:51:08+00:00
10158,0.037,-4.805,"Luiten, Joost",0.032,-0.116,0.081,-0.201,-0.204,2026-09-28T17:51:08+00:00
12413,-0.019,-0.664,"Lee, Richard",-0.117,-0.095,-0.092,0.092,-0.211,2026-09-28T17:51:08+00:00
15229,-0.011,5.128,"Stone, Brandon",0.013,-0.158,0.131,-0.198,-0.212,2026-09-28T17:51:08+00:00
10201,0.011,-0.852,"Guerrier, Julien",-0.337,0.062,0.103,-0.042,-0.214,2026-09-28T17:51:08+00:00
16652,-0.02,-0.548,"Langasque, Romain",-0.531,0.149,0.011,0.155,-0.216,2026-09-28T17:51:08+00:00
19840,-0.007,-3.468,"Ramey, Chad",-0.249,0.123,-0.261,0.17,-0.216,2026-09-28T17:51:08+00:00
16283,-0.047,3.923,"Rodgers, Patrick",-0.305,0.048,-0.152,0.168,-0.242,2026-09-28T17:51:08+00:00
17813,-0.013,-3.622,"Armitage, Marcus",-0.182,0.069,-0.265,0.137,-0.242,2026-09-28T17:51:08+00:00
31343,0.051,1.485,"Ford, David",-0.252,-0.217,0.359,-0.135,-0.245,2026-09-28T17:51:08+00:00
14509,0.088,-8.844,"Dahmen, Joel",0.201,-0.185,0.116,-0.379,-0.246,2026-09-28T17:51:08+00:00
24127,0.055,-5.95,"Hidalgo, Angel",-0.213,-0.247,0.085,0.101,-0.274,2026-09-28T17:51:08+00:00
21883,-0.041,-2.022,"Ewart, A.J.",-0.125,0.017,-0.409,0.239,-0.278,2026-09-28T17:51:08+00:00
18580,0.027,-9.499,"Gooch, Talor",0.269,0.047,-0.358,-0.238,-0.281,2026-09-28T17:51:08+00:00
15575,-0.002,-7.383,"Hoge, Tom",0.245,-0.072,-0.335,-0.126,-0.287,2026-09-28T17:51:08+00:00
15004,0.038,-4.469,"Kim, Chan",-0.043,0.028,-0.023,-0.257,-0.295,2026-09-28T17:51:08+00:00
30620,0.089,-20.269,"Chatfield, Davis",0.072,-0.009,-0.413,0.047,-0.304,2026-09-28T17:51:08+00:00
7334,0.006,1.472,"Watson, Bubba",-0.273,-0.066,0.12,-0.093,-0.312,2026-09-28T17:51:08+00:00
11460,0.017,-14.595,"Manassero, Matteo",0.363,0.146,-0.484,-0.343,-0.318,2026-09-28T17:51:08+00:00
29971,0.047,-0.513,"Bradbury, Dan",0.223,-0.305,0.244,-0.481,-0.318,2026-09-28T17:51:08+00:00
18105,0.022,-3.509,"Lawrence, Thriston",-0.019,-0.164,0.121,-0.262,-0.324,2026-09-28T17:51:08+00:00
23549,-0.011,-1.626,"Celli, Filippo",-0.12,-0.131,-0.124,0.051,-0.324,2026-09-28T17:51:08+00:00
12988,0.009,-8.191,"Elvira Mijares, Ignacio",-0.153,0.031,-0.319,0.112,-0.33,2026-09-28T17:51:08+00:00
16333,0.012,-4.746,"Hubbard, Mark",0.085,0.001,-0.054,-0.364,-0.332,2026-09-28T17:51:08+00:00
15592,0.086,-9.436,"Girrbach, Joel",0.161,-0.164,0.087,-0.417,-0.333,2026-09-28T17:51:08+00:00
22608,-0.014,-1.609,"Clements, Todd",-0.081,-0.137,-0.152,0.03,-0.34,2026-09-28T17:51:08+00:00
19421,-0.019,6.788,"Du Plessis, Hennie",-0.178,-0.045,0.104,-0.238,-0.357,2026-09-28T17:51:08+00:00
22002,-0.088,4.262,"Dumont De Chassart, Adrien",-0.276,0.179,-0.579,0.316,-0.359,2026-09-28T17:51:08+00:00
11049,-0.026,-2.569,"Simpson, Webb",-0.172,0.095,-0.386,0.103,-0.36,2026-09-28T17:51:08+00:00
28268,0.067,-16.22,"Kaneko, Kota",-0.068,-0.033,-0.241,-0.024,-0.367,2026-09-28T17:51:08+00:00
21677,-0.032,2.9,"Steinlechner, Maximilian",-0.044,-0.048,-0.132,-0.144,-0.368,2026-09-28T17:51:08+00:00
20190,-0.042,3.363,"Helligkilde, Marcus",-0.043,-0.018,-0.095,-0.217,-0.373,2026-09-28T17:51:08+00:00
10943,0.009,-6.31,"Lashley, Nate",-0.009,-0.021,-0.2,-0.148,-0.377,2026-09-28T17:51:08+00:00
6169,0.052,-18.39,"Kuchar, Matt",-0.206,0.218,-0.615,0.214,-0.389,2026-09-28T17:51:08+00:00
25319,-0.007,3.211,"VanDerLaan, John",-0.363,0.001,0.091,-0.122,-0.392,2026-09-28T17:51:08+00:00
7672,0.06,-12.91,"Oosthuizen, Louis",-0.162,-0.043,-0.17,-0.021,-0.396,2026-09-28T17:51:08+00:00
12426,-0.017,0.032,"Waring, Paul",0.001,-0.111,-0.071,-0.219,-0.4,2026-09-28T17:51:08+00:00
32330,-0.011,-0.407,"Clanton, Luke",0.111,-0.106,-0.22,-0.185,-0.4,2026-09-28T17:51:08+00:00
24342,-0.034,5.114,"Higgo, Garrick",-0.514,-0.07,-0.006,0.187,-0.403,2026-09-28T17:51:08+00:00
14792,-0.012,-1.403,"Saddier, Adrien",-0.096,-0.016,-0.247,-0.056,-0.417,2026-09-28T17:51:08+00:00
26850,-0.043,12.823,"Svensson, Jesper",-0.3,-0.094,0.221,-0.244,-0.417,2026-09-28T17:51:08+00:00
24956,0.065,-5.995,"Blanchet, Chandler",-0.002,-0.322,0.178,-0.277,-0.424,2026-09-28T17:51:08+00:00
23733,0.035,-1.323,"LaCroix, Frederic",-0.088,-0.099,0.112,-0.352,-0.427,2026-09-28T17:51:08+00:00
20084,-0.071,15.107,"Lindberg, Mikael",-0.495,-0.109,0.092,0.081,-0.431,2026-09-28T17:51:08+00:00
8820,0.068,-20.703,"Snedeker, Brandt",-0.128,0.207,-0.613,0.103,-0.432,2026-09-28T17:51:08+00:00
16341,0.087,-22.131,"Peterson, Paul",-0.021,0.104,-0.496,-0.025,-0.437,2026-09-28T17:51:08+00:00
13508,-0.031,5.288,"Vegas, Jhonattan",-0.16,-0.086,0.103,-0.297,-0.441,2026-09-28T17:51:08+00:00
7677,0.011,-6.091,"Norris, Shaun",-0.407,-0.142,-0.253,0.361,-0.442,2026-09-28T17:51:08+00:00
15330,-0.007,-5.307,"Griffin, Lanto",-0.027,-0.033,-0.234,-0.147,-0.442,2026-09-28T17:51:08+00:00
26008,-0.007,0.034,"Elvira, Manuel",-0.116,-0.245,0.045,-0.126,-0.442,2026-09-28T17:51:08+00:00
28239,-0.015,0.611,"Guillamoundeguy, Oihan",-0.282,-0.081,-0.063,-0.024,-0.449,2026-09-28T17:51:08+00:00
15676,-0.025,9.719,"Norgaard, Niklas",-0.509,-0.411,0.3,0.168,-0.452,2026-09-28T17:51:08+00:00
30814,-0.062,17.432,"Sargent, Gordon",-0.675,0.041,0.264,-0.085,-0.455,2026-09-28T17:51:08+00:00
27183,-0.007,9.854,"Salinda, Isaiah",-0.113,-0.225,0.344,-0.471,-0.465,2026-09-28T17:51:08+00:00
20448,0.013,-3.202,"Katsuragawa, Yuto",-0.404,0.014,-0.049,-0.041,-0.479,2026-09-28T17:51:08+00:00
25475,-0.085,11.755,"Nyholm, Pontus",-0.411,-0.103,0.05,-0.015,-0.48,2026-09-28T17:51:08+00:00
20770,0.047,-8.333,"Munoz, Sebastian",-0.298,-0.111,-0.117,0.041,-0.485,2026-09-28T17:51:08+00:00
12177,0.014,-8.398,"Pavan, Andrea",-0.31,0.026,-0.326,0.12,-0.49,2026-09-28T17:51:08+00:00
7399,0.074,-10.717,"Glover, Lucas",0.186,-0.089,-0.016,-0.572,-0.491,2026-09-28T17:51:08+00:00
14784,-0.002,1.601,"Law, David",-0.507,-0.077,0.194,-0.119,-0.51,2026-09-28T17:51:08+00:00
30463,-0.06,9.465,"Surratt, Caleb",-0.52,-0.264,-0.104,0.378,-0.51,2026-09-28T17:51:08+00:00
21880,-0.017,11.197,"Cone, Trevor",-0.325,-0.213,0.314,-0.297,-0.521,2026-09-28T17:51:08+00:00
17550,-0.039,1.952,"Van Rooyen, Erik",-0.458,0.004,-0.203,0.135,-0.522,2026-09-28T17:51:08+00:00
27820,0.074,-14.019,"Pak, John",-0.029,-0.053,-0.194,-0.256,-0.532,2026-09-28T17:51:08+00:00
13374,0.045,-8.726,"Van Driel, Darius",-0.11,-0.123,-0.181,-0.119,-0.533,2026-09-28T17:51:08+00:00
11019,0.007,0.559,"Steele, Brendan",0.081,-0.128,-0.098,-0.4,-0.545,2026-09-28T17:51:08+00:00
15980,0.023,-9.594,"Lipsky, David",-0.24,0.098,-0.378,-0.033,-0.553,2026-09-28T17:51:08+00:00
28469,-0.025,0.133,"Highsmith, Joe",-0.162,-0.061,-0.239,-0.097,-0.559,2026-09-28T17:51:08+00:00
23482,0.02,-7.498,"Sigg, Greyson",0.008,0.001,-0.27,-0.302,-0.563,2026-09-28T17:51:08+00:00
9396,0.025,1.738,"Fisher, Ross",-0.219,-0.276,0.349,-0.419,-0.564,2026-09-28T17:51:08+00:00
17381,0.022,-10.004,"Silverman, Ben",-0.283,-0.03,-0.315,0.062,-0.566,2026-09-28T17:51:08+00:00
7655,0.048,-6.385,"Molinari, Francesco",-0.011,-0.162,-0.068,-0.329,-0.57,2026-09-28T17:51:08+00:00
24837,0.024,-2.991,"Goodwin, Noah",-0.355,-0.046,-0.051,-0.129,-0.581,2026-09-28T17:51:08+00:00
20522,-0.04,0.157,"Veerman, Johannes",-0.511,-0.078,-0.243,0.248,-0.584,2026-09-28T17:51:08+00:00
21943,-0.029,-4.091,"Lebioda, Hank",-0.007,-0.029,-0.346,-0.213,-0.595,2026-09-28T17:51:08+00:00
16160,0.049,-17.046,"Song, Younghan",-0.197,-0.046,-0.491,0.12,-0.615,2026-09-28T17:51:08+00:00
27588,-0.055,10.629,"Schott, Freddy",-0.546,-0.114,0.13,-0.088,-0.619,2026-09-28T17:51:08+00:00
13965,-0.002,-4.448,"Hadwin, Adam",-0.279,-0.135,-0.159,-0.047,-0.62,2026-09-28T17:51:08+00:00
14196,-0.061,3.395,"Meronk, Adrian",-0.463,-0.186,-0.356,0.384,-0.621,2026-09-28T17:51:08+00:00
17723,0.033,-10.504,"Lower, Justin",-0.209,-0.048,-0.252,-0.118,-0.626,2026-09-28T17:51:08+00:00
18174,0.02,-3.845,"Ritchie, JC",-0.589,-0.061,0.029,-0.014,-0.636,2026-09-28T17:51:08+00:00
14016,-0.033,-4.005,"Campillo, Jorge",0.13,0.105,-0.55,-0.33,-0.644,2026-09-28T17:51:08+00:00
8480,0.025,-7.158,"Streelman, Kevin",-0.271,-0.109,-0.114,-0.152,-0.647,2026-09-28T17:51:08+00:00
29119,-0.031,5.692,"Zhou, Yanhan",-0.823,-0.099,0.046,0.22,-0.656,2026-09-28T17:51:08+00:00
23610,0.003,1.919,"Crocker, Sean",-0.051,-0.27,-0.022,-0.314,-0.657,2026-09-28T17:51:08+00:00
10873,-0.039,-1.311,"Skinns, David",-0.097,0.039,-0.385,-0.221,-0.664,2026-09-28T17:51:08+00:00
25588,0.024,-4.993,"Wilson, Andrew",-0.261,-0.142,-0.056,-0.219,-0.679,2026-09-28T17:51:08+00:00
7398,-0.03,-4.189,"Schwartzel, Charl",-0.406,0.121,-0.478,0.08,-0.683,2026-09-28T17:51:08+00:00
15193,0.035,-6.37,"Van Tonder, Daniel",-0.313,-0.004,0.082,-0.452,-0.687,2026-09-28T17:51:08+00:00
23416,-0.003,2.165,"Ravetto, David",-0.192,-0.049,0.029,-0.477,-0.688,2026-09-28T17:51:08+00:00
7457,0.016,-6.663,"Cabrera Bello, Rafa",-0.413,-0.041,-0.211,-0.027,-0.692,2026-09-28T17:51:08+00:00
27996,-0.034,2.288,"Cummins, Quade",-0.442,-0.15,-0.1,-0.002,-0.695,2026-09-28T17:51:08+00:00
25908,-0.084,-2.356,"Whaley, Vince",-0.54,0.164,-0.721,0.402,-0.696,2026-09-28T17:51:08+00:00
24185,-0.035,4.869,"Mansell, Richard",-0.407,-0.04,0.053,-0.306,-0.7,2026-09-28T17:51:08+00:00
14975,0.064,-15.865,"Otaegui, Adrian",-0.237,0.096,-0.404,-0.158,-0.702,2026-09-28T17:51:08+00:00
4052,0.003,-8.095,"Westwood, Lee",-0.368,-0.051,-0.278,-0.026,-0.723,2026-09-28T17:51:08+00:00
25002,-0.004,-7.625,"Wu, Dylan",-0.186,-0.023,-0.437,-0.083,-0.729,2026-09-28T17:51:08+00:00
14209,-0.032,-3.449,"Kozuma, Jinichiro",-0.26,0.067,-0.443,-0.095,-0.731,2026-09-28T17:51:08+00:00
18514,0.047,-9.664,"Kinhult, Marcus",-0.469,0.019,-0.058,-0.224,-0.732,2026-09-28T17:51:08+00:00
11357,-0.168,5.422,"Uihlein, Peter",-0.442,0.237,-0.941,0.406,-0.741,2026-09-28T17:51:08+00:00
25089,-0.002,3.075,"Mory, Felix",-0.377,-0.173,0.107,-0.303,-0.747,2026-09-28T17:51:08+00:00
1435,0.014,-15.855,"Poulter, Ian",-0.489,0.05,-0.602,0.293,-0.747,2026-09-28T17:51:08+00:00
24200,-0.011,-3.695,"Smylie, Elvis",-0.369,-0.093,-0.383,0.081,-0.763,2026-09-28T17:51:08+00:00
15191,0.045,-6.426,"Southgate, Matthew",-0.222,-0.207,0.071,-0.408,-0.766,2026-09-28T17:51:08+00:00
28276,-0.039,7.993,"Jang, Yubin",-0.205,-0.294,0.18,-0.446,-0.766,2026-09-28T17:51:08+00:00
14007,0.019,-7.1,"Martin, Ben",-0.123,-0.092,-0.24,-0.313,-0.768,2026-09-28T17:51:08+00:00
11451,0.057,-11.497,"Garnett, Brice",-0.363,-0.093,-0.284,-0.032,-0.771,2026-09-28T17:51:08+00:00
12321,0.024,-5.426,"Aphibarnrat, Kiradech",-0.638,-0.023,0.016,-0.135,-0.78,2026-09-28T17:51:08+00:00
13997,0.005,-9.186,"Svensson, Adam",-0.098,0.027,-0.5,-0.211,-0.782,2026-09-28T17:51:08+00:00
12734,0.017,-10.193,"Scrivener, Jason",-0.261,-0.095,-0.422,-0.02,-0.799,2026-09-28T17:51:08+00:00
22051,-0.037,-0.249,"Wise, Aaron",-0.317,0.083,-0.389,-0.184,-0.808,2026-09-28T17:51:08+00:00
25442,-0.087,-7.001,"Montgomery, Taylor",-0.401,0.176,-0.974,0.389,-0.81,2026-09-28T17:51:08+00:00
19872,-0.083,1.799,"Riley, Davis",-0.502,-0.003,-0.602,0.295,-0.812,2026-09-28T17:51:08+00:00
19865,-0.031,2.215,"Hardy, Nick",-0.326,-0.159,-0.096,-0.235,-0.817,2026-09-28T17:51:08+00:00
14926,-0.069,-6.005,"Malnati, Peter",-0.433,0.161,-0.738,0.184,-0.826,2026-09-28T17:51:08+00:00
21889,-0.051,-2.641,"Kang, Jeffrey",-0.216,0.006,-0.283,-0.338,-0.831,2026-09-28T17:51:08+00:00
24497,0.02,-3.525,"Robinson Thompson, Brandon",-0.555,-0.033,-0.164,-0.098,-0.85,2026-09-28T17:51:08+00:00
11763,0.015,-11.907,"Wu, Ashun",-0.56,0.086,-0.521,0.145,-0.85,2026-09-28T17:51:08+00:00
18628,0.067,-19.803,"Campbell, Brian",-0.157,-0.061,-0.522,-0.112,-0.852,2026-09-28T17:51:08+00:00
22231,-0.025,1.014,"Von Dellingshausen, Nicolai",-0.491,0.01,-0.169,-0.205,-0.854,2026-09-28T17:51:08+00:00
27149,-0.003,-3.57,"Rodrigues, Daniel",-0.263,-0.082,-0.348,-0.162,-0.856,2026-09-28T17:51:08+00:00
18722,0.003,-1.438,"Gouveia, Ricardo",-0.56,-0.205,-0.026,-0.069,-0.859,2026-09-28T17:51:08+00:00
14018,0.018,-10.269,"Dantorp, Jens",-0.42,-0.099,-0.493,0.142,-0.87,2026-09-28T17:51:08+00:00
27420,-0.005,-1.737,"Dickson, Taylor",-0.429,-0.047,-0.143,-0.252,-0.872,2026-09-28T17:51:08+00:00
11641,-0.041,-9.399,"Kim, Anthony",-0.119,0.008,-0.587,-0.175,-0.872,2026-09-28T17:51:08+00:00
15113,0.047,-15.866,"Pepperell, Eddie",-0.206,-0.084,-0.492,-0.09,-0.872,2026-09-28T17:51:08+00:00
25919,-0.083,15.451,"Wolff, Matthew",-0.725,-0.193,0.025,0.019,-0.875,2026-09-28T17:51:08+00:00
25363,0.009,-0.521,"Buckley, Hayden",-0.261,-0.212,-0.041,-0.363,-0.877,2026-09-28T17:51:08+00:00
17747,-0.02,3.934,"Halvorsen, Andreas",-0.575,-0.222,0.005,-0.089,-0.881,2026-09-28T17:51:08+00:00
15993,0.003,-6.123,"Hollick, Michael",-0.223,-0.019,-0.308,-0.371,-0.922,2026-09-28T17:51:08+00:00
25003,-0.072,4.714,"Walker, Danny",-0.299,-0.1,-0.25,-0.28,-0.93,2026-09-28T17:51:08+00:00
26660,-0.019,3.941,"Gordon, Will",-0.322,-0.24,-0.134,-0.243,-0.937,2026-09-28T17:51:08+00:00
17422,-0.07,-0.45,"Del Solar, Cristobal",-0.381,-0.07,-0.473,-0.017,-0.941,2026-09-28T17:51:08+00:00
14140,-0.023,1.339,"Higgs, Harry",-0.386,-0.188,-0.174,-0.199,-0.947,2026-09-28T17:51:08+00:00
6516,0.004,-18.157,"Bland, Richard",-0.136,0.175,-0.802,-0.187,-0.95,2026-09-28T17:51:08+00:00
12669,0.008,-9.837,"Lahiri, Anirban",-0.214,0.031,-0.36,-0.408,-0.951,2026-09-28T17:51:08+00:00
18761,-0.081,8.235,"Mullinax, Trey",-0.271,-0.184,-0.279,-0.218,-0.952,2026-09-28T17:51:08+00:00
10418,-0.064,1.886,"Lemke, Niklas",-0.245,-0.018,-0.369,-0.329,-0.96,2026-09-28T17:51:08+00:00
16896,-0.003,-9.305,"Kruyswijk, Jacques",-0.578,-0.014,-0.501,0.127,-0.966,2026-09-28T17:51:08+00:00
30892,-0.01,3.062,"Riedel, Matthew",-0.487,-0.266,-0.008,-0.215,-0.976,2026-09-28T17:51:08+00:00
23112,-0.017,-1.117,"De Bruyn, Jannik",-0.403,-0.207,-0.207,-0.17,-0.987,2026-09-28T17:51:08+00:00
33755,-0.071,7.367,"La Sasso, Michael",-0.348,-0.227,-0.144,-0.271,-0.99,2026-09-28T17:51:08+00:00
19232,-0.038,-5.539,"Smyth, Trav",-0.252,0.075,-0.596,-0.22,-0.992,2026-09-28T17:51:08+00:00
19477,-0.045,-2.084,"Schenk, Adam",-0.385,-0.12,-0.413,-0.078,-0.997,2026-09-28T17:51:08+00:00
19190,-0.002,-4.126,"Hoshino, Rikuya",-0.538,-0.076,-0.411,0.029,-0.997,2026-09-28T17:51:08+00:00
23048,-0.039,6.475,"Stanger, Jimmy",-0.798,-0.11,-0.01,-0.084,-1.002,2026-09-28T17:51:08+00:00
11396,0.073,-17.783,"Ramsay, Richie",-0.429,-0.067,-0.394,-0.132,-1.023,2026-09-28T17:51:08+00:00
22087,-0.066,0.666,"Paul, Jeremy",-0.483,0.016,-0.433,-0.124,-1.023,2026-09-28T17:51:08+00:00
12920,-0.026,-8.718,"Willett, Danny",-0.487,-0.071,-0.607,0.141,-1.024,2026-09-28T17:51:08+00:00
23620,-0.017,-0.834,"Bergstrom, Albin",-0.795,-0.196,-0.224,0.189,-1.025,2026-09-28T17:51:08+00:00
17386,-0.045,-4.391,"Mun, Doyeob",-0.329,-0.071,-0.471,-0.156,-1.027,2026-09-28T17:51:08+00:00
25890,-0.01,-6.928,"Premlall, Yurav",-0.497,-0.076,-0.493,0.028,-1.037,2026-09-28T17:51:08+00:00
22168,-0.055,3.391,"Brown, Hamish",-0.416,-0.147,-0.27,-0.212,-1.044,2026-09-28T17:51:08+00:00
9586,0.015,-7.933,"Laird, Martin",-0.48,-0.018,-0.382,-0.177,-1.057,2026-09-28T17:51:08+00:00
9842,0.06,-10.647,"Zanotti, Fabrizio",-0.174,-0.136,-0.229,-0.522,-1.062,2026-09-28T17:51:08+00:00
31212,-0.025,-0.709,"Chandler, Will",-0.58,-0.052,-0.198,-0.234,-1.064,2026-09-28T17:51:08+00:00
11826,-0.006,-9.568,"Lee, Danny",-0.504,-0.194,-0.447,0.079,-1.066,2026-09-28T17:51:08+00:00
16231,-0.007,-3.376,"Hellgren, Bjorn",-0.332,-0.343,-0.135,-0.258,-1.067,2026-09-28T17:51:08+00:00
11397,-0.009,-4.384,"Jamieson, Scott",-0.654,-0.174,-0.261,0.014,-1.075,2026-09-28T17:51:08+00:00
27147,0.042,-16.408,"Walker, Euan",-0.374,-0.066,-0.433,-0.204,-1.077,2026-09-28T17:51:08+00:00
27258,-0.009,-1.036,"Schmidt, Ben",-0.394,-0.354,-0.192,-0.151,-1.091,2026-09-28T17:51:08+00:00
12909,-0.041,0.97,"Campos, Rafael",-0.311,-0.252,-0.228,-0.318,-1.109,2026-09-28T17:51:08+00:00
28686,0.02,-0.346,"Jonsson, Tobias",-0.646,-0.283,0.192,-0.376,-1.112,2026-09-28T17:51:08+00:00
12522,-0.004,-4.089,"Schneider, Marcel",-0.72,-0.06,-0.321,-0.033,-1.133,2026-09-28T17:51:08+00:00
20844,-0.053,0.474,"Mazzoli, Stefano",-0.778,0.013,-0.371,0.002,-1.134,2026-09-28T17:51:08+00:00
11955,-0.092,4.781,"Frittelli, Dylan",-0.505,0.056,-0.497,-0.191,-1.137,2026-09-28T17:51:08+00:00
26193,-0.024,-0.361,"Ding, Wenyi",-0.949,-0.012,-0.318,0.141,-1.138,2026-09-28T17:51:08+00:00
14973,-0.002,-1.152,"Levy, Alexander",-0.653,-0.318,-0.061,-0.112,-1.144,2026-09-28T17:51:08+00:00
18517,-0.041,-3.815,"Soderberg, Sebastian",-0.351,-0.126,-0.535,-0.143,-1.156,2026-09-28T17:51:08+00:00
13367,0.002,-12.078,"Merritt, Troy",-0.592,-0.014,-0.67,0.119,-1.158,2026-09-28T17:51:08+00:00
23542,-0.033,15.191,"Champ, Cameron",-0.781,-0.33,0.245,-0.304,-1.169,2026-09-28T17:51:08+00:00
25325,-0.049,5.983,"Debove, Quentin",-0.692,0.003,-0.122,-0.361,-1.173,2026-09-28T17:51:08+00:00
13470,-0.047,-6.92,"Kizzire, Patton",-0.356,0.146,-0.791,-0.174,-1.174,2026-09-28T17:51:08+00:00
19844,0.03,-11.155,"Kaewkanjana, Sadom",-0.497,-0.169,-0.368,-0.141,-1.175,2026-09-28T17:51:08+00:00
17032,-0.06,8.794,"Tosti, Alejandro",-0.602,-0.097,0.034,-0.52,-1.185,2026-09-28T17:51:08+00:00
28270,-0.094,-6.28,"Dunlap, Nick",-0.233,0.1,-1.113,0.044,-1.202,2026-09-28T17:51:08+00:00
16475,-0.068,3.622,"Forrest, Grant",-0.737,-0.097,-0.31,-0.059,-1.203,2026-09-28T17:51:08+00:00
19908,0.003,-10.795,"Young, Daniel",-0.585,-0.021,-0.384,-0.215,-1.205,2026-09-28T17:51:08+00:00
27597,-0.024,-1.475,"Ogletree, Andy",-0.802,-0.15,-0.33,0.076,-1.206,2026-09-28T17:51:08+00:00
14013,-0.035,-9.015,"Tringale, Cameron",-0.171,-0.002,-0.884,-0.155,-1.212,2026-09-28T17:51:08+00:00
11619,-0.072,1.146,"Bjerregaard, Lucas",-0.489,0.02,-0.596,-0.148,-1.214,2026-09-28T17:51:08+00:00
23892,0.072,-2.366,"Gumberg, Jordan",-0.586,-0.375,0.362,-0.616,-1.215,2026-09-28T17:51:08+00:00
16549,-0.059,-2.569,"Paratore, Renato",-0.76,-0.017,-0.535,0.093,-1.219,2026-09-28T17:51:08+00:00
20519,-0.076,2.855,"Tarren, Callum",-0.247,-0.114,-0.456,-0.403,-1.22,2026-09-28T17:51:08+00:00
15274,-0.013,-5.221,"Tabuena, Miguel",-0.68,0.053,-0.388,-0.209,-1.224,2026-09-28T17:51:08+00:00
13497,-0.013,-1.841,"Lee, K.H.",-0.578,-0.075,-0.242,-0.337,-1.232,2026-09-28T17:51:08+00:00
7960,-0.049,5.084,"List, Luke",-0.662,-0.227,-0.106,-0.245,-1.24,2026-09-28T17:51:08+00:00
18244,-0.024,4.23,"Shinkwin, Callum",-0.571,-0.357,0.187,-0.505,-1.246,2026-09-28T17:51:08+00:00
19635,-0.081,8.291,"Cantero Gutierrez, Ivan",-0.809,-0.123,-0.096,-0.229,-1.259,2026-09-28T17:51:08+00:00
11657,0.016,-12.279,"Norlander, Henrik",-0.181,-0.168,-0.554,-0.361,-1.264,2026-09-28T17:51:08+00:00
17786,-0.072,0.299,"Davis, Cam",-0.393,-0.105,-0.664,-0.104,-1.266,2026-09-28T17:51:08+00:00
7532,0.072,-20.753,"Ormsby, Wade",-0.584,-0.087,-0.482,-0.125,-1.278,2026-09-28T17:51:08+00:00
29712,0.007,-3.049,"Vidal, Quim",-0.523,-0.207,-0.136,-0.418,-1.284,2026-09-28T17:51:08+00:00
12637,0.01,-14.3,"Asaji, Yosuke",-0.566,-0.127,-0.651,0.047,-1.298,2026-09-28T17:51:08+00:00
34024,-0.118,1.076,"Adam, Cameron",-0.403,-0.079,-0.774,-0.043,-1.299,2026-09-28T17:51:08+00:00
7049,0.053,-9.331,"Sterne, Richard",-0.566,-0.149,-0.166,-0.433,-1.313,2026-09-28T17:51:08+00:00
12258,-0.021,-5.807,"Garcia Rodriguez, Sebastian",-0.57,-0.082,-0.236,-0.438,-1.325,2026-09-28T17:51:08+00:00
23236,-0.04,-1.137,"Arnaus, Adri",-0.932,-0.179,-0.292,0.073,-1.33,2026-09-28T17:51:08+00:00
15596,-0.005,-6.661,"Cockerill, Aaron",-0.554,-0.174,-0.512,-0.096,-1.336,2026-09-28T17:51:08+00:00
13498,0.016,-10.141,"Lee, Junghwan",-0.837,-0.052,-0.307,-0.147,-1.344,2026-09-28T17:51:08+00:00
20954,0.044,-10.432,"Hirata, Kensei",-0.703,-0.106,-0.336,-0.202,-1.347,2026-09-28T17:51:08+00:00
18524,0.04,-6.811,"Catlin, John",-0.62,-0.179,-0.107,-0.447,-1.353,2026-09-28T17:51:08+00:00
7033,0.024,-16.271,"Molinari, Edoardo",-0.754,0.023,-0.625,-0.002,-1.358,2026-09-28T17:51:08+00:00
8605,-0.066,-1.492,"Jones, Matt",-0.444,-0.164,-0.587,-0.166,-1.36,2026-09-28T17:51:08+00:00
31235,-0.043,10.9,"Repetto Taylor, Rocco",-0.947,-0.187,0.266,-0.494,-1.36,2026-09-28T17:51:08+00:00
5994,0.093,-12.134,"Stenson, Henrik",-0.272,-0.236,-0.112,-0.747,-1.368,2026-09-28T17:51:08+00:00
5768,-0.02,-1.986,"Hoffman, Charley",-0.411,-0.246,-0.203,-0.519,-1.38,2026-09-28T17:51:08+00:00
1547,-0.063,-4.441,"Mickelson, Phil",-0.383,-0.065,-0.657,-0.289,-1.394,2026-09-28T17:51:08+00:00
6950,0.002,-7.478,"Siem, Marcel",-0.739,-0.216,-0.361,-0.086,-1.401,2026-09-28T17:51:08+00:00
22089,-0.012,-3.943,"Syme, Connor",-0.326,-0.277,-0.337,-0.476,-1.416,2026-09-28T17:51:08+00:00
5716,-0.051,-4.63,"Harrington, Padraig",-0.198,0.037,-0.637,-0.619,-1.417,2026-09-28T17:51:08+00:00
9171,-0.063,-12.665,"Villegas, Camilo",-0.492,0.038,-0.998,0.029,-1.424,2026-09-28T17:51:08+00:00
16897,-0.063,-2.832,"Lombard, Zander",-0.884,0.098,-0.584,-0.058,-1.428,2026-09-28T17:51:08+00:00
27762,-0.001,-4.88,"Velo, Kevin",-0.557,-0.155,-0.389,-0.346,-1.448,2026-09-28T17:51:08+00:00
16563,0.018,-10.323,"Lee, Chieh-Po",-0.605,-0.221,-0.412,-0.214,-1.453,2026-09-28T17:51:08+00:00
7679,0.062,-23.725,"Aiken, Thomas",-0.461,-0.137,-0.776,-0.096,-1.47,2026-09-28T17:51:08+00:00
9133,-0.037,-8.999,"Larrazabal, Pablo",-0.789,0.04,-0.638,-0.093,-1.479,2026-09-28T17:51:08+00:00
15115,0.021,-12.606,"Senior, Jack",-0.802,-0.048,-0.518,-0.117,-1.484,2026-09-28T17:51:08+00:00
7887,-0.05,1.585,"Garcia-Heredia, Alfredo",-0.697,-0.343,-0.322,-0.157,-1.52,2026-09-28T17:51:08+00:00
23060,-0.012,-5.183,"Sandhu, Yuvraj Singh",-0.859,-0.084,-0.282,-0.296,-1.521,2026-09-28T17:51:08+00:00
16591,0.044,-9.521,"Rozo, Marcelo",-0.552,-0.345,-0.171,-0.454,-1.523,2026-09-28T17:51:08+00:00
11061,0.044,-18.969,"Morrison, James",-0.899,0.085,-0.59,-0.129,-1.533,2026-09-28T17:51:08+00:00
12337,-0.035,-2.359,"Kokrak, Jason",-0.53,-0.269,-0.471,-0.288,-1.558,2026-09-28T17:51:08+00:00
6893,-0.047,0.859,"Colsaerts, Nicolas",-0.639,-0.268,-0.387,-0.309,-1.602,2026-09-28T17:51:08+00:00
19455,-0.081,1.302,"Pereira, Mito",-0.742,-0.234,-0.597,-0.054,-1.627,2026-09-28T17:51:08+00:00
8117,-0.05,-15.27,"Kaymer, Martin",-0.178,-0.181,-1.149,-0.127,-1.635,2026-09-28T17:51:08+00:00
24343,-0.112,14.13,"Lamprecht, Christo",-1.208,-0.06,-0.247,-0.131,-1.646,2026-09-28T17:51:08+00:00
7452,0.042,-19.18,"Na, Kevin",-0.531,-0.023,-0.747,-0.357,-1.658,2026-09-28T17:51:08+00:00
25614,-0.031,-7.856,"Biondi, Fred",-0.771,-0.147,-0.543,-0.199,-1.659,2026-09-28T17:51:08+00:00
17718,-0.029,-2.587,"Sordet, Clement",-0.856,-0.09,-0.52,-0.194,-1.66,2026-09-28T17:51:08+00:00
31165,-0.109,3.586,"Townsend, Hugo",-0.939,0.041,-0.631,-0.137,-1.665,2026-09-28T17:51:08+00:00
17081,0.005,-10.101,"Sharma, Shubhankar",-0.779,-0.309,-0.557,-0.04,-1.685,2026-09-28T17:51:08+00:00
27379,-0.061,-3.699,"Buchanan, Jack",-0.912,-0.002,-0.676,-0.099,-1.689,2026-09-28T17:51:08+00:00
25213,-0.059,-11.69,"Wu, Brandon",-0.571,-0.038,-1.03,-0.054,-1.693,2026-09-28T17:51:08+00:00
30428,-0.078,6.864,"Masaveu, Luis",-0.833,-0.221,-0.45,-0.223,-1.726,2026-09-28T17:51:08+00:00
10886,-0.029,-10.065,"Harding, Justin",-0.892,-0.011,-0.824,-0.003,-1.73,2026-09-28T17:51:08+00:00
22220,-0.014,-2.573,"Charmasson, Clement",-1.054,-0.283,-0.192,-0.202,-1.731,2026-09-28T17:51:08+00:00
19224,-0.051,-6.7,"Micheluzzi, David",-1.273,0.21,-0.694,0.024,-1.733,2026-09-28T17:51:08+00:00
18900,-0.083,2.263,"Quayle, Anthony",-0.911,-0.327,-0.548,0.04,-1.745,2026-09-28T17:51:08+00:00
19898,-0.066,-9.371,"Paul, Yannik",-0.792,-0.005,-1.135,0.169,-1.764,2026-09-28T17:51:08+00:00
5754,0.076,-20.524,"Fichardt, Darren",-0.707,-0.172,-0.493,-0.441,-1.814,2026-09-28T17:51:08+00:00
12213,0.009,-13.955,"Hebert, Benjamin",-0.53,-0.101,-0.77,-0.427,-1.828,2026-09-28T17:51:08+00:00
13344,0.028,-10.535,"Baldwin, Matthew",-0.795,-0.329,-0.257,-0.525,-1.906,2026-09-28T17:51:08+00:00
14373,0.054,-27.991,"Campbell, Ben",-0.802,-0.115,-1.024,0.03,-1.912,2026-09-28T17:51:08+00:00
15169,-0.084,-0.749,"Peake, Ryan",-0.666,-0.049,-0.611,-0.631,-1.956,2026-09-28T17:51:08+00:00
15211,-0.051,-5.089,"Follet-Smith, Benjamin",-0.627,-0.354,-0.753,-0.225,-1.96,2026-09-28T17:51:08+00:00
22496,-0.01,-9.35,"Yule, Jack",-0.795,-0.182,-0.532,-0.454,-1.962,2026-09-28T17:51:08+00:00
19806,-0.014,-3.533,"Forsstrom, Simon",-0.968,-0.332,-0.305,-0.416,-2.021,2026-09-28T17:51:08+00:00
25273,-0.061,1.745,"Toorop, Mike",-1.271,-0.286,-0.369,-0.116,-2.042,2026-09-28T17:51:08+00:00
13731,-0.055,-3.683,"Strydom, Ockie",-0.872,-0.227,-0.611,-0.354,-2.064,2026-09-28T17:51:08+00:00
23502,-0.073,-2.499,"Thornberry, Braden",-1.081,-0.118,-0.891,-0.049,-2.14,2026-09-28T17:51:08+00:00
20780,-0.043,-12.433,"Kim, Minkyu",-1.036,0.05,-1.025,-0.158,-2.17,2026-09-28T17:51:08+00:00
13821,-0.034,-10.838,"Whitnell, Dale",-0.742,-0.265,-0.774,-0.415,-2.196,2026-09-28T17:51:08+00:00
19429,-0.04,-6.125,"Naidoo, Dylan",-1.277,-0.083,-0.602,-0.239,-2.202,2026-09-28T17:51:08+00:00
7548,-0.003,-18.203,"McDowell, Graeme",-0.462,-0.196,-1.003,-0.571,-2.232,2026-09-28T17:51:08+00:00
19866,-0.078,-2.664,"Horsfield, Sam",-0.987,-0.49,-0.868,0.034,-2.31,2026-09-28T17:51:08+00:00
24093,-0.061,4.538,"Williams, Robin",-1.137,-0.282,-0.523,-0.368,-2.31,2026-09-28T17:51:08+00:00
24660,-0.053,-21.262,"Kjettrup, Frederik",-0.363,-0.268,-1.692,-0.013,-2.337,2026-09-28T17:51:08+00:00
32449,-0.087,2.796,"Johnston, Ryggs",-1.144,-0.32,-0.573,-0.301,-2.339,2026-09-28T17:51:08+00:00
24172,-0.046,-9.887,"McKinney, Connor",-1.183,-0.16,-0.966,-0.041,-2.351,2026-09-28T17:51:08+00:00
26213,-0.11,-0.812,"Ko, Jeong Weon",-1.307,-0.246,-0.927,0.127,-2.353,2026-09-28T17:51:08+00:00
31520,-0.032,-8.44,"Berry, Joshua",-1.324,-0.386,-0.69,0.029,-2.371,2026-09-28T17:51:08+00:00
19899,-0.065,-1.97,"Rottluff, Max",-1.238,-0.249,-0.833,-0.145,-2.465,2026-09-28T17:51:08+00:00
15016,-0.004,-15.686,"Schwab, Matthias",-1.035,-0.041,-1.067,-0.418,-2.561,2026-09-28T17:51:08+00:00
21412,-0.142,-7.162,"Capan III, Frankie",-1.501,0.119,-1.666,0.306,-2.741,2026-09-28T17:51:08+00:00
12530,-0.041,-12.08,"Green, Gavin",-1.354,-0.333,-1.179,0.104,-2.762,2026-09-28T17:51:08+00:00
12317,0.029,-13.255,"Kieffer, Max",-1.352,-0.238,-0.662,-0.537,-2.789,2026-09-28T17:51:08+00:00
7820,-0.011,-8.998,"Palmer, Ryan",-1.713,-0.182,-0.652,-0.464,-3.012,2026-09-28T17:51:08+00:00
27815,-0.042,-1.371,"Moscatel, Joel",-1.645,-0.605,-0.639,-0.369,-3.257,2026-09-28T17:51:08+00:00
18241,-0.156,-11.633,"Gavins, Daniel",-1.433,-0.012,-2.092,-0.078,-3.615,2026-09-28T17:51:08+00:00
